year,team_id,league_id,sub_league_id,level_id,split_id,position,g,gs,tc,a,po,e,dp,tp,pb,sba,rto,er,ip,ipf,pct,range,rtop,cera,zr,plays,plays_base,roe,eff,opps_0,opps_made_0,opps_1,opps_made_1,opps_2,opps_made_2,opps_3,opps_made_3,opps_4,opps_made_4,opps_5,opps_made_5
2018,5,100,0,1,0,0,2430,21866,91355,24510,65341,1504,2406,0,170,1227,319,0,196333,1,0.9835,4.1188,0.2600,0.0000,-407.9292,41583,41065,1231,0.9826,31524,29176,7959,5794,4824,2358,3685,1131,3088,367,8305,0
2018,23,100,1,1,0,0,2432,21888,91621,24504,65528,1589,2361,0,176,1317,370,0,196848,0,0.9827,4.1163,0.2809,0.0000,-432.8832,41306,40849,1277,0.9799,31351,28985,7904,5739,4691,2288,3673,1187,3136,381,8241,0
2019,5,100,0,1,0,0,2430,21870,91021,24414,65093,1514,2391,1,175,1222,286,0,195576,0,0.9834,4.1189,0.2340,0.0000,-411.2448,41719,41321,1213,0.9803,31923,29595,8054,5801,4804,2407,3690,1165,3353,416,8583,0
2019,23,100,1,1,0,0,2430,21870,91300,24624,65092,1584,2330,1,179,1483,359,0,195579,0,0.9827,4.1285,0.2421,0.0000,-388.3152,41510,40984,1229,0.9828,31559,29215,7915,5763,4793,2334,3709,1183,3097,378,8381,0
2020,5,100,0,1,0,0,2430,21870,91195,24392,65363,1440,2327,0,188,1342,336,0,196425,0,0.9842,4.1125,0.2504,0.0000,-512.1864,41845,41547,1159,0.9793,32133,29780,8104,5789,4896,2295,3719,1123,3251,386,8580,0
2020,23,100,1,1,0,0,2432,21888,91577,24572,65465,1540,2239,0,176,1480,362,0,196668,0,0.9832,4.1203,0.2446,0.0000,-378.8520,41393,40929,1240,0.9810,31667,29402,7849,5698,4699,2282,3614,1191,3177,395,8357,0
2021,5,100,0,1,0,0,2430,21870,91152,24376,65254,1522,2312,2,167,1450,364,0,196119,0,0.9833,4.1132,0.2510,0.0000,-527.7684,41428,41142,1198,0.9778,31839,29471,8024,5734,4809,2240,3723,1141,3231,403,8460,0
2021,23,100,1,1,0,0,2432,21888,91072,24533,65052,1487,2226,2,187,1564,401,0,195486,0,0.9837,4.1244,0.2564,0.0000,-309.3768,41340,40716,1165,0.9867,31593,29275,7901,5797,4863,2368,3653,1218,3157,365,8363,0
2022,5,100,0,1,0,0,2432,21888,90704,24194,65015,1495,2256,1,197,1516,383,0,195384,0,0.9835,4.1092,0.2526,0.0000,-586.8012,41378,41268,1179,0.9741,31799,29489,8113,5809,4856,2236,3586,1050,3227,383,8207,0
2022,23,100,1,1,0,0,2430,21870,91013,24393,65126,1494,2130,1,161,1665,408,0,195669,0,0.9836,4.1175,0.2450,0.0000,-369.9396,41621,41151,1159,0.9833,31872,29589,7986,5821,4745,2313,3676,1136,3128,382,8357,0
2023,5,100,0,1,0,0,2430,21870,91322,24735,65086,1501,2291,0,179,1654,387,0,195540,0,0.9836,4.1341,0.2340,0.0000,-625.1568,41582,41504,1182,0.9734,32027,29687,8031,5674,4797,2168,3689,1107,3287,395,8594,0
2023,23,100,1,1,0,0,2432,21888,91006,24323,65095,1588,2146,0,173,1662,465,0,195588,0,0.9826,4.1146,0.2798,0.0000,-456.7236,41640,41308,1217,0.9786,32011,29634,8000,5810,4931,2427,3708,1135,3069,379,8616,0
2024,5,100,0,1,0,0,2430,21870,91571,24785,65305,1481,2130,1,192,1700,411,0,196197,0,0.9838,4.1326,0.2418,0.0000,-527.9544,41964,41765,1167,0.9768,32400,29997,7963,5756,4985,2322,3588,1138,3160,365,8265,0
2024,23,100,1,1,0,0,2430,21870,91628,24725,65455,1448,2188,0,167,1860,497,0,196638,0,0.9842,4.1275,0.2672,0.0000,-496.1232,42160,41898,1128,0.9793,32538,30109,8241,5921,4924,2319,3724,1152,3389,446,8653,0
2025,5,100,0,1,0,0,2430,21870,91833,25118,65191,1524,2197,0,160,1582,438,0,195816,0,0.9834,4.1507,0.2769,0.0000,-710.3556,42204,42225,1226,0.9705,32294,29865,8460,5973,5061,2307,3895,1118,3326,388,8689,0
2025,23,100,1,1,0,0,2432,21888,91467,24595,65334,1538,2062,3,129,1775,484,0,196311,0,0.9832,4.1229,0.2727,0.0000,-578.5104,42267,42054,1217,0.9761,32659,30149,8114,5829,5028,2384,3768,1136,3209,377,8419,0
2026,5,100,0,1,0,0,2430,21870,91939,25069,65325,1545,2293,1,173,1451,403,0,196281,0,0.9832,4.1448,0.2777,0.0000,-703.0176,42160,42230,1210,0.9697,32535,30105,8241,5841,4989,2293,3828,1103,3331,379,8625,0
2026,23,100,1,1,0,0,2430,21870,91536,24848,65235,1453,2174,2,155,1674,426,0,196002,0,0.9841,4.1364,0.2545,0.0000,-610.8444,42432,42386,1124,0.9746,32805,30395,8298,5827,5103,2369,3898,1192,3309,414,8677,0
2027,5,100,0,1,0,0,2432,21888,91792,24986,65297,1509,2293,1,175,1684,460,0,196221,0,0.9836,4.1410,0.2732,0.0000,-782.7828,42315,42482,1192,0.9680,32629,30171,8433,5875,5157,2309,4000,1156,3376,387,8786,0
2027,23,100,1,1,0,0,2430,21870,91619,24950,65266,1403,2252,0,154,1697,439,0,196155,0,0.9847,4.1393,0.2587,0.0000,-582.2088,42269,42191,1082,0.9762,32613,30173,8443,6071,4883,2222,3871,1162,3367,406,8833,0
2028,5,100,0,1,0,0,2430,21870,91225,24066,65765,1394,1990,0,214,1505,419,0,197307,0,0.9847,4.0976,0.2784,0.0000,-427.2252,43050,43246,1127,0.9694,33731,31411,8320,6158,4676,2428,3332,1124,2804,423,7078,0
2028,23,100,1,1,0,0,2430,21870,91135,24114,65659,1362,2008,0,194,1634,445,0,196980,0,0.9851,4.1017,0.2723,0.0000,-276.4956,42818,42829,1052,0.9752,33597,31333,8013,5977,4544,2430,3314,1183,2731,429,6920,0
2029,5,100,0,1,0,0,2430,21870,89126,22625,65173,1328,1817,2,223,1579,447,0,195531,0,0.9851,4.0412,0.2831,0.0000,-482.7180,40020,40147,1007,0.9718,31303,29216,7755,5511,4710,2298,3462,1083,2915,398,7839,0
2029,23,100,1,1,0,0,2432,21888,89192,22527,65282,1383,1835,1,220,1806,477,0,195858,0,0.9845,4.0350,0.2641,0.0000,-427.5576,40162,40133,1038,0.9749,31597,29423,7761,5638,4605,2216,3246,1048,2955,421,7419,0
2030,5,100,0,1,0,0,2430,21870,88473,21908,65144,1421,1832,0,189,1657,451,0,195435,0,0.9839,4.0088,0.2722,0.0000,-576.8244,39001,39095,1091,0.9697,30688,28443,7733,5546,4645,2194,3355,1020,2807,371,7222,0
2030,23,100,1,1,0,0,2430,21870,89223,22526,65363,1334,1998,1,178,1927,486,0,196104,0,0.9850,4.0336,0.2522,0.0000,-531.4380,39512,39567,1014,0.9730,31022,28829,7792,5553,4533,2126,3281,1042,2990,364,7438,0
2031,5,100,0,1,0,0,2430,21870,89421,22527,65579,1315,2124,0,178,1670,461,0,196746,0,0.9853,4.0303,0.2760,0.0000,-498.4368,39127,39184,988,0.9733,30552,28469,7701,5477,4719,2231,3369,1023,2908,393,7493,0
2031,23,100,1,1,0,0,2434,21906,89587,22919,65336,1332,2137,1,215,1720,426,0,196017,0,0.9851,4.0522,0.2477,0.0000,-516.2544,40070,40095,1011,0.9742,31528,29261,7798,5577,4669,2239,3475,1068,3001,388,7541,0
2032,5,100,0,1,0,0,2432,21888,89201,22495,65414,1292,1987,2,177,1775,521,0,196251,0,0.9855,4.0315,0.2935,0.0000,-456.6492,39703,39734,1013,0.9737,31188,29013,7781,5619,4687,2265,3374,1078,2995,413,7654,0
2032,23,100,1,1,0,0,2430,21870,88961,22282,65339,1340,1997,1,155,1749,481,0,196026,0,0.9849,4.0229,0.2750,0.0000,-537.0948,39811,39947,994,0.9717,31461,29212,7857,5598,4553,2192,3399,1071,2908,379,7773,0
2033,5,100,0,1,0,0,2430,21870,89217,22627,65245,1345,2128,1,195,1676,460,0,195750,0,0.9849,4.0401,0.2745,0.0000,-560.2560,39618,39685,1036,0.9722,30933,28648,7944,5696,4668,2217,3363,1004,2909,396,7604,0
2033,23,100,1,1,0,0,2432,21888,88918,22234,65416,1268,2039,0,233,1707,475,0,196272,0,0.9857,4.0192,0.2783,0.0000,-449.6376,39587,39561,984,0.9758,30874,28788,7898,5651,4617,2227,3307,1000,2869,385,7477,0
2034,5,100,0,1,0,0,2430,21870,88348,21810,65241,1297,2065,1,197,1559,431,0,195741,0,0.9853,4.0025,0.2765,0.0000,-456.9492,39027,39115,956,0.9733,30481,28422,7777,5597,4484,2132,3410,1062,2743,383,7296,0
2034,23,100,1,1,0,0,2430,21870,88929,22273,65371,1285,1995,0,214,1746,489,0,196116,0,0.9856,4.0221,0.2801,0.0000,-435.1860,39516,39565,983,0.9739,30746,28618,7830,5618,4534,2242,3289,1110,2959,376,7456,0
2018,40,101,0,2,0,0,2160,21600,79669,19827,58556,1286,1993,1,154,1073,275,0,175674,0,0.9839,4.0157,0.2563,0.0000,-359.5008,35683,35566,1032,0.9743,27965,25927,7034,5189,4024,2057,2958,971,2675,358,6499,0
2018,58,101,1,2,0,0,2162,21620,79268,19717,58286,1265,1962,1,166,1064,294,0,174867,0,0.9840,4.0146,0.2763,0.0000,-286.6512,35540,35528,1011,0.9719,27736,25833,6977,5244,3873,2024,3010,1036,2490,351,6567,0
2019,40,101,0,2,0,0,2162,21620,80191,20322,58584,1285,2053,0,167,1139,265,0,175755,0,0.9840,4.0406,0.2327,0.0000,-363.5448,35889,35787,973,0.9757,28170,26113,6933,5121,3956,2015,3039,979,2621,316,6806,0
2019,58,101,1,2,0,0,2160,21600,79423,19766,58380,1277,1999,0,139,1129,326,0,175143,0,0.9839,4.0157,0.2888,0.0000,-356.2224,35257,35250,982,0.9723,27840,25813,6935,5213,3823,1883,2846,939,2514,388,6622,0
2020,40,101,0,2,0,0,2162,21620,79814,19963,58556,1295,1942,2,158,1281,308,0,175692,0,0.9838,4.0222,0.2404,0.0000,-393.0804,35164,35105,1018,0.9727,27754,25714,6797,4962,3900,1963,2940,981,2602,363,6932,0
2020,58,101,1,2,0,0,2164,21640,80378,20027,59003,1348,1914,0,156,1359,367,0,177015,0,0.9832,4.0181,0.2701,0.0000,-356.3676,35959,35973,1046,0.9705,28275,26253,6989,5224,3905,1978,3040,1031,2530,378,6496,0
2021,40,101,0,2,0,0,2162,21620,79732,20034,58393,1305,1929,0,170,1229,316,0,175194,0,0.9836,4.0289,0.2571,0.0000,-454.3200,35615,35682,1033,0.9692,27911,25868,6972,5013,4106,2114,3167,1028,2703,346,6943,0
2021,58,101,1,2,0,0,2162,21620,79702,19793,58647,1262,1845,0,160,1365,378,0,175941,0,0.9842,4.0125,0.2769,0.0000,-377.9712,35418,35441,1003,0.9711,27931,25962,6847,5019,4137,2121,2870,952,2545,347,6503,0
2022,40,101,0,2,0,0,2162,21620,79338,19735,58277,1326,1858,0,169,1215,327,0,174843,0,0.9833,4.0156,0.2691,0.0000,-520.3476,35705,35889,1038,0.9660,28181,26080,7112,5115,4193,2078,3061,961,2705,415,6854,0
2022,58,101,1,2,0,0,2160,21600,79394,19861,58258,1275,1882,1,164,1309,343,0,174780,0,0.9839,4.0226,0.2620,0.0000,-463.6284,35392,35514,986,0.9688,27877,25848,7018,5073,4053,1977,3041,996,2589,385,6688,0
2023,40,101,0,2,0,0,2164,21640,79804,20108,58389,1307,1982,2,131,1269,329,0,175173,0,0.9836,4.0330,0.2593,0.0000,-566.9940,35794,35992,1032,0.9658,28127,25974,7118,5155,4228,2013,3190,1011,2682,349,6945,0
2023,58,101,1,2,0,0,2162,21620,80261,20461,58435,1365,1932,1,163,1406,381,0,175311,0,0.9830,4.0503,0.2710,0.0000,-506.8500,36031,36172,1039,0.9674,28359,26240,7228,5271,4135,2033,3013,955,2699,367,6887,0
2024,40,101,0,2,0,0,2160,21600,79544,20257,57987,1300,2040,1,166,1297,344,0,173982,0,0.9837,4.0475,0.2652,0.0000,-581.1780,35871,36192,996,0.9636,28051,25951,7146,5127,4165,2053,3148,980,2895,359,7392,0
2024,58,101,1,2,0,0,2162,21620,80633,20773,58465,1395,1998,0,146,1477,436,0,175404,0,0.9827,4.0657,0.2952,0.0000,-545.9040,36085,36261,1064,0.9658,28348,26211,7088,5166,4087,1942,3024,1006,2635,328,7089,0
2025,40,101,0,2,0,0,2162,21620,79671,20111,58255,1305,1978,2,152,1178,322,0,174774,0,0.9836,4.0355,0.2733,0.0000,-616.3908,36032,36337,1010,0.9638,28561,26474,7147,5056,4092,1958,3224,978,2833,345,7203,0
2025,58,101,1,2,0,0,2160,21600,80486,20739,58361,1386,2064,0,147,1434,413,0,175092,0,0.9828,4.0659,0.2880,0.0000,-593.1432,36425,36687,1054,0.9641,28754,26603,7205,5117,4083,1970,3119,1015,2670,364,7127,0
2026,40,101,0,2,0,0,2160,21600,79217,20122,57761,1334,1972,2,146,1374,381,0,173292,0,0.9832,4.0449,0.2773,0.0000,-667.7784,35473,35808,1054,0.9612,27942,25778,7068,5074,4186,1960,3251,956,2698,340,7250,0
2026,58,101,1,2,0,0,2160,21600,80084,20785,57886,1413,1997,1,147,1536,425,0,173661,0,0.9824,4.0771,0.2767,0.0000,-687.5892,36519,36945,1088,0.9590,28815,26586,7107,5040,4345,2111,3121,967,2718,369,7183,0
2027,40,101,0,2,0,0,2160,21600,80165,20705,58108,1352,2097,0,173,1383,338,0,174336,0,0.9831,4.0687,0.2444,0.0000,-717.6780,36083,36522,1076,0.9585,28471,26236,7259,5195,4125,1895,3190,973,2854,383,7381,0
2027,58,101,1,2,0,0,2162,21620,79880,20440,58102,1338,2060,0,146,1627,406,0,174327,0,0.9832,4.0549,0.2495,0.0000,-600.8868,36661,37022,1018,0.9628,28789,26730,7230,5159,4261,2022,3178,975,2783,387,7244,0
2028,40,101,0,2,0,0,2160,21600,86282,26413,58119,1750,1752,2,193,924,227,0,174363,0,0.9797,4.3632,0.2457,0.0000,-740.4300,45430,45835,1421,0.9602,34657,32138,8736,6409,5337,2552,3757,1137,3105,422,8189,0
2028,58,101,1,2,0,0,2164,21640,86405,26526,58200,1679,1650,0,199,1081,278,0,174612,0,0.9806,4.3670,0.2572,0.0000,-724.8132,45641,46117,1333,0.9608,35056,32560,8647,6341,5183,2456,3750,1163,3055,401,8134,0
2029,40,101,0,2,0,0,2162,21620,87524,27314,58452,1758,1666,1,220,891,241,0,175377,0,0.9799,4.4013,0.2705,0.0000,-909.0096,45139,45810,1425,0.9542,34077,31540,8558,6175,5231,2412,3899,1134,3092,403,8013,0
2029,58,101,1,2,0,0,2160,21600,87023,27161,58175,1687,1663,0,186,917,236,0,174543,0,0.9806,4.4002,0.2574,0.0000,-739.7508,44967,45512,1313,0.9592,34136,31697,8304,6094,5156,2461,3692,1114,2879,380,7744,0
2030,40,101,0,2,0,0,2162,21620,87967,27902,58267,1798,1807,2,285,899,200,0,174807,0,0.9796,4.4364,0.2225,0.0000,-955.3068,45092,45819,1423,0.9531,34009,31471,8284,5935,5429,2498,3779,1070,3197,400,8048,0
2030,58,101,1,2,0,0,2160,21600,87331,27797,57836,1698,1695,0,239,1032,209,0,173520,0,0.9806,4.4415,0.2025,0.0000,-758.4660,45012,45567,1344,0.9583,34041,31644,8331,6070,5213,2523,3793,1116,3036,371,7745,0
2031,40,101,0,2,0,0,2164,21640,88637,28420,58352,1865,1812,2,162,905,246,0,175062,0,0.9790,4.4610,0.2718,0.0000,-1026.1704,45236,46025,1477,0.9508,33987,31400,8407,6056,5383,2419,3847,1048,3189,395,8033,0
2031,58,101,1,2,0,0,2162,21620,89290,28993,58417,1880,1783,1,218,962,225,0,175257,0,0.9789,4.4888,0.2339,0.0000,-866.5896,45748,46337,1520,0.9545,34290,31851,8526,6229,5305,2502,3768,1047,3003,363,7818,0
2032,40,101,0,2,0,0,2160,21600,88782,28624,58376,1782,1851,0,218,793,199,0,175146,0,0.9799,4.4706,0.2509,0.0000,-976.2864,45235,46104,1418,0.9504,33555,31054,8518,6214,5368,2501,3808,1024,2973,347,7707,0
2032,58,101,1,2,0,0,2160,21600,88682,28794,58059,1829,1803,1,248,889,250,0,174195,0,0.9794,4.4874,0.2812,0.0000,-933.5148,45312,46017,1485,0.9524,34142,31600,8273,5986,5169,2430,3777,1077,3017,363,7594,0
2033,40,101,0,2,0,0,2160,21600,89079,29072,58235,1772,1918,1,242,885,206,0,174726,0,0.9801,4.4971,0.2328,0.0000,-884.8032,45097,45706,1416,0.9557,33614,31182,8231,5966,5355,2472,3783,1048,2898,336,7837,0
2033,58,101,1,2,0,0,2160,21600,89032,29188,58121,1723,1873,2,242,1080,252,0,174366,0,0.9806,4.5065,0.2333,0.0000,-821.2932,45408,46046,1358,0.9567,33733,31367,8317,6071,5325,2458,3828,1097,2918,369,7765,0
2034,40,101,0,2,0,0,2160,21600,88613,28842,58073,1698,1805,1,192,828,207,0,174237,0,0.9808,4.4895,0.2500,0.0000,-852.0540,44944,45537,1385,0.9566,33584,31154,8209,5945,5208,2467,3767,1062,3130,339,7714,0
2034,58,101,1,2,0,0,2162,21620,89491,29347,58384,1760,1824,2,190,900,237,0,175164,0,0.9803,4.5077,0.2633,0.0000,-880.0920,45365,46026,1415,0.9549,33753,31291,8363,6162,5232,2450,3864,1028,3070,346,7712,0
2018,66,102,0,3,0,0,1962,19620,72570,18084,53222,1264,1624,0,131,1442,402,0,159666,0,0.9826,4.0194,0.2788,0.0000,-304.0596,32758,32582,993,0.9749,25903,23988,6219,4614,3625,1855,2737,954,2224,314,5994,0
2018,81,102,1,3,0,0,1960,19600,72349,17755,53389,1205,1635,1,132,1183,357,0,160170,0,0.9833,3.9976,0.3018,0.0000,-229.1208,32245,32128,947,0.9742,25198,23453,6379,4753,3594,1863,2630,1001,2243,329,5841,0
2019,66,102,0,3,0,0,1960,19600,72006,17729,53004,1273,1543,1,155,1464,438,0,159021,0,0.9823,4.0032,0.2992,0.0000,-332.1972,32049,31829,1000,0.9755,25111,23225,6335,4664,3696,1873,2742,907,2295,305,6175,0
2019,81,102,1,3,0,0,1960,19600,72380,17902,53203,1275,1648,1,174,1274,371,0,159612,0,0.9824,4.0094,0.2912,0.0000,-371.2752,32744,32596,994,0.9740,25711,23743,6371,4611,3703,1892,2851,953,2485,356,6586,0
2020,66,102,0,3,0,0,1962,19620,72154,17919,52942,1293,1650,2,146,1478,457,0,158829,0,0.9821,4.0153,0.3092,0.0000,-452.3364,32189,32157,980,0.9705,25355,23402,6257,4457,3846,1916,2844,913,2527,350,6330,0
2020,81,102,1,3,0,0,1960,19600,71975,17938,52778,1259,1641,1,157,1473,402,0,158337,0,0.9825,4.0196,0.2729,0.0000,-488.3736,31908,32009,952,0.9671,25048,23106,6411,4587,3639,1858,2860,885,2452,304,6335,0
2021,66,102,0,3,0,0,1960,19600,72186,17955,52930,1301,1714,0,172,1474,455,0,158802,0,0.9820,4.0174,0.3087,0.0000,-531.5148,31715,31784,981,0.9670,24946,22923,6354,4501,3812,1881,2842,895,2463,337,6110,0
2021,81,102,1,3,0,0,1962,19620,71939,17749,53000,1190,1635,0,171,1399,438,0,159006,0,0.9835,4.0045,0.3131,0.0000,-490.0728,31977,32056,924,0.9687,25277,23347,6375,4568,3661,1714,2810,943,2571,313,6611,0
2022,66,102,0,3,0,0,1960,19600,71934,17920,52791,1223,1768,0,151,1304,381,0,158376,0,0.9830,4.0183,0.2922,0.0000,-579.6504,31720,31842,931,0.9669,24959,22946,6374,4524,3703,1727,2908,845,2446,325,6453,0
2022,81,102,1,3,0,0,1960,19600,71861,17824,52758,1279,1717,0,152,1366,443,0,158283,0,0.9822,4.0133,0.3243,0.0000,-606.1440,31824,31934,1005,0.9651,25027,22959,6287,4418,3819,1819,2871,892,2427,299,6580,0
2023,66,102,0,3,0,0,1960,19600,72099,18108,52789,1202,1786,1,157,1544,484,0,158379,0,0.9833,4.0288,0.3135,0.0000,-584.7900,31809,31923,887,0.9686,25160,23100,6390,4539,3871,1770,2900,860,2542,323,6833,0
2023,81,102,1,3,0,0,1960,19600,72048,18164,52591,1293,1824,1,148,1240,382,0,157782,0,0.9821,4.0359,0.3081,0.0000,-596.2632,31810,31943,988,0.9649,24956,22991,6285,4422,3757,1733,2962,940,2570,277,6867,0
2024,66,102,0,3,0,0,1960,19600,71164,17337,52604,1223,1696,2,175,1369,417,0,157818,0,0.9828,3.9886,0.3046,0.0000,-591.3864,31425,31630,878,0.9658,24911,22920,6447,4527,3787,1759,2873,889,2533,314,6522,0
2024,81,102,1,3,0,0,1962,19620,72451,18394,52732,1325,1857,1,163,1251,404,0,158205,0,0.9817,4.0462,0.3229,0.0000,-692.1264,31905,32155,1049,0.9596,24909,22878,6424,4508,3842,1759,2898,863,2475,290,6754,0
2025,66,102,0,3,0,0,1960,19600,71982,18339,52465,1178,1825,1,159,1491,437,0,157401,0,0.9836,4.0485,0.2931,0.0000,-623.6160,32234,32558,840,0.9642,25157,23200,6739,4720,3958,1836,3094,900,2688,334,6815,0
2025,81,102,1,3,0,0,1962,19620,72030,18218,52643,1169,1760,1,146,1579,454,0,157935,0,0.9838,4.0380,0.2875,0.0000,-538.7184,31790,31962,879,0.9671,24947,23067,6380,4488,3672,1704,2909,893,2433,326,6496,0
2026,66,102,0,3,0,0,1960,19600,71705,18007,52459,1239,1798,0,134,1478,438,0,157386,0,0.9827,4.0295,0.2963,0.0000,-623.0028,32380,32575,949,0.9649,25387,23312,6559,4600,3953,1857,2916,892,2660,345,6854,0
2026,81,102,1,3,0,0,1960,19600,72763,18725,52807,1231,1804,1,160,1808,522,0,158448,0,0.9831,4.0631,0.2887,0.0000,-594.9288,32584,32763,922,0.9664,25448,23457,6605,4607,3889,1832,2999,906,2616,331,6652,0
2027,66,102,0,3,0,0,1960,19600,72583,18572,52746,1265,1866,0,157,1712,482,0,158244,0,0.9826,4.0562,0.2815,0.0000,-595.4424,32927,33022,932,0.9689,25889,23798,6731,4783,4106,1876,3076,912,2574,324,6910,0
2027,81,102,1,3,0,0,1960,19600,71888,18281,52391,1216,1686,2,151,1953,501,0,157185,0,0.9831,4.0465,0.2565,0.0000,-584.4000,32342,32518,898,0.9670,25312,23311,6506,4591,3844,1799,2932,853,2556,339,6669,0
2028,66,102,0,3,0,0,1960,19600,78103,23838,52755,1510,1658,5,187,865,249,0,158280,0,0.9807,4.3552,0.2879,0.0000,-682.5372,40960,41336,1199,0.9619,31246,28917,7919,5785,4715,2202,3423,1040,2911,398,7081,0
2028,81,102,1,3,0,0,1960,19600,77997,23741,52779,1477,1491,0,182,939,250,0,158343,0,0.9811,4.3493,0.2662,0.0000,-504.2388,41022,41177,1160,0.9681,31150,29026,7774,5708,4673,2288,3378,1063,2764,345,7266,0
2029,66,102,0,3,0,0,1960,19600,79557,24972,52956,1629,1506,1,213,835,192,0,158874,0,0.9795,4.4145,0.2299,0.0000,-684.3324,41453,41702,1322,0.9623,31292,28958,7762,5649,4826,2290,3467,1044,2875,380,7373,0
2029,81,102,1,3,0,0,1968,19680,79381,24697,53079,1605,1352,3,193,880,226,0,159249,0,0.9798,4.3955,0.2568,0.0000,-574.0188,41430,41600,1255,0.9657,31177,28902,7686,5635,4813,2375,3539,1115,2843,358,7471,0
2030,66,102,0,3,0,0,1962,19620,80247,25387,53153,1707,1524,2,195,777,175,0,159465,0,0.9787,4.4327,0.2252,0.0000,-833.6844,41231,41737,1356,0.9554,30884,28557,7738,5632,4897,2304,3529,923,2832,340,7217,0
2030,81,102,1,3,0,0,1962,19620,80492,25427,53436,1629,1429,3,204,755,209,0,160317,0,0.9798,4.4273,0.2768,0.0000,-613.5276,41380,41508,1293,0.9658,31244,28975,7657,5583,4661,2235,3403,1058,2709,317,7292,0
2031,66,102,0,3,0,0,1962,19620,80461,25825,52973,1663,1465,0,202,920,214,0,158931,0,0.9793,4.4622,0.2326,0.0000,-779.1252,41385,41857,1332,0.9569,30821,28568,7857,5684,4773,2283,3330,906,2804,354,7009,0
2031,81,102,1,3,0,0,1962,19620,80433,25954,52925,1554,1468,0,178,812,215,0,158784,0,0.9807,4.4709,0.2648,0.0000,-579.4668,41316,41529,1253,0.9647,30841,28660,7526,5548,4857,2356,3530,1077,2679,332,7057,0
2032,66,102,0,3,0,0,1962,19620,80825,26164,53000,1661,1617,0,223,851,195,0,159015,0,0.9794,4.4806,0.2291,0.0000,-849.5916,41007,41520,1317,0.9559,30618,28281,7555,5493,4808,2145,3541,1017,2838,305,7199,0
2032,81,102,1,3,0,0,1960,19600,80390,25895,52833,1662,1469,0,242,820,227,0,158508,0,0.9793,4.4701,0.2768,0.0000,-701.9388,40883,41159,1324,0.9611,30308,28073,7596,5555,4801,2277,3323,950,2784,322,7145,0
2033,66,102,0,3,0,0,1960,19600,80745,26051,52972,1722,1507,2,224,752,181,0,158922,0,0.9787,4.4752,0.2407,0.0000,-747.2160,41411,41719,1414,0.9587,30822,28517,7626,5603,4837,2313,3442,953,2781,319,7070,0
2033,81,102,1,3,0,0,1960,19600,81653,26613,53391,1649,1604,2,187,838,203,0,160179,0,0.9798,4.4952,0.2422,0.0000,-686.4480,42070,42294,1330,0.9633,31148,28915,7811,5719,4859,2264,3561,995,2786,335,7300,0
2034,66,102,0,3,0,0,1960,19600,80845,26473,52726,1646,1611,0,212,788,200,0,158193,0,0.9796,4.5058,0.2538,0.0000,-834.0984,40985,41504,1326,0.9555,30409,28167,7615,5502,4789,2176,3437,939,2767,328,6996,0
2034,81,102,1,3,0,0,1962,19620,81304,26486,53169,1649,1695,0,195,865,215,0,159519,0,0.9797,4.4941,0.2486,0.0000,-702.6108,41390,41676,1355,0.9606,30622,28374,7606,5527,4856,2373,3479,990,2743,319,7009,0
2018,98,103,0,4,0,0,1960,19600,72731,18525,52934,1272,1750,0,160,1333,391,0,158805,0,0.9825,4.0498,0.2933,0.0000,-384.5712,34028,33959,983,0.9731,26645,24615,6864,4990,3739,1871,2889,1000,2512,387,6368,0
2018,112,103,1,4,0,0,1960,19600,72992,18778,52808,1406,1761,2,157,1272,382,0,158433,0,0.9807,4.0665,0.3003,0.0000,-478.6812,34115,34121,1106,0.9674,26671,24585,6719,4879,3813,1911,2958,983,2626,371,6611,0
2019,98,103,0,4,0,0,1960,19600,72296,18354,52529,1413,1593,2,150,1552,488,0,157596,0,0.9805,4.0480,0.3144,0.0000,-568.1532,33592,33591,1096,0.9674,26433,24264,6886,4961,3881,1824,3009,968,2629,343,6759,0
2019,112,103,1,4,0,0,1962,19620,72543,18382,52863,1298,1680,1,138,1431,421,0,158607,0,0.9821,4.0427,0.2942,0.0000,-462.7152,33450,33399,1000,0.9716,26279,24211,6684,4856,3897,1918,2945,959,2484,302,6852,0
2020,98,103,0,4,0,0,1960,19600,72759,18157,53308,1294,1662,0,156,1410,450,0,159930,0,0.9822,4.0217,0.3191,0.0000,-589.1748,33153,33249,948,0.9686,26331,24191,6746,4760,3884,1816,3015,928,2654,348,6859,0
2020,112,103,1,4,0,0,1960,19600,72259,18105,52924,1230,1756,1,155,1348,455,0,158781,0,0.9830,4.0261,0.3375,0.0000,-588.8352,33126,33228,941,0.9686,26146,24008,6854,4806,3918,1829,3008,967,2766,365,7025,0
2021,98,103,0,4,0,0,1964,19640,71718,17696,52642,1380,1697,1,164,1287,422,0,157938,0,0.9808,4.0082,0.3279,0.0000,-757.4376,32290,32591,1062,0.9582,25609,23432,6654,4658,3893,1767,2991,886,2580,296,7031,0
2021,112,103,1,4,0,0,1962,19620,71904,17770,52835,1299,1727,4,143,1193,418,0,158514,0,0.9819,4.0088,0.3504,0.0000,-698.8836,32436,32720,971,0.9616,25734,23590,6635,4597,3859,1794,3100,939,2745,337,7154,0
2022,98,103,0,4,0,0,1960,19600,71309,17648,52305,1356,1732,2,148,1420,454,0,156918,0,0.9810,4.0121,0.3197,0.0000,-730.6224,32370,32587,1026,0.9619,25509,23340,6802,4805,3858,1694,3185,936,2711,293,7262,0
2022,112,103,1,4,0,0,1960,19600,72152,18146,52662,1344,1764,4,156,1272,420,0,158004,0,0.9814,4.0333,0.3302,0.0000,-727.9500,32623,32761,1008,0.9650,25705,23558,6793,4708,4026,1761,2952,853,2779,312,7163,0
2023,98,103,0,4,0,0,1960,19600,71300,17532,52494,1274,1701,0,149,1366,433,0,157497,0,0.9821,4.0016,0.3170,0.0000,-663.4356,31875,32014,932,0.9665,25381,23290,6566,4546,3866,1745,3027,879,2772,333,7174,0
2023,112,103,1,4,0,0,1960,19600,71914,18190,52472,1252,1807,1,128,1505,503,0,157431,0,0.9826,4.0396,0.3342,0.0000,-650.1960,32067,32131,944,0.9686,25282,23207,6609,4541,3914,1742,3049,910,2783,343,7344,0
2024,98,103,0,4,0,0,1960,19600,71966,18076,52521,1369,1785,1,134,1485,445,0,157575,0,0.9810,4.0322,0.2997,0.0000,-728.3976,32527,32737,1016,0.9626,25636,23509,6755,4638,4057,1800,3113,920,2828,370,7385,0
2024,112,103,1,4,0,0,1960,19600,71946,18128,52557,1261,1758,1,160,1625,512,0,157677,0,0.9825,4.0346,0.3151,0.0000,-601.9344,32225,32284,908,0.9700,25442,23397,6631,4691,3942,1757,3003,865,2787,324,7355,0
2025,98,103,0,4,0,0,1980,19800,72537,18281,52879,1377,1640,1,126,1669,493,0,158643,0,0.9810,4.0370,0.2954,0.0000,-694.6260,33070,33173,1018,0.9662,26181,23969,7012,4928,4022,1799,3047,905,2742,310,7548,0
2025,112,103,1,4,0,0,1964,19640,71748,17970,52534,1244,1817,2,146,1689,482,0,157623,0,0.9827,4.0257,0.2854,0.0000,-670.6236,32304,32398,913,0.9689,25389,23364,6670,4516,4107,1855,3135,908,2785,296,7608,0
2026,98,103,0,4,0,0,1960,19600,71864,17961,52648,1255,1597,2,141,1616,487,0,157953,0,0.9825,4.0232,0.3014,0.0000,-599.0100,32370,32395,941,0.9702,25583,23517,6604,4597,3992,1808,2963,928,2744,317,7213,0
2026,112,103,1,4,0,0,1962,19620,72111,18427,52394,1290,1651,2,146,1846,534,0,157185,0,0.9821,4.0550,0.2893,0.0000,-563.6292,32539,32462,943,0.9733,25520,23494,6669,4643,4094,1873,3054,912,2660,317,7132,0
2027,98,103,0,4,0,0,1960,19600,71901,18182,52430,1289,1691,1,154,1709,513,0,157290,0,0.9821,4.0404,0.3002,0.0000,-688.0092,32435,32542,997,0.9661,25641,23556,6669,4606,4013,1774,3058,888,2754,323,7395,0
2027,112,103,1,4,0,0,1960,19600,72261,18563,52389,1309,1803,3,150,1699,555,0,157179,0,0.9819,4.0627,0.3267,0.0000,-700.8948,32922,33020,973,0.9676,25829,23704,6993,4830,4168,1822,3195,925,2833,330,7557,0
2028,98,103,0,4,0,0,1960,19600,77696,23271,52838,1587,1526,0,170,911,229,0,158532,0,0.9796,4.3208,0.2514,0.0000,-713.6436,40787,41099,1276,0.9614,31244,28936,7873,5677,4674,2206,3302,994,2856,346,7498,0
2028,112,103,1,4,0,0,1960,19600,77962,23849,52587,1526,1566,2,186,969,235,0,157785,0,0.9804,4.3599,0.2425,0.0000,-489.1356,40873,40828,1176,0.9723,31266,29036,7622,5516,4775,2346,3411,1064,2916,405,7618,0
2029,98,103,0,4,0,0,1960,19600,78660,24449,52555,1656,1400,0,227,848,189,0,157683,0,0.9789,4.3951,0.2229,0.0000,-675.9240,41132,41441,1304,0.9611,30870,28491,7628,5632,4714,2288,3362,1026,2818,366,7161,0
2029,112,103,1,4,0,0,1960,19600,78738,24596,52545,1597,1398,0,203,925,242,0,157647,0,0.9797,4.4039,0.2616,0.0000,-703.4064,40997,41345,1217,0.9621,31172,28899,7733,5518,4694,2225,3476,1042,2853,366,7591,0
2030,98,103,0,4,0,0,1960,19600,79532,25056,52807,1669,1371,1,212,830,218,0,158433,0,0.9790,4.4231,0.2627,0.0000,-690.9720,41259,41528,1354,0.9609,30959,28680,7743,5613,4695,2210,3453,1057,2895,394,7144,0
2030,112,103,1,4,0,0,1962,19620,79250,24810,52809,1631,1360,1,232,910,240,0,158439,0,0.9794,4.4091,0.2637,0.0000,-728.7204,40870,41260,1303,0.9590,30741,28462,7607,5522,4799,2221,3368,1042,2718,356,7179,0
2031,98,103,0,4,0,0,1960,19600,79999,25632,52605,1762,1459,1,231,729,162,0,157824,0,0.9780,4.4615,0.2222,0.0000,-795.2892,41191,41601,1450,0.9553,30745,28394,7593,5519,4803,2333,3330,953,2688,332,6874,0
2031,112,103,1,4,0,0,1960,19600,80337,25934,52742,1661,1421,1,199,795,193,0,158235,0,0.9793,4.4749,0.2428,0.0000,-651.6336,40916,41150,1330,0.9620,30674,28458,7291,5379,4725,2255,3479,1023,2612,296,7020,0
2032,98,103,0,4,0,0,1960,19600,80963,26123,53023,1817,1472,0,214,815,206,0,159084,0,0.9776,4.4776,0.2528,0.0000,-815.5548,41430,41807,1438,0.9566,30787,28441,7614,5529,4781,2255,3491,981,2849,313,7224,0
2032,112,103,1,4,0,0,1960,19600,81083,26457,52940,1686,1510,1,259,867,208,0,158826,0,0.9792,4.4991,0.2399,0.0000,-649.6128,41507,41559,1366,0.9659,30637,28383,7685,5589,4787,2272,3415,1000,2687,310,7315,0
2033,98,103,0,4,0,0,1960,19600,81070,26404,52964,1702,1477,1,176,817,208,0,158904,0,0.9790,4.4952,0.2546,0.0000,-693.7284,41631,41839,1386,0.9619,30873,28526,7532,5537,4906,2348,3531,1045,2712,327,7195,0
2033,112,103,1,4,0,0,1960,19600,80885,26186,52992,1707,1425,1,182,855,245,0,158988,0,0.9789,4.4821,0.2865,0.0000,-737.2572,40865,41130,1370,0.9602,30478,28200,7410,5409,4750,2236,3325,927,2681,309,6979,0
2034,98,103,0,4,0,0,1960,19600,81212,26703,52726,1783,1536,0,218,849,215,0,158193,0,0.9780,4.5189,0.2532,0.0000,-688.5324,42039,42275,1427,0.9607,30744,28419,7733,5767,4933,2388,3519,1000,2833,346,7134,0
2034,112,103,1,4,0,0,1962,19620,81528,26784,53064,1680,1456,0,243,884,207,0,159195,0,0.9794,4.5142,0.2342,0.0000,-600.8004,41626,41731,1351,0.9651,30649,28410,7526,5542,4832,2371,3391,977,2680,363,6861,0
2018,135,104,0,5,0,0,1064,10640,39401,9982,28629,790,916,1,76,678,213,0,85893,0,0.9799,4.0457,0.3142,0.0000,-347.1096,18376,18576,619,0.9559,14604,13476,3620,2610,2004,964,1610,509,1354,192,3502,0
2018,149,104,1,5,0,0,1066,10660,39919,10146,29000,773,871,0,79,705,226,0,87003,0,0.9806,4.0494,0.3206,0.0000,-281.6004,18773,18884,605,0.9621,14832,13739,3666,2693,2070,993,1643,553,1283,173,3392,0
2019,135,104,0,5,0,0,1064,10640,39254,9911,28554,789,865,0,80,641,217,0,85665,0,0.9799,4.0411,0.3385,0.0000,-465.4008,18086,18408,603,0.9498,14526,13310,3740,2563,2139,1000,1666,502,1435,193,3764,0
2019,149,104,1,5,0,0,1066,10660,39187,9843,28606,738,913,0,71,565,191,0,85824,0,0.9812,4.0320,0.3381,0.0000,-366.9012,18308,18501,577,0.9584,14662,13481,3629,2620,2074,957,1582,492,1426,183,3571,0
2020,135,104,0,5,0,0,1064,10640,39130,9870,28399,861,924,2,77,600,196,0,85200,0,0.9780,4.0425,0.3267,0.0000,-532.1556,18169,18469,676,0.9472,14555,13281,3713,2573,2218,973,1656,452,1517,170,3908,0
2020,149,104,1,5,0,0,1064,10640,38862,9659,28421,782,829,0,85,601,232,0,85266,0,0.9799,4.0194,0.3860,0.0000,-403.7772,18319,18545,586,0.9562,14549,13339,3790,2648,2167,1021,1724,559,1485,186,3888,0
2021,135,104,0,5,0,0,1080,10800,39865,9896,29206,763,899,0,82,630,198,0,87618,0,0.9809,4.0165,0.3143,0.0000,-395.4708,18275,18427,571,0.9608,14565,13423,3749,2582,2218,1013,1718,502,1513,183,3884,0
2021,149,104,1,5,0,0,1064,10640,38713,9537,28372,804,869,1,110,755,269,0,85128,0,0.9792,4.0079,0.3563,0.0000,-452.9100,17650,17847,631,0.9536,14079,12805,3671,2602,2076,949,1625,480,1409,157,3802,0
2022,135,104,0,5,0,0,1064,10640,39110,9857,28481,772,909,0,69,661,237,0,85452,0,0.9803,4.0378,0.3585,0.0000,-391.9848,18070,18184,585,0.9616,14299,13125,3787,2646,2216,1009,1706,500,1534,185,4054,0
2022,149,104,1,5,0,0,1066,10660,39222,9802,28648,772,882,0,68,756,259,0,85944,0,0.9803,4.0265,0.3426,0.0000,-451.2240,17789,17951,588,0.9582,14182,12959,3714,2541,2167,986,1664,467,1473,159,3926,0
2023,135,104,0,5,0,0,1064,10640,39203,9897,28539,767,940,0,84,862,278,0,85620,0,0.9804,4.0402,0.3225,0.0000,-449.5452,17979,18102,581,0.9611,14201,12987,3712,2524,2287,991,1720,473,1553,195,4137,0
2023,149,104,1,5,0,0,1068,10680,39063,9576,28698,789,829,0,72,859,283,0,86094,0,0.9798,4.0010,0.3295,0.0000,-422.6640,17810,17944,580,0.9602,14176,12999,3800,2618,2227,981,1759,525,1499,163,3937,0
2024,135,104,0,5,0,0,1068,10680,39273,10015,28501,757,917,0,71,951,329,0,85509,0,0.9807,4.0539,0.3460,0.0000,-426.3576,18049,18187,580,0.9605,14159,12941,3829,2681,2286,990,1741,504,1496,192,4095,0
2024,149,104,1,5,0,0,1064,10640,38695,9591,28418,686,855,0,85,801,273,0,85260,0,0.9823,4.0122,0.3408,0.0000,-344.5116,17696,17794,500,0.9664,14139,13018,3757,2622,2101,959,1618,483,1476,181,3811,0
2025,135,104,0,5,0,0,1064,10640,38798,9512,28556,730,825,0,65,804,240,0,85674,0,0.9812,3.9990,0.2985,0.0000,-412.3140,17572,17743,537,0.9601,13970,12799,3722,2552,2167,971,1693,517,1494,175,4166,0
2025,149,104,1,5,0,0,1064,10640,38943,9691,28541,711,899,0,73,879,298,0,85629,0,0.9817,4.0184,0.3390,0.0000,-357.3504,17662,17714,520,0.9677,14026,12891,3590,2492,2233,1020,1625,457,1487,171,3903,0
2026,135,104,0,5,0,0,1064,10640,38915,9711,28488,716,947,0,71,858,260,0,85467,0,0.9816,4.0225,0.3030,0.0000,-447.0588,17426,17620,527,0.9591,13906,12735,3627,2451,2205,963,1719,480,1565,183,4093,0
2026,149,104,1,5,0,0,1066,10660,39466,10101,28620,745,899,1,70,942,287,0,85866,0,0.9811,4.0585,0.3047,0.0000,-367.2132,18056,18069,543,0.9692,14223,13016,3748,2595,2331,1070,1757,515,1559,180,4169,0
2027,135,104,0,5,0,0,1070,10700,39303,9891,28628,784,907,0,81,909,278,0,85890,0,0.9801,4.0362,0.3058,0.0000,-422.8596,18148,18273,566,0.9622,14433,13208,3772,2591,2250,1004,1729,512,1528,177,4170,0
2027,149,104,1,5,0,0,1066,10660,39134,9907,28481,746,889,1,72,938,264,0,85449,0,0.9809,4.0433,0.2814,0.0000,-341.9808,17777,17798,539,0.9685,14160,13035,3501,2443,2209,990,1696,493,1534,180,3934,0
2028,135,104,0,5,0,0,1064,10640,41739,12392,28377,970,782,0,88,474,120,0,85137,0,0.9768,4.3098,0.2532,0.0000,-458.2212,22138,22321,800,0.9560,17072,15706,4278,3081,2583,1215,1973,573,1574,203,3991,0
2028,149,104,1,5,0,0,1066,10660,42624,13146,28638,840,827,0,101,508,158,0,85923,0,0.9803,4.3767,0.3110,0.0000,-418.1556,22576,22843,646,0.9600,17233,15919,4311,3157,2538,1166,1880,551,1541,177,4142,0
2029,135,104,0,5,0,0,1070,10700,43260,13466,28802,992,712,1,157,465,108,0,86406,0,0.9771,4.4026,0.2323,0.0000,-419.0388,22567,22706,772,0.9599,17009,15642,4292,3131,2614,1235,1926,575,1572,208,4203,0
2029,149,104,1,5,0,0,1064,10640,43083,13499,28584,1000,695,1,109,472,113,0,85752,0,0.9768,4.4168,0.2394,0.0000,-454.4388,22509,22720,793,0.9558,16770,15471,4233,3060,2653,1244,1924,556,1619,188,4021,0
2030,135,104,0,5,0,0,1064,10640,43257,13547,28779,931,743,1,94,450,139,0,86346,0,0.9785,4.4117,0.3089,0.0000,-386.6004,22269,22490,739,0.9573,16768,15546,4067,2998,2537,1199,1856,557,1387,177,3704,0
2030,149,104,1,5,0,0,1064,10640,43801,14009,28820,972,759,1,89,435,109,0,86463,0,0.9778,4.4581,0.2506,0.0000,-354.0360,22618,22743,767,0.9608,16796,15562,4104,3011,2585,1254,1865,584,1497,198,3790,0
2031,135,104,0,5,0,0,1066,10660,43273,13564,28757,952,717,0,115,421,96,0,86277,0,0.9780,4.4147,0.2280,0.0000,-443.5776,22287,22491,770,0.9567,16667,15367,4282,3108,2625,1208,1880,553,1416,183,3869,0
2031,149,104,1,5,0,0,1064,10640,43556,13960,28582,1014,764,0,130,467,115,0,85752,0,0.9767,4.4649,0.2463,0.0000,-504.8232,22343,22606,803,0.9528,16629,15323,4147,2970,2547,1172,1902,518,1503,162,3968,0
2032,135,104,0,5,0,0,1070,10700,44242,14294,28969,979,779,0,100,448,108,0,86916,0,0.9779,4.4798,0.2411,0.0000,-425.8428,22906,23101,784,0.9576,16891,15616,4319,3172,2652,1239,1952,561,1531,178,3976,0
2032,149,104,1,5,0,0,1068,10680,43870,14327,28541,1002,711,1,121,428,114,0,85632,0,0.9772,4.5055,0.2664,0.0000,-484.7244,22485,22737,813,0.9532,16618,15331,4121,2979,2656,1213,1787,502,1552,187,3872,0
2033,135,104,0,5,0,0,1074,10740,44214,14303,28925,986,790,1,102,416,95,0,86778,0,0.9777,4.4833,0.2284,0.0000,-431.7768,22697,22862,799,0.9578,16803,15500,4230,3151,2602,1194,1939,549,1471,153,3776,0
2033,149,104,1,5,0,0,1066,10660,44195,14324,28887,984,699,1,105,493,142,0,86664,0,0.9777,4.4874,0.2880,0.0000,-441.6228,22170,22427,798,0.9530,16402,15182,4037,2917,2596,1260,1773,512,1476,166,3688,0
2034,135,104,0,5,0,0,1066,10660,43953,14247,28708,998,723,0,179,428,90,0,86133,0,0.9773,4.4883,0.2103,0.0000,-440.5896,22744,22907,820,0.9571,16894,15602,4155,3051,2610,1207,1910,546,1525,163,3915,0
2034,149,104,1,5,0,0,1068,10680,44140,14447,28688,1005,863,0,97,418,107,0,86085,0,0.9772,4.5097,0.2560,0.0000,-454.1844,22585,22834,825,0.9530,16624,15334,4057,2981,2555,1174,1870,553,1515,205,3778,0
2018,162,105,0,6,0,0,952,9520,34692,8095,25926,671,637,0,59,569,207,0,77781,0,0.9807,3.9366,0.3638,0.0000,-226.5168,16097,16329,524,0.9537,12803,11883,3190,2384,1756,931,1279,452,1015,171,2780,0
2018,176,105,1,6,0,0,954,9540,34991,8020,26228,743,617,0,68,475,169,0,78687,0,0.9788,3.9172,0.3558,0.0000,-280.2108,16180,16388,593,0.9511,13042,12024,3161,2326,1715,906,1279,444,1091,179,2632,0
2019,162,105,0,6,0,0,952,9520,34618,8032,25868,718,592,1,55,578,219,0,77604,0,0.9793,3.9315,0.3789,0.0000,-385.8564,15630,15990,598,0.9401,12566,11524,3229,2311,1734,870,1261,399,1126,188,2754,0
2019,176,105,1,6,0,0,956,9560,34805,8104,26020,681,658,0,55,362,135,0,78063,0,0.9804,3.9342,0.3729,0.0000,-401.3556,15620,16050,547,0.9391,12688,11693,3205,2291,1697,808,1281,404,1121,147,2809,0
2020,162,105,0,6,0,0,952,9520,34391,8090,25608,693,623,0,71,569,186,0,76827,0,0.9798,3.9476,0.3269,0.0000,-381.6696,15313,15630,534,0.9456,12291,11273,3099,2216,1807,850,1319,403,1137,151,2851,0
2020,176,105,1,6,0,0,954,9540,34613,8301,25591,721,653,0,61,505,172,0,76773,0,0.9792,3.9731,0.3406,0.0000,-414.2316,15518,15881,575,0.9409,12464,11412,3208,2282,1715,805,1342,425,1080,147,3032,0
2021,162,105,0,6,0,0,960,9600,34964,8521,25797,646,722,0,55,671,255,0,77391,0,0.9815,3.9909,0.3800,0.0000,-333.9276,15502,15673,507,0.9567,12462,11461,3094,2188,1760,810,1398,432,1161,145,2974,0
2021,176,105,1,6,0,0,960,9600,35097,8542,25899,656,640,0,54,526,194,0,77700,0,0.9813,3.9893,0.3688,0.0000,-311.0580,15982,16169,535,0.9553,12701,11676,3236,2371,1860,896,1433,461,1164,144,3058,0
2022,162,105,0,6,0,0,952,9520,35154,8873,25638,643,798,0,60,733,250,0,76914,0,0.9817,4.0383,0.3411,0.0000,-297.8100,16071,16145,485,0.9654,12753,11798,3260,2284,1977,911,1437,409,1255,163,3270,0
2022,176,105,1,6,0,0,952,9520,34593,8696,25291,606,742,0,48,586,224,0,75873,0,0.9825,4.0315,0.3823,0.0000,-292.2036,15655,15779,476,0.9620,12431,11456,3182,2253,1853,867,1456,463,1157,155,3109,0
2023,162,105,0,6,0,0,952,9520,35282,9005,25612,665,671,0,61,855,290,0,76842,0,0.9812,4.0545,0.3392,0.0000,-299.9580,16088,16229,508,0.9600,12873,11948,3196,2229,1872,869,1351,432,1216,158,3315,0
2023,176,105,1,6,0,0,952,9520,34841,8483,25695,663,747,0,72,555,184,0,77100,0,0.9810,3.9896,0.3315,0.0000,-414.2784,15765,16061,505,0.9501,12755,11721,3274,2244,1822,810,1382,413,1245,151,3311,0
2024,162,105,0,6,0,0,952,9520,35006,8667,25687,652,732,0,54,715,241,0,77064,0,0.9814,4.0121,0.3371,0.0000,-313.9632,15743,15925,491,0.9577,12542,11535,3210,2304,1782,828,1376,453,1224,152,3089,0
2024,176,105,1,6,0,0,952,9520,35071,8537,25827,707,707,0,50,574,195,0,77487,0,0.9798,3.9913,0.3397,0.0000,-366.1692,15926,16186,533,0.9510,12849,11800,3244,2312,1837,828,1400,455,1215,172,3058,0
2025,162,105,0,6,0,0,956,9560,35342,8710,25984,648,696,1,54,779,248,0,77952,0,0.9817,4.0056,0.3184,0.0000,-277.0152,15949,16057,481,0.9633,12739,11773,3164,2267,1795,853,1430,437,1230,154,3192,0
2025,176,105,1,6,0,0,962,9620,35000,8363,25947,690,698,2,59,628,206,0,77844,0,0.9803,3.9668,0.3280,0.0000,-392.2860,15980,16273,541,0.9487,13011,11956,3181,2254,1779,814,1448,441,1162,140,3139,0
2026,162,105,0,6,0,0,956,9560,35327,8722,25965,640,691,0,66,873,278,0,77901,0,0.9819,4.0074,0.3184,0.0000,-271.8624,15814,15896,479,0.9647,12704,11775,3154,2223,1919,889,1413,439,1227,164,3189,0
2026,176,105,1,6,0,0,958,9580,34936,8510,25712,714,660,0,65,634,218,0,77139,0,0.9796,3.9928,0.3438,0.0000,-395.5548,15819,16135,557,0.9459,12833,11783,3254,2287,1927,905,1405,459,1239,156,3128,0
2027,162,105,0,6,0,0,954,9540,34888,8635,25593,660,640,0,80,883,264,0,76779,0,0.9811,4.0122,0.2990,0.0000,-232.6008,16041,16073,499,0.9670,12863,11907,3209,2297,1880,930,1385,446,1214,175,3214,0
2027,176,105,1,6,0,0,954,9540,34501,8181,25654,666,689,0,63,654,192,0,76965,0,0.9807,3.9565,0.2936,0.0000,-378.6828,15712,15952,520,0.9524,12716,11683,3272,2292,1851,876,1374,381,1178,152,3239,0
2028,162,105,0,6,0,0,962,9620,38166,11427,25804,935,702,0,135,419,113,0,77418,0,0.9755,4.3282,0.2697,0.0000,-477.8532,20324,20669,744,0.9473,15491,14217,4025,2941,2340,1091,1712,498,1441,184,3654,0
2028,176,105,1,6,0,0,954,9540,37769,11316,25483,970,722,1,90,224,61,0,76452,0,0.9743,4.3320,0.2723,0.0000,-518.2776,20016,20444,747,0.9425,15351,14079,3825,2751,2330,1104,1703,482,1364,169,3590,0
2029,162,105,0,6,0,0,952,9520,38229,11860,25472,897,582,1,161,484,131,0,76422,0,0.9765,4.3965,0.2707,0.0000,-453.1512,19847,20167,701,0.9494,15007,13827,3661,2633,2384,1109,1680,496,1348,154,3503,0
2029,176,105,1,6,0,0,952,9520,38518,11886,25635,997,637,0,131,363,93,0,76908,0,0.9741,4.3908,0.2562,0.0000,-565.2012,20132,20528,823,0.9406,15344,14021,3809,2746,2290,1037,1670,456,1346,164,3505,0
2030,162,105,0,6,0,0,952,9520,38579,12056,25650,873,576,0,36,477,132,0,76950,0,0.9774,4.4101,0.2767,0.0000,-429.3912,19916,20280,706,0.9472,15043,13906,3775,2785,2245,1040,1630,486,1241,157,3200,0
2030,176,105,1,6,0,0,952,9520,38777,12193,25674,910,606,1,47,358,78,0,77028,0,0.9765,4.4244,0.2179,0.0000,-462.2676,19915,20287,741,0.9451,15046,13914,3750,2703,2226,1039,1658,458,1301,181,3273,0
2031,162,105,0,6,0,0,956,9560,39638,12911,25728,999,676,1,113,419,111,0,77187,0,0.9748,4.5053,0.2649,0.0000,-552.3720,20425,20783,831,0.9428,15206,13971,3732,2669,2357,1037,1742,482,1399,146,3606,0
2031,176,105,1,6,0,0,956,9560,39064,12546,25532,986,704,0,109,338,85,0,76599,0,0.9748,4.4740,0.2515,0.0000,-558.6012,20084,20520,826,0.9385,15001,13758,3711,2675,2304,1036,1661,470,1253,147,3363,0
2032,162,105,0,6,0,0,952,9520,39641,12955,25735,951,742,0,96,481,131,0,77208,0,0.9760,4.5100,0.2723,0.0000,-501.8232,20131,20494,780,0.9442,14937,13735,3661,2667,2448,1135,1630,432,1348,163,3537,0
2032,176,105,1,6,0,0,952,9520,38862,12459,25372,1031,712,1,100,405,82,0,76119,0,0.9735,4.4730,0.2025,0.0000,-621.9588,20051,20540,862,0.9342,15118,13858,3685,2624,2289,1026,1674,423,1303,125,3357,0
2033,162,105,0,6,0,0,954,9540,39817,13156,25727,934,673,0,111,447,107,0,77187,0,0.9765,4.5338,0.2394,0.0000,-518.7096,20381,20753,752,0.9458,15160,13957,3735,2668,2357,1040,1664,457,1354,165,3455,0
2033,176,105,1,6,0,0,956,9560,39844,12842,25884,1118,705,0,152,311,80,0,77661,0,0.9719,4.4879,0.2572,0.0000,-662.0400,20447,20906,930,0.9336,15355,14010,3745,2623,2356,1031,1650,437,1318,158,3437,0
2034,162,105,0,6,0,0,954,9540,39423,12851,25653,919,716,0,83,453,126,0,76965,0,0.9767,4.5025,0.2781,0.0000,-510.4752,20408,20777,738,0.9467,15233,14000,3672,2659,2354,1062,1678,450,1369,152,3523,0
2034,176,105,1,6,0,0,954,9540,39621,12756,25709,1156,735,1,70,360,95,0,77130,0,0.9708,4.4883,0.2639,0.0000,-665.6088,20473,20913,950,0.9335,15325,13945,3885,2764,2386,1037,1692,453,1330,152,3521,0
2018,198,106,0,11,0,0,1280,12800,46521,11249,33879,1393,1191,0,214,567,196,0,101643,0,0.9701,3.9959,0.3457,0.0000,-1266.2856,21009,21881,1055,0.9119,16917,14874,4680,2948,2934,987,2427,514,2281,218,5834,0
2018,256,106,1,11,0,0,1284,12840,47035,11557,34001,1477,1275,1,163,599,217,0,102009,0,0.9686,4.0195,0.3623,0.0000,-1319.8788,21077,22030,1081,0.9077,16757,14721,4782,2931,2905,1013,2438,530,2179,177,5859,0
2019,198,106,0,11,0,0,1280,12800,46559,11143,33866,1550,1195,0,395,616,219,0,101610,0,0.9667,3.9866,0.3555,0.0000,-1398.0720,20620,21733,1138,0.8964,16761,14591,4653,2863,2754,944,2366,540,2226,209,5609,0
2019,256,106,1,11,0,0,1282,12820,46988,11381,34026,1581,1178,1,459,708,220,0,102081,0,0.9664,4.0033,0.3107,0.0000,-1351.4820,20590,21642,1150,0.8983,16462,14387,4635,2862,2833,1013,2383,520,2125,208,5646,0
2020,198,106,0,11,0,0,1284,12840,46644,11078,34025,1541,1275,2,154,572,209,0,102099,0,0.9670,3.9758,0.3654,0.0000,-1323.5940,20166,21180,1180,0.8964,16327,14332,4432,2731,2595,913,2101,436,1953,177,5240,0
2020,256,106,1,11,0,0,1282,12820,46863,11170,34153,1540,1172,0,212,695,216,0,102474,0,0.9671,3.9806,0.3108,0.0000,-1345.9884,20613,21688,1145,0.8976,16445,14391,4652,2831,2756,1001,2314,538,2102,204,5441,0
2021,198,106,0,11,0,0,1280,12800,46863,11315,34009,1539,1215,1,429,708,237,0,102033,0,0.9672,3.9979,0.3347,0.0000,-1417.0860,20623,21737,1154,0.8957,16838,14700,4553,2759,2764,959,2224,464,2070,171,5470,0
2021,256,106,1,11,0,0,1288,12880,46884,10999,34250,1635,1159,0,412,677,219,0,102759,0,0.9651,3.9631,0.3235,0.0000,-1410.5088,20621,21690,1239,0.8936,16497,14374,4654,2840,2821,1032,2301,481,2042,185,5323,0
2022,198,106,0,11,0,0,1282,12820,47619,11864,33863,1892,1388,2,837,743,197,0,101613,0,0.9603,4.0501,0.2651,0.0000,-1879.2024,21567,22832,1306,0.8874,17570,14982,5218,2878,3335,975,2858,486,2733,195,7200,0
2022,256,106,1,11,0,0,1280,12800,46939,11420,33874,1645,1230,0,313,774,256,0,101631,0,0.9650,4.0110,0.3307,0.0000,-1497.2292,20957,22016,1223,0.8963,16883,14717,4927,2865,2828,935,2483,512,2205,203,5959,0
2023,198,106,0,11,0,0,1280,12800,46642,11236,33718,1688,1222,2,187,688,189,0,101166,0,0.9638,3.9992,0.2747,0.0000,-1595.3676,21257,22468,1272,0.8895,17495,15191,4898,2862,2909,937,2511,538,2277,191,5893,0
2023,256,106,1,11,0,0,1284,12840,46805,11331,34028,1446,1205,1,308,753,230,0,102096,0,0.9691,3.9985,0.3054,0.0000,-1368.1896,20879,21903,1067,0.9045,17078,14968,4698,2848,2869,934,2308,506,2087,194,5718,0
2024,198,106,0,11,0,0,1280,12800,46456,11171,33765,1520,1274,1,157,592,185,0,101301,0,0.9673,3.9923,0.3125,0.0000,-1394.2992,20601,21707,1178,0.8948,16571,14500,4712,2888,2779,978,2285,490,2096,180,5511,0
2024,256,106,1,11,0,0,1282,12820,46519,11139,33932,1448,1253,1,475,751,229,0,101808,0,0.9689,3.9844,0.3049,0.0000,-1320.4140,20423,21422,1083,0.9028,16529,14584,4454,2684,2846,970,2352,475,2010,176,5447,0
2025,198,106,0,11,0,0,1284,12840,47021,11377,34089,1555,1253,3,160,596,196,0,102273,0,0.9669,4.0010,0.3289,0.0000,-1289.4768,20756,21706,1148,0.9033,16714,14701,4558,2796,2762,984,2200,488,2014,213,5562,0
2025,256,106,1,11,0,0,1282,12820,46949,11345,34027,1577,1214,0,271,667,210,0,102102,0,0.9664,3.9994,0.3148,0.0000,-1391.2608,20529,21579,1141,0.8985,16543,14484,4656,2842,2797,932,2258,457,2116,174,5736,0
2026,198,106,0,11,0,0,1286,12860,47440,11576,34055,1809,1394,2,716,646,201,0,102183,0,0.9619,4.0191,0.3111,0.0000,-1652.8524,20958,22187,1298,0.8861,16930,14559,4913,2906,2976,958,2478,475,2274,174,6354,0
2026,256,106,1,11,0,0,1280,12800,47146,11488,33863,1795,1309,2,929,603,180,0,101592,0,0.9619,4.0176,0.2985,0.0000,-1595.4516,20702,21892,1263,0.8879,16784,14503,4623,2697,2956,956,2432,452,2288,206,6221,0
2027,198,106,0,11,0,0,1280,12800,46385,11017,33812,1556,1241,2,251,658,225,0,101445,0,0.9665,3.9771,0.3419,0.0000,-1419.7116,20629,21711,1175,0.8960,16792,14676,4668,2806,2766,945,2429,526,2125,180,5787,0
2027,256,106,1,11,0,0,1282,12820,46467,10963,33960,1544,1221,0,407,607,171,0,101898,0,0.9668,3.9678,0.2817,0.0000,-1408.0608,20738,21856,1167,0.8955,16907,14853,4646,2785,2739,952,2254,457,2030,179,5539,0
2028,198,106,0,11,0,0,1282,12820,50767,14596,34330,1841,998,0,50,732,196,0,102999,0,0.9637,4.2751,0.2678,0.0000,-1344.0912,26608,27967,1520,0.8971,20974,18850,5265,3555,3000,1241,2184,575,1771,218,4390,0
2028,256,106,1,11,0,0,1284,12840,51340,15156,34368,1816,1125,1,114,667,191,0,103113,0,0.9646,4.3226,0.2864,0.0000,-1323.5844,26802,28189,1492,0.8979,20839,18702,5249,3640,3058,1297,2263,550,1781,228,4548,0
2029,198,106,0,11,0,0,1280,12800,51782,15527,34116,2139,799,0,196,527,119,0,102354,0,0.9587,4.3651,0.2258,0.0000,-1500.4596,27537,28988,1739,0.8900,21423,19082,5305,3656,3062,1227,2306,597,1725,179,4746,0
2029,256,106,1,11,0,0,1280,12800,52170,15789,34172,2209,887,0,191,558,133,0,102525,0,0.9577,4.3857,0.2384,0.0000,-1586.5944,27696,29194,1791,0.8873,21306,18881,5551,3763,3201,1318,2269,534,1882,206,4709,0
2030,198,106,0,11,0,0,1280,12800,53097,16330,34327,2440,895,0,151,570,140,0,102993,0,0.9540,4.4266,0.2456,0.0000,-1743.2148,27623,29265,1999,0.8756,21279,18712,5289,3515,3074,1257,2274,536,1751,215,4512,0
2030,256,106,1,11,0,0,1284,12840,52615,16147,34230,2238,874,0,115,608,147,0,102690,0,0.9575,4.4152,0.2418,0.0000,-1595.5848,27202,28695,1824,0.8844,20803,18412,5189,3523,3174,1275,2250,512,1720,196,4465,0
2031,198,106,0,11,0,0,1280,12800,53288,16759,34265,2264,918,0,87,517,134,0,102801,0,0.9575,4.4670,0.2592,0.0000,-1617.0684,27850,29437,1865,0.8827,21059,18658,5441,3707,3215,1292,2361,605,1714,198,4477,0
2031,256,106,1,11,0,0,1280,12800,53018,16583,34264,2171,878,1,63,608,162,0,102804,0,0.9591,4.4514,0.2664,0.0000,-1490.1780,27525,28983,1756,0.8891,20925,18627,5170,3576,3135,1308,2250,566,1687,168,4327,0
2032,198,106,0,11,0,0,1280,12800,52870,16632,34179,2059,815,0,74,545,137,0,102540,0,0.9611,4.4597,0.2514,0.0000,-1402.5744,27553,28902,1723,0.8937,21029,18812,5098,3570,3076,1310,2199,538,1701,169,4244,0
2032,256,106,1,11,0,0,1284,12840,53802,17057,34470,2275,890,0,158,623,135,0,103422,0,0.9577,4.4840,0.2167,0.0000,-1583.0496,27696,29193,1860,0.8850,21177,18776,5242,3560,3056,1245,2240,551,1695,198,4405,0
2033,198,106,0,11,0,0,1282,12820,53478,16938,34451,2089,898,0,126,556,141,0,103365,0,0.9609,4.4744,0.2536,0.0000,-1505.6712,27742,29218,1693,0.8915,21197,18888,5302,3616,3102,1311,2199,474,1659,184,4607,0
2033,256,106,1,11,0,0,1280,12800,53282,17062,34106,2114,953,0,175,585,160,0,102324,0,0.9603,4.5005,0.2735,0.0000,-1507.3224,27342,28784,1729,0.8898,20753,18501,5114,3457,3140,1277,2204,516,1647,176,4291,0
2034,198,106,0,11,0,0,1284,12840,53673,16930,34421,2322,911,1,397,587,130,0,103269,0,0.9567,4.4753,0.2215,0.0000,-1685.7552,27616,29222,1897,0.8801,21033,18553,5405,3702,3095,1178,2220,513,1719,190,4326,0
2034,256,106,1,11,0,0,1280,12800,53897,17260,34336,2301,969,1,248,582,128,0,103014,0,0.9573,4.5078,0.2199,0.0000,-1697.6520,27681,29304,1880,0.8805,21081,18623,5153,3466,3139,1226,2296,505,1697,172,4305,0
2018,286,107,0,11,0,0,1282,12820,46632,11292,33934,1406,1197,1,165,591,199,0,101808,0,0.9698,3.9981,0.3367,0.0000,-1241.1660,21275,22051,1046,0.9174,17005,14976,4854,3055,2846,945,2481,535,2294,193,6243,0
2018,293,107,1,11,0,0,1282,12820,46662,11237,33981,1444,1202,0,163,609,208,0,101952,0,0.9691,3.9917,0.3415,0.0000,-1248.6432,21003,21838,1060,0.9132,16793,14737,4722,2972,2915,1015,2438,540,2232,206,6031,0
2019,286,107,0,11,0,0,1284,12840,47076,11319,34182,1575,1294,0,679,642,197,0,102561,0,0.9665,3.9928,0.3069,0.0000,-1406.4348,20544,21647,1116,0.8975,16436,14380,4678,2804,2904,1010,2328,460,2163,203,5741,0
2019,293,107,1,11,0,0,1282,12820,46702,11137,34029,1536,1196,0,313,541,168,0,102096,0,0.9671,3.9815,0.3105,0.0000,-1304.3700,20389,21383,1150,0.8997,16261,14238,4473,2817,2837,973,2266,499,2042,215,5303,0
2020,286,107,0,11,0,0,1280,12800,46585,11117,33990,1478,1175,0,144,740,240,0,101976,0,0.9683,3.9810,0.3243,0.0000,-1273.5672,20257,21291,1081,0.9007,16289,14380,4414,2712,2744,968,2235,494,2093,195,5422,0
2020,293,107,1,11,0,0,1280,12800,46535,10829,34112,1594,1160,0,157,546,206,0,102345,0,0.9657,3.9520,0.3773,0.0000,-1354.7148,20091,21170,1201,0.8923,16209,14179,4447,2779,2692,927,2186,470,2021,192,5089,0
2021,286,107,0,11,0,0,1282,12820,46691,10973,34158,1560,1152,1,222,698,239,0,102477,0,0.9666,3.9636,0.3424,0.0000,-1307.6736,20200,21239,1137,0.8975,16357,14422,4481,2735,2803,1000,2106,462,1979,178,5303,0
2021,293,107,1,11,0,0,1280,12800,46205,10910,33738,1557,1163,1,535,569,167,0,101226,0,0.9663,3.9697,0.2935,0.0000,-1380.5148,20305,21368,1164,0.8958,16535,14482,4566,2774,2734,937,2191,460,2058,179,5318,0
2022,286,107,0,11,0,0,1282,12820,47677,11822,33852,2003,1392,3,739,791,219,0,101568,0,0.9580,4.0472,0.2769,0.0000,-2020.6728,21116,22384,1358,0.8827,17364,14621,5227,2767,3331,923,3071,474,3006,204,7930,0
2022,293,107,1,11,0,0,1280,12800,47210,11615,33826,1769,1393,2,676,697,205,0,101487,0,0.9625,4.0298,0.2941,0.0000,-1714.0584,21183,22454,1251,0.8877,17035,14685,5100,2903,3178,1000,2576,468,2517,196,6658,0
2023,286,107,0,11,0,0,1286,12860,47023,11350,34000,1673,1220,0,395,735,235,0,102012,0,0.9644,4.0010,0.3197,0.0000,-1515.0012,20580,21714,1221,0.8915,16690,14508,4710,2871,2906,926,2373,427,2243,184,5807,0
2023,293,107,1,11,0,0,1280,12800,46616,11273,33854,1489,1300,1,284,737,204,0,101568,0,0.9681,3.9987,0.2768,0.0000,-1408.6356,20848,21933,1071,0.9017,16922,14866,4753,2819,2851,970,2449,475,2203,181,5995,0
2024,286,107,0,11,0,0,1280,12800,46819,11170,33982,1667,1206,1,257,746,252,0,101952,0,0.9644,3.9859,0.3378,0.0000,-1551.1200,20783,21975,1287,0.8872,16856,14627,4661,2767,2823,930,2383,491,2130,175,5913,0
2024,293,107,1,11,0,0,1282,12820,46667,11068,34052,1547,1155,0,452,714,222,0,102168,0,0.9669,3.9746,0.3109,0.0000,-1366.6944,20771,21771,1188,0.8995,16700,14595,4787,2946,2714,949,2189,474,2025,183,5539,0
2025,286,107,0,11,0,0,1282,12820,46791,11262,33982,1547,1232,0,336,677,217,0,101958,0,0.9669,3.9938,0.3205,0.0000,-1442.3880,20380,21537,1167,0.8921,16427,14380,4624,2823,2706,860,2319,431,2063,188,5532,0
2025,293,107,1,11,0,0,1282,12820,46871,11180,34086,1605,1250,0,300,639,208,0,102261,0,0.9658,3.9839,0.3255,0.0000,-1498.9284,20709,21846,1259,0.8903,16803,14626,4684,2845,2792,897,2324,467,2042,174,5730,0
2026,286,107,0,11,0,0,1280,12800,46830,11271,33865,1694,1325,1,513,638,204,0,101604,0,0.9638,3.9981,0.3197,0.0000,-1626.3060,20463,21663,1240,0.8874,16607,14301,4798,2797,2965,943,2485,454,2359,191,6285,0
2026,293,107,1,11,0,0,1282,12820,46926,11401,34006,1519,1233,0,268,634,219,0,102027,0,0.9676,4.0054,0.3454,0.0000,-1485.4116,20818,21994,1152,0.8942,16820,14708,4801,2871,2919,964,2443,454,2125,194,5943,0
2027,286,107,0,11,0,0,1282,12820,46515,11002,33890,1623,1209,0,527,653,209,0,101688,0,0.9651,3.9732,0.3201,0.0000,-1456.7244,20053,21196,1176,0.8906,16294,14131,4589,2790,2784,945,2318,454,2046,194,5470,0
2027,293,107,1,11,0,0,1284,12840,47126,11512,33976,1638,1304,0,336,648,191,0,101934,0,0.9652,4.0162,0.2948,0.0000,-1514.6244,21224,22395,1168,0.8956,17268,15130,4772,2824,2965,968,2511,434,2210,200,5967,0
2028,286,107,0,11,0,0,1280,12800,51031,14809,34296,1926,1010,0,62,740,230,0,102900,0,0.9623,4.2949,0.3108,0.0000,-1399.2624,26766,28177,1545,0.8951,21142,18896,5309,3647,2980,1220,2295,572,1753,205,4522,0
2028,293,107,1,11,0,0,1284,12840,51229,14783,34424,2022,1015,1,95,729,211,0,103290,0,0.9605,4.2876,0.2894,0.0000,-1412.3796,27000,28464,1623,0.8915,21308,19019,5358,3708,2991,1227,2218,621,1686,226,4588,0
2029,286,107,0,11,0,0,1282,12820,51987,15606,34318,2063,815,0,106,480,126,0,102957,0,0.9603,4.3641,0.2625,0.0000,-1454.0076,27330,28774,1658,0.8922,21168,18846,5265,3616,3128,1330,2196,542,1766,212,4472,0
2029,293,107,1,11,0,0,1280,12800,51613,15383,34171,2059,785,0,115,550,139,0,102519,0,0.9601,4.3503,0.2527,0.0000,-1506.5616,27506,29069,1679,0.8885,21344,19061,5379,3701,3139,1289,2266,543,1748,190,4537,0
2030,286,107,0,11,0,0,1284,12840,52713,16172,34174,2367,915,0,253,540,114,0,102528,0,0.9551,4.4194,0.2111,0.0000,-1777.7928,27424,29109,1928,0.8759,21121,18543,5303,3512,3178,1258,2263,493,1824,203,4627,0
2030,293,107,1,11,0,0,1284,12840,52674,16110,34286,2278,854,1,191,631,150,0,102864,0,0.9568,4.4094,0.2377,0.0000,-1715.1684,27384,29057,1897,0.8771,21084,18593,5336,3580,3144,1273,2241,498,1685,184,4359,0
2031,286,107,0,11,0,0,1280,12800,52892,16480,34214,2198,895,1,95,556,161,0,102654,0,0.9584,4.4445,0.2896,0.0000,-1557.0528,27708,29161,1811,0.8881,21253,18902,5275,3571,3056,1236,2234,523,1736,191,4443,0
2031,293,107,1,11,0,0,1286,12860,53471,16768,34516,2187,913,0,76,602,167,0,103563,0,0.9591,4.4568,0.2774,0.0000,-1511.8308,27719,29188,1782,0.8886,21197,18813,5288,3687,3057,1273,2197,532,1709,201,4240,0
2032,286,107,0,11,0,0,1280,12800,53234,16834,34196,2204,883,1,46,571,145,0,102594,0,0.9586,4.4766,0.2539,0.0000,-1607.5656,27598,29117,1836,0.8848,21039,18663,5253,3584,3177,1250,2257,500,1711,193,4419,0
2032,293,107,1,11,0,0,1280,12800,53373,16887,34274,2212,889,1,174,565,123,0,102840,0,0.9586,4.4773,0.2177,0.0000,-1650.0000,27641,29196,1818,0.8845,21243,18776,5261,3550,3185,1261,2271,516,1647,164,4380,0
2033,286,107,0,11,0,0,1286,12860,53680,17140,34545,1995,892,0,148,606,137,0,103653,0,0.9628,4.4877,0.2261,0.0000,-1421.9328,27701,29135,1632,0.8948,20942,18747,5136,3496,3212,1359,2109,528,1790,199,4397,0
2033,293,107,1,11,0,0,1282,12820,53545,16877,34431,2237,890,0,157,564,118,0,103305,0,0.9582,4.4700,0.2092,0.0000,-1567.3248,27548,29011,1851,0.8858,20880,18462,5238,3621,3158,1304,2199,534,1678,173,4284,0
2034,286,107,0,11,0,0,1282,12820,53297,16809,34111,2377,883,1,274,572,125,0,102342,0,0.9554,4.4779,0.2185,0.0000,-1699.3608,27496,29091,1935,0.8787,20905,18457,5346,3582,3113,1211,2231,526,1710,187,4264,0
2034,293,107,1,11,0,0,1280,12800,53683,17025,34222,2436,959,1,209,469,110,0,102675,0,0.9546,4.4921,0.2345,0.0000,-1866.5100,27686,29450,2034,0.8710,21311,18728,5208,3409,3203,1231,2256,470,1703,168,4339,0
2018,321,108,0,10,0,0,702,7020,25650,6412,18664,574,657,0,85,386,142,0,55995,0,0.9776,4.0304,0.3679,0.0000,-423.1440,11360,11508,443,0.9486,9066,8127,2434,1610,1405,559,1210,295,1137,121,2930,0
2018,338,108,1,10,0,0,702,7020,25229,6111,18612,506,629,1,56,445,132,0,55842,0,0.9799,3.9846,0.2966,0.0000,-355.2144,10983,11089,369,0.9572,8725,7885,2383,1553,1396,562,1143,310,1038,120,2804,0
2019,321,108,0,10,0,0,704,7040,25803,6245,19058,500,616,0,80,374,156,0,57174,0,0.9806,3.9831,0.4171,0.0000,-332.7252,10913,11136,363,0.9474,8672,7914,2253,1515,1350,588,1083,282,982,126,2528,0
2019,338,108,1,10,0,0,700,7000,25202,5910,18701,591,602,0,52,391,135,0,56103,0,0.9765,3.9481,0.3453,0.0000,-407.8308,10655,10888,471,0.9353,8486,7617,2199,1507,1357,558,1022,283,889,90,2468,0
2020,321,108,0,10,0,0,704,7040,25307,5988,18817,502,547,0,62,388,142,0,56457,0,0.9802,3.9542,0.3660,0.0000,-340.6932,10776,10914,390,0.9516,8700,7879,2272,1545,1292,522,1056,284,897,107,2532,0
2020,338,108,1,10,0,0,700,7000,25167,5903,18722,542,584,0,56,400,143,0,56169,0,0.9785,3.9457,0.3575,0.0000,-378.8868,10613,10826,401,0.9433,8455,7639,2170,1416,1342,571,1022,288,940,94,2484,0
2021,321,108,0,10,0,0,700,7000,25335,5893,18864,578,596,0,63,441,165,0,56595,0,0.9772,3.9370,0.3741,0.0000,-385.0440,10767,10958,445,0.9420,8507,7690,2256,1508,1344,567,1047,278,897,83,2442,0
2021,338,108,1,10,0,0,700,7000,25145,5875,18760,510,562,0,61,490,186,0,56286,0,0.9797,3.9391,0.3796,0.0000,-323.3208,10643,10770,370,0.9539,8394,7639,2257,1513,1312,554,1006,272,985,91,2430,0
2022,321,108,0,10,0,0,702,7020,25308,6174,18642,492,592,0,77,532,181,0,55926,0,0.9806,3.9936,0.3402,0.0000,-389.5440,10995,11235,357,0.9469,8746,7909,2324,1541,1400,556,1090,288,996,104,2676,0
2022,338,108,1,10,0,0,700,7000,25234,5960,18702,572,578,2,76,374,148,0,56109,0,0.9773,3.9558,0.3957,0.0000,-389.3724,10813,11050,412,0.9413,8564,7741,2329,1583,1397,548,1003,272,969,112,2666,0
2023,321,108,0,10,0,0,700,7000,25264,6006,18682,576,590,0,67,518,180,0,56052,0,0.9772,3.9640,0.3475,0.0000,-414.5580,10937,11180,409,0.9417,8603,7772,2405,1587,1383,558,1112,276,1000,99,2605,0
2023,338,108,1,10,0,0,702,7020,25209,5986,18646,577,583,0,64,371,129,0,55938,0,0.9771,3.9631,0.3477,0.0000,-419.3664,10933,11206,420,0.9382,8766,7916,2266,1504,1317,516,1124,301,985,99,2522,0
2024,321,108,0,10,0,0,700,7000,25277,5984,18765,528,607,0,63,468,173,0,56295,0,0.9791,3.9567,0.3697,0.0000,-387.2676,10795,11046,383,0.9426,8568,7746,2250,1492,1438,595,1061,294,923,96,2510,0
2024,338,108,1,10,0,0,704,7040,25283,5894,18823,566,541,0,54,411,148,0,56469,0,0.9776,3.9394,0.3601,0.0000,-409.8600,11067,11310,432,0.9403,8988,8112,2349,1576,1307,512,1088,301,962,105,2649,0
2025,321,108,0,10,0,0,700,7000,25243,6040,18680,523,621,1,56,515,173,0,56040,0,0.9793,3.9700,0.3359,0.0000,-379.7988,10956,11170,411,0.9440,8710,7901,2326,1584,1334,513,1116,300,983,100,2797,0
2025,338,108,1,10,0,0,700,7000,25130,5878,18656,596,579,0,50,445,124,0,55968,0,0.9763,3.9452,0.2787,0.0000,-451.7316,10919,11211,443,0.9344,8819,7915,2300,1525,1302,515,1145,289,1030,104,2570,0
2026,321,108,0,10,0,0,702,7020,25332,6054,18753,525,593,0,131,553,159,0,56268,0,0.9793,3.9679,0.2875,0.0000,-407.6484,11084,11345,399,0.9418,8896,8032,2367,1591,1434,595,1148,280,1052,114,2770,0
2026,338,108,1,10,0,0,702,7020,25674,6356,18765,553,694,0,223,419,128,0,56304,0,0.9785,4.0155,0.3055,0.0000,-410.4912,11433,11654,424,0.9447,9115,8258,2483,1658,1411,565,1150,273,1063,118,2936,0
2027,321,108,0,10,0,0,702,7020,25219,5931,18762,526,589,1,45,545,202,0,56292,0,0.9791,3.9479,0.3706,0.0000,-412.8168,11069,11342,389,0.9416,8937,8098,2413,1561,1383,552,1072,299,1015,112,2730,0
2027,338,108,1,10,0,0,700,7000,25189,5987,18729,473,581,0,66,448,138,0,56193,0,0.9812,3.9586,0.3080,0.0000,-315.6156,10944,11114,343,0.9538,8665,7900,2297,1588,1410,577,1037,290,993,100,2513,0
2028,321,108,0,10,0,0,700,7000,27824,8311,18783,730,576,0,52,291,84,0,56355,0,0.9738,4.3270,0.2887,0.0000,-432.3756,14740,15122,602,0.9349,11409,10428,2812,1998,1694,786,1228,350,946,146,2652,0
2028,338,108,1,10,0,0,700,7000,27862,8318,18835,709,565,1,50,306,85,0,56508,0,0.9746,4.3246,0.2778,0.0000,-387.6384,14710,15027,572,0.9408,11295,10335,2923,2093,1667,782,1218,380,1005,137,2555,0
2029,321,108,0,10,0,0,702,7020,28157,8511,18879,767,453,0,68,288,81,0,56646,0,0.9728,4.3518,0.2813,0.0000,-468.7692,14710,15068,639,0.9338,11357,10335,2715,1922,1626,750,1246,330,973,114,2604,0
2029,338,108,1,10,0,0,700,7000,28145,8458,18875,812,421,0,90,317,84,0,56631,0,0.9711,4.3439,0.2650,0.0000,-523.0788,14679,15085,658,0.9295,11198,10168,2946,2038,1758,747,1308,362,999,128,2469,0
2030,321,108,0,10,0,0,700,7000,28244,8932,18610,702,495,1,72,266,65,0,55836,0,0.9751,4.4394,0.2444,0.0000,-354.5472,14803,15067,568,0.9448,11105,10239,2705,1930,1660,789,1203,357,966,111,2545,0
2030,338,108,1,10,0,0,700,7000,28594,9029,18808,757,511,0,62,366,93,0,56430,0,0.9735,4.4397,0.2541,0.0000,-435.1692,14931,15314,605,0.9355,11208,10297,2817,2022,1679,755,1268,339,1073,118,2584,0
2031,321,108,0,10,0,0,704,7040,28619,9001,18898,720,494,0,153,333,70,0,56697,0,0.9748,4.4286,0.2102,0.0000,-381.5772,14690,15014,583,0.9396,10966,10121,2662,1904,1726,792,1185,353,931,102,2435,0
2031,338,108,1,10,0,0,700,7000,28694,9075,18883,736,460,1,79,332,85,0,56658,0,0.9744,4.4411,0.2560,0.0000,-427.4544,14767,15121,579,0.9383,11085,10134,2788,1994,1749,781,1278,378,954,102,2512,0
2032,321,108,0,10,0,0,700,7000,28836,9293,18800,743,470,0,33,367,83,0,56409,0,0.9742,4.4822,0.2262,0.0000,-424.0296,14740,15058,585,0.9400,10985,10072,2694,1884,1687,749,1230,356,930,99,2533,0
2032,338,108,1,10,0,0,700,7000,29267,9521,18985,761,527,0,50,274,53,0,56955,0,0.9740,4.5045,0.1934,0.0000,-470.2212,15044,15481,615,0.9320,11184,10243,2879,2070,1784,791,1210,317,904,102,2431,0
2033,321,108,0,10,0,0,704,7040,29350,9431,19121,798,454,0,159,324,79,0,57369,0,0.9728,4.4792,0.2438,0.0000,-480.5604,15200,15592,651,0.9331,11445,10435,2842,2010,1747,800,1304,342,1013,128,2639,0
2033,338,108,1,10,0,0,704,7040,29213,9330,18976,907,480,0,66,251,54,0,56937,0,0.9690,4.4743,0.2151,0.0000,-536.5584,15174,15553,755,0.9271,11288,10227,2795,2006,1774,777,1278,322,1009,110,2577,0
2034,321,108,0,10,0,0,704,7040,28863,9240,18813,810,496,1,46,311,83,0,56442,0,0.9719,4.4732,0.2669,0.0000,-536.8476,14828,15263,659,0.9283,11147,10123,2761,1912,1687,731,1346,345,1076,111,2504,0
2034,338,108,1,10,0,0,700,7000,28820,9216,18707,897,507,0,35,281,54,0,56127,0,0.9689,4.4775,0.1922,0.0000,-612.4296,14841,15323,752,0.9195,11022,9967,2917,2000,1711,713,1270,303,1052,116,2547,0
