year,team_id,game_id,league_id,level_id,split_id,pa,ab,h,k,tb,s,d,t,hr,sb,cs,rbi,r,bb,ibb,hp,sh,sf,ci,gdp,g,gs,ebh,pitches_seen,avg,obp,slg,rc,rc27,iso,woba,ops,sbp,ws,kp,bbp,wpa,babip
2018,5,2426,100,1,0,96020,83669,21741,18342,34244,14452,4439,486,2364,937,309,11108,11597,9743,508,1036,999,564,9,2315,2430,21866,7289,0,0.2598,0.3423,0.4093,11899.2563,4.8594,0.1494,0.3329,0.7516,75.2006,0.0000,19.1023,10.1468,49.6384,0.3050
2018,23,2418,100,1,0,95509,83764,21465,18723,33455,14522,4203,433,2307,972,380,10612,11077,9194,539,1062,897,575,17,2170,2432,21888,6943,0,0.2563,0.3353,0.3994,11379.8731,4.6329,0.1431,0.3258,0.7347,71.8935,0.0000,19.6034,9.6263,29.7036,0.3026
2019,5,2426,100,1,0,95622,84177,22322,17663,35141,14907,4475,476,2464,941,267,11284,11741,9030,546,1013,827,563,12,2248,2430,21870,7415,0,0.2652,0.3415,0.4175,12120.5611,4.9765,0.1523,0.3338,0.7589,77.8974,0.0000,18.4717,9.4434,79.2486,0.3073
2019,23,2418,100,1,0,94615,83368,21439,18214,32875,14666,4196,491,2086,1205,378,10367,10822,8741,509,1084,880,529,13,2183,2430,21870,6773,0,0.2572,0.3336,0.3943,11121.8557,4.5568,0.1372,0.3220,0.7279,76.1213,0.0000,19.2506,9.2385,2.1992,0.3043
2020,5,2420,100,1,0,95996,84672,22439,18050,35102,15065,4498,463,2413,1001,321,11027,11487,8850,558,1064,886,512,12,2139,2430,21870,7374,0,0.2650,0.3402,0.4146,12078.1747,4.9343,0.1496,0.3323,0.7548,75.7186,0.0000,18.8029,9.2191,61.8208,0.3094
2020,23,2421,100,1,0,95062,83679,21453,18584,32923,14695,4173,458,2127,1210,377,10395,10823,8796,479,1142,914,521,10,2147,2432,21888,6758,0,0.2564,0.3335,0.3934,11163.2126,4.5540,0.1371,0.3221,0.7269,76.2445,0.0000,19.5493,9.2529,-3.6671,0.3044
2021,5,2420,100,1,0,95553,84204,22221,18164,34291,15101,4419,452,2249,1144,352,10867,11308,8766,526,1092,927,550,14,2165,2430,21870,7120,0,0.2639,0.3391,0.4072,11782.9165,4.8220,0.1433,0.3291,0.7463,76.4706,0.0000,19.0093,9.1740,40.1545,0.3104
2021,23,14467,100,1,0,94701,83466,21555,18346,33520,14543,4278,515,2219,1207,413,10672,11139,8656,531,1175,894,495,15,2122,2432,21888,7012,0,0.2582,0.3346,0.4016,11361.6985,4.6596,0.1434,0.3250,0.7362,74.5062,0.0000,19.3726,9.1403,28.4173,0.3050
2022,5,2420,100,1,0,94908,83704,21907,18255,34126,14775,4349,479,2304,1176,361,10775,11239,8648,565,1057,921,560,18,2151,2432,21888,7132,0,0.2617,0.3364,0.4077,11617.9320,4.7680,0.1460,0.3262,0.7441,76.5127,0.0000,19.2344,9.1120,40.8179,0.3077
2022,23,2421,100,1,0,94232,83622,21617,18101,33200,14785,4219,475,2138,1336,430,10344,10753,8049,590,1114,898,533,16,2001,2430,21870,6832,0,0.2585,0.3298,0.3970,11093.2944,4.5473,0.1385,0.3190,0.7269,75.6512,0.0000,19.2090,8.5417,-1.5988,0.3048
2023,5,2420,100,1,0,95267,84244,22389,18120,34650,15105,4533,525,2226,1293,384,11023,11493,8587,560,990,892,541,13,2172,2430,21870,7284,0,0.2658,0.3388,0.4113,11859.8185,4.8632,0.1455,0.3284,0.7501,77.1020,0.0000,19.0202,9.0136,63.6785,0.3129
2023,23,14502,100,1,0,94632,83817,22032,17796,34051,14897,4432,522,2181,1287,468,10568,11009,8080,587,1154,974,594,13,2016,2432,21888,7135,0,0.2629,0.3339,0.4063,11493.3989,4.7135,0.1434,0.3235,0.7401,73.3333,0.0000,18.8055,8.5383,27.7698,0.3081
2024,5,2420,100,1,0,94543,83918,21786,17985,33443,14770,4448,495,2073,1338,405,10391,10820,8156,565,980,935,534,20,2012,2430,21870,7016,0,0.2596,0.3304,0.3985,11197.5075,4.5795,0.1389,0.3192,0.7289,76.7642,0.0000,19.0231,8.6268,8.5643,0.3061
2024,23,2418,100,1,0,95975,84709,22723,17448,35415,15266,4573,533,2351,1449,503,11252,11715,8517,563,1165,946,623,15,2036,2430,21870,7457,0,0.2682,0.3411,0.4181,12248.7014,5.0037,0.1498,0.3314,0.7591,74.2316,0.0000,18.1797,8.8742,87.2017,0.3109
2025,5,2420,100,1,0,95748,84911,22983,17641,35381,15544,4673,573,2193,1148,425,11154,11620,8259,556,1021,969,572,16,2064,2430,21870,7439,0,0.2707,0.3405,0.4167,12144.3285,4.9713,0.1460,0.3307,0.7571,72.9816,0.0000,18.4244,8.6258,63.9647,0.3167
2025,23,2418,100,1,0,95607,84501,22455,17587,34761,15152,4536,531,2236,1420,497,10950,11376,8429,579,1139,910,614,14,1942,2432,21888,7303,0,0.2657,0.3382,0.4114,11954.8600,4.8900,0.1456,0.3279,0.7496,74.0741,0.0000,18.3951,8.8163,66.0480,0.3097
2026,5,2420,100,1,0,95656,84973,22972,17426,35737,15393,4723,526,2330,1039,389,11180,11642,8211,493,1014,870,568,20,2166,2430,21870,7579,0,0.2703,0.3398,0.4206,12179.4414,4.9830,0.1502,0.3300,0.7603,72.7591,0.0000,18.2174,8.5839,73.4786,0.3138
2026,23,2418,100,1,0,96075,85117,23327,16980,36685,15561,4696,548,2522,1354,440,11704,12175,8239,561,1176,899,631,13,2065,2430,21870,7766,0,0.2741,0.3441,0.4310,12743.8212,5.2272,0.1569,0.3350,0.7751,75.4738,0.0000,17.6737,8.5756,129.2625,0.3141
2027,5,2420,100,1,0,95949,85456,23544,17330,36763,15655,4931,586,2372,1240,468,11698,12147,7942,569,1073,896,573,9,2112,2432,21888,7889,0,0.2755,0.3426,0.4302,12613.9408,5.1633,0.1547,0.3334,0.7728,72.5995,0.0000,18.0617,8.2773,124.0288,0.3192
2027,23,2418,100,1,0,96117,85226,23495,17023,36633,15793,4693,582,2427,1370,431,11523,11959,8252,518,1145,878,605,11,2133,2430,21870,7702,0,0.2757,0.3454,0.4298,12756.8771,5.2363,0.1542,0.3353,0.7752,76.0689,0.0000,17.7107,8.5854,108.6738,0.3174
2028,5,2426,100,1,0,91917,82865,20143,16774,32428,13620,3553,178,2792,1088,391,9449,9838,7013,427,712,761,548,18,1915,2430,21870,6523,0,0.2431,0.3058,0.3913,9894.4430,4.0272,0.1483,0.2988,0.6971,73.5632,0.0000,18.2491,7.6297,-96.7478,0.2718
2028,23,2428,100,1,0,91951,82051,19514,16801,31606,13214,3313,182,2805,1275,473,9193,9596,7849,516,742,753,542,14,1864,2430,21870,6300,0,0.2378,0.3082,0.3852,9821.5047,4.0076,0.1474,0.2976,0.6934,72.9405,0.0000,18.2717,8.5361,-112.2621,0.2653
2029,5,2420,100,1,0,93317,83768,21539,19617,36098,13527,4523,431,3058,1165,447,10822,11273,7321,446,901,741,569,17,1684,2430,21870,8012,0,0.2571,0.3215,0.4309,11669.9762,4.7981,0.1738,0.3141,0.7525,72.2705,0.0000,21.0219,7.8453,64.1774,0.2997
2029,23,2428,100,1,0,93920,83302,21064,19642,35868,13109,4320,421,3214,1419,477,11233,11688,8333,581,985,690,601,9,1722,2432,21888,7955,0,0.2529,0.3259,0.4306,11868.7310,4.8755,0.1777,0.3158,0.7565,74.8418,0.0000,20.9135,8.8724,78.5380,0.2924
2030,5,2420,100,1,0,93518,83225,20996,20818,35691,13211,4134,392,3259,1245,449,10890,11341,8001,390,975,716,576,25,1713,2430,21870,7785,0,0.2523,0.3231,0.4288,11672.9242,4.7983,0.1766,0.3166,0.7519,73.4947,0.0000,22.2610,8.5556,70.2327,0.2970
2030,23,2428,100,1,0,94090,83459,21325,20190,35587,13695,4091,446,3093,1532,488,11052,11506,8338,578,918,737,626,12,1872,2430,21870,7630,0,0.2555,0.3276,0.4264,11803.6002,4.8392,0.1709,0.3167,0.7540,75.8416,0.0000,21.4582,8.8617,56.4715,0.2999
2031,5,2426,100,1,0,93760,83483,21215,20670,35514,13400,4382,382,3051,1253,446,10707,11177,7977,428,968,750,570,12,2015,2430,21870,7815,0,0.2541,0.3243,0.4254,11542.6426,4.7185,0.1713,0.3164,0.7497,73.7493,0.0000,22.0456,8.5079,10.9536,0.3011
2031,23,2428,100,1,0,93770,83508,21551,19437,35738,13799,4350,369,3033,1367,441,10995,11460,8023,528,894,710,622,13,1999,2434,21906,7752,0,0.2581,0.3274,0.4280,11755.2225,4.8288,0.1699,0.3181,0.7554,75.6084,0.0000,20.7284,8.5560,79.9265,0.3003
2032,5,2426,100,1,0,93624,83509,21421,19884,35983,13628,4186,445,3162,1310,521,11024,11505,7787,406,920,737,649,22,1859,2432,21888,7793,0,0.2565,0.3244,0.4309,11722.4435,4.8062,0.1744,0.3170,0.7553,71.5456,0.0000,21.2381,8.3173,63.3547,0.2988
2032,23,2421,100,1,0,93912,83769,21728,19706,36241,13925,4234,428,3141,1344,481,11238,11638,8031,585,747,705,647,13,1846,2430,21870,7803,0,0.2594,0.3273,0.4326,11935.8692,4.9037,0.1733,0.3178,0.7600,73.6438,0.0000,20.9835,8.5516,85.5311,0.3019
2033,5,2420,100,1,0,94022,83474,21486,20111,35997,13643,4299,420,3124,1205,452,11149,11630,8162,407,1020,723,620,23,2008,2430,21870,7843,0,0.2574,0.3288,0.4312,11884.5349,4.8773,0.1738,0.3203,0.7600,72.7218,0.0000,21.3897,8.6809,66.9671,0.3017
2033,23,2418,100,1,0,93566,83445,21280,20032,35690,13567,4166,397,3150,1375,483,10858,11298,7898,527,868,728,609,18,1898,2432,21888,7713,0,0.2550,0.3237,0.4277,11605.1700,4.7560,0.1727,0.3156,0.7514,74.0043,0.0000,21.4095,8.4411,62.2873,0.2978
2034,5,2417,100,1,0,93142,82756,20798,20506,0,0,4357,385,3145,1172,426,10777,11195,7983,417,1047,725,619,12,1986,2430,21870,7887,0,0.2513,0.3228,0.4273,11453.8119,4.7060,0.1760,0.0000,0.7501,73.3417,0.0000,22.0158,8.5708,54.3890,0.2956
2034,23,2418,100,1,0,93230,83177,20976,20317,0,0,4215,368,3066,1328,494,10601,11000,7864,587,828,786,563,12,1833,2430,21870,7649,0,0.2522,0.3210,0.4223,11328.5855,4.6431,0.1701,0.0000,0.7433,72.8869,0.0000,21.7923,8.4351,16.1426,0.2967
2018,40,4581,101,2,0,83541,73762,17387,17787,26490,12153,3142,315,1777,819,277,8192,8555,8226,289,921,158,459,15,1854,2160,19440,5234,0,0.2357,0.3183,0.3591,8630.3635,3.9413,0.1234,0.3130,0.6774,74.7263,0.0000,21.2913,9.8467,-107.7353,0.2856
2018,58,4589,101,2,0,82684,72972,16940,17633,26000,11687,3193,313,1747,799,292,7878,8219,8140,304,950,147,459,16,1877,2162,19458,5253,0,0.2321,0.3154,0.3563,8374.7757,3.8451,0.1242,0.3104,0.6717,73.2356,0.0000,21.3258,9.8447,-138.7443,0.2811
2019,40,4581,101,2,0,83417,74137,17892,17629,27186,12604,3103,364,1821,889,259,8228,8576,7716,315,933,172,445,14,1931,2162,19458,5288,0,0.2413,0.3189,0.3667,8798.7334,4.0230,0.1254,0.3144,0.6856,77.4390,0.0000,21.1336,9.2499,-111.9363,0.2915
2019,58,4591,101,2,0,82604,73125,16989,17978,25828,11822,3170,322,1675,852,332,7857,8181,7930,320,965,164,413,7,1886,2160,19440,5167,0,0.2323,0.3140,0.3532,8252.0494,3.7808,0.1209,0.3072,0.6672,71.9595,0.0000,21.7641,9.6000,-144.8574,0.2842
2020,40,4581,101,2,0,83186,74070,17678,18226,26942,12310,3244,352,1772,990,291,8234,8550,7611,305,908,143,438,16,1826,2162,19458,5368,0,0.2387,0.3155,0.3637,8655.2964,3.9549,0.1251,0.3106,0.6793,77.2834,0.0000,21.9099,9.1494,-105.1033,0.2918
2020,58,4590,101,2,0,82976,73790,17035,18053,25876,11861,3163,355,1656,1061,384,7721,8054,7611,342,946,170,445,14,1805,2164,19476,5174,0,0.2309,0.3091,0.3507,8147.8108,3.6937,0.1198,0.3021,0.6598,73.4256,0.0000,21.7569,9.1725,-159.7115,0.2820
2021,40,4583,101,2,0,83271,74238,18033,17744,27272,12629,3300,373,1731,970,325,8299,8669,7459,290,948,144,476,6,1823,2162,19458,5404,0,0.2429,0.3181,0.3674,8813.3354,4.0351,0.1245,0.3137,0.6854,74.9035,0.0000,21.3087,8.9575,-96.7292,0.2951
2021,58,4591,101,2,0,82824,73638,17169,18276,25969,11970,3223,351,1625,1036,369,7737,8080,7577,324,989,174,432,14,1726,2162,19458,5199,0,0.2332,0.3114,0.3527,8268.9357,3.7732,0.1195,0.3047,0.6641,73.7367,0.0000,22.0661,9.1483,-148.3998,0.2870
2022,40,4582,101,2,0,83525,74423,18262,17502,27448,12944,3229,310,1779,915,340,8402,8786,7526,327,948,143,475,10,1699,2162,19458,5318,0,0.2454,0.3207,0.3688,8979.0384,4.1218,0.1234,0.3153,0.6895,72.9084,0.0000,20.9542,9.0105,-78.0506,0.2964
2022,58,4589,101,2,0,82544,73500,17552,17709,26482,12167,3436,353,1596,1020,330,7925,8359,7480,351,931,180,439,14,1801,2160,19440,5385,0,0.2388,0.3153,0.3603,8498.3994,3.9091,0.1215,0.3089,0.6756,75.5556,0.0000,21.4540,9.0618,-126.6166,0.2921
2023,40,14444,101,2,0,84049,74745,18642,17558,28327,13056,3347,379,1860,985,328,8850,9218,7689,316,961,154,485,15,1847,2164,19476,5586,0,0.2494,0.3254,0.3790,9366.7395,4.2925,0.1296,0.3192,0.7044,75.0190,0.0000,20.8902,9.1482,-38.8839,0.3007
2023,58,4589,101,2,0,83714,74385,18290,17137,28143,12556,3500,349,1885,1089,382,8637,9032,7684,361,997,178,463,7,1852,2162,19458,5734,0,0.2459,0.3229,0.3783,9221.9035,4.2223,0.1325,0.3174,0.7012,74.0313,0.0000,20.4709,9.1789,-61.5609,0.2939
2024,40,4581,101,2,0,84387,74776,19233,16787,29534,13343,3500,369,2021,981,328,9415,9798,8002,332,967,166,468,8,1938,2160,19440,5890,0,0.2572,0.3349,0.3950,10026.3961,4.6321,0.1378,0.3296,0.7299,74.9427,0.0000,19.8929,9.4825,25.7873,0.3050
2024,58,4591,101,2,0,83927,74579,18561,17293,28401,12852,3449,389,1871,1131,452,8894,9295,7798,364,855,162,520,13,1848,2162,19458,5709,0,0.2489,0.3249,0.3808,9351.9984,4.2797,0.1319,0.3189,0.7058,71.4466,0.0000,20.6048,9.2914,-30.5142,0.2984
2025,40,4581,101,2,0,84951,75320,19425,17116,30596,13155,3615,409,2246,866,314,9724,10081,8043,357,896,169,508,15,1840,2162,19458,6270,0,0.2579,0.3346,0.4062,10377.6245,4.7712,0.1483,0.3312,0.7408,73.3898,0.0000,20.1481,9.4678,40.6569,0.3042
2025,58,4590,101,2,0,84230,74679,18808,16463,28872,12926,3590,402,1890,1107,421,9053,9443,7952,332,959,126,495,19,1942,2160,19440,5882,0,0.2519,0.3297,0.3866,9635.5570,4.4204,0.1348,0.3222,0.7163,72.4476,0.0000,19.5453,9.4408,-21.1139,0.2977
2026,40,4581,101,2,0,84206,74780,19375,17240,30437,13151,3593,424,2207,1004,377,9596,9993,7942,288,876,126,469,13,1879,2160,19440,6224,0,0.2591,0.3354,0.4070,10315.9840,4.7812,0.1479,0.3325,0.7424,72.7009,0.0000,20.4736,9.4316,47.3608,0.3077
2026,58,4590,101,2,0,84590,74666,19188,16061,29615,13160,3615,427,1986,1225,429,9464,9861,8214,315,992,183,525,10,1852,2160,19440,6028,0,0.2570,0.3364,0.3966,10167.2809,4.6952,0.1396,0.3292,0.7331,74.0629,0.0000,18.9869,9.7104,25.5053,0.3010
2027,40,4581,101,2,0,85404,75476,19821,16725,31093,13580,3528,395,2318,1038,310,10085,10533,8400,330,880,149,491,8,1987,2160,19440,6241,0,0.2626,0.3414,0.4120,10763.7100,4.9601,0.1493,0.3369,0.7533,77.0030,0.0000,19.5834,9.8356,93.0257,0.3075
2027,58,4590,101,2,0,85187,74941,19322,16184,30190,13073,3736,407,2106,1342,434,9876,10314,8632,328,964,142,499,9,1906,2162,19458,6249,0,0.2578,0.3401,0.4029,10493.7949,4.8350,0.1450,0.3334,0.7429,75.5631,0.0000,18.9982,10.1330,53.3399,0.3012
2028,40,4581,101,2,0,86142,76591,20775,7502,29484,15012,3807,966,990,688,215,9744,10267,8214,346,235,236,849,17,1651,2160,19440,5763,0,0.2712,0.3403,0.3850,10327.8205,4.7450,0.1137,0.3346,0.7252,76.1905,0.0000,8.7089,9.5354,45.4813,0.2870
2028,58,4589,101,2,0,86381,76329,20425,7449,29348,14447,3943,1125,910,901,290,9741,10280,8682,409,249,196,911,14,1526,2164,19476,5978,0,0.2676,0.3407,0.3845,10397.7331,4.7723,0.1169,0.3343,0.7252,75.6507,0.0000,8.6234,10.0508,58.5999,0.2833
2029,40,14348,101,2,0,87415,76929,20850,8388,29500,15296,3518,976,1060,698,226,10136,10652,9092,325,290,242,848,14,1540,2162,19458,5554,0,0.2710,0.3469,0.3835,10677.7480,4.8918,0.1124,0.3416,0.7303,75.5411,0.0000,9.5956,10.4010,85.3439,0.2896
2029,58,4590,101,2,0,85553,75674,19740,8309,27864,14341,3551,971,877,689,251,8983,9468,8650,401,244,196,779,10,1503,2160,19440,5399,0,0.2609,0.3355,0.3682,9721.4141,4.4743,0.1074,0.3294,0.7037,73.2979,0.0000,9.7121,10.1107,-18.6540,0.2804
2030,40,4581,101,2,0,86929,77014,21049,8275,29800,15423,3607,913,1106,754,186,9889,10468,8653,359,274,242,737,9,1639,2162,19458,5626,0,0.2733,0.3458,0.3869,10664.7466,4.8997,0.1136,0.3394,0.7328,80.2128,0.0000,9.5193,9.9541,60.5905,0.2917
2030,58,4589,101,2,0,85269,75783,20176,7905,28690,14669,3557,893,1057,847,223,9407,9929,8336,314,241,179,717,13,1573,2160,19440,5507,0,0.2662,0.3380,0.3786,10037.3341,4.6486,0.1123,0.3327,0.7165,79.1589,0.0000,9.2707,9.7761,21.5721,0.2831
2031,40,4582,101,2,0,86968,76999,21071,8183,29982,15339,3663,959,1110,690,230,9875,10389,8693,337,259,229,775,13,1649,2164,19476,5732,0,0.2737,0.3462,0.3894,10714.1009,4.9188,0.1157,0.3407,0.7356,75.0000,0.0000,9.4092,9.9956,73.6884,0.2915
2031,58,4591,101,2,0,85852,76391,20295,7725,28742,14697,3728,891,979,797,241,9245,9727,8241,355,262,239,709,10,1653,2162,19458,5598,0,0.2657,0.3364,0.3762,9956.4670,4.5611,0.1106,0.3305,0.7127,76.7823,0.0000,8.9980,9.5991,3.9449,0.2824
2032,40,4582,101,2,0,86414,76467,20525,8368,28930,15050,3559,902,1014,649,202,9467,10044,8746,331,247,211,731,12,1716,2160,19440,5475,0,0.2684,0.3425,0.3783,10225.0011,4.6950,0.1099,0.3372,0.7208,76.2632,0.0000,9.6836,10.1210,19.8814,0.2877
2032,58,4590,101,2,0,85235,75597,19876,7864,27943,14619,3401,902,954,652,247,8959,9502,8420,370,252,203,742,21,1663,2160,19440,5257,0,0.2629,0.3358,0.3696,9669.3683,4.4570,0.1067,0.3300,0.7054,72.5250,0.0000,9.2263,9.8786,-28.0071,0.2802
2033,40,4583,101,2,0,86277,76185,20416,8264,28879,14999,3415,958,1044,696,195,9515,10039,8906,336,280,199,697,10,1784,2160,19440,5417,0,0.2680,0.3439,0.3791,10249.0241,4.7187,0.1111,0.3376,0.7230,78.1145,0.0000,9.5785,10.3226,13.6127,0.2867
2033,58,4589,101,2,0,85285,75611,20041,7852,28396,14525,3604,985,927,899,263,9197,9720,8399,368,286,226,750,13,1750,2160,19440,5516,0,0.2651,0.3378,0.3756,9878.4155,4.5547,0.1105,0.3322,0.7133,77.3666,0.0000,9.2068,9.8482,0.3112,0.2828
2034,40,4582,101,2,0,85594,75994,20240,8343,0,0,3461,861,1076,636,195,9128,9675,8484,292,252,169,682,13,1701,2160,19440,5398,0,0.2663,0.3392,0.3770,10005.2691,4.6177,0.1107,0.0000,0.7163,76.5343,0.0000,9.7472,9.9119,11.3307,0.2849
2034,58,4591,101,2,0,86091,76371,20443,8210,0,0,3605,893,1010,729,249,9355,9885,8478,387,281,201,738,22,1672,2162,19458,5508,0,0.2677,0.3401,0.3779,10113.7963,4.6450,0.1103,0.0000,0.7180,74.5399,0.0000,9.5364,9.8477,31.9994,0.2862
2018,66,5560,102,3,0,75455,66787,15473,15933,23489,10767,2873,356,1477,1075,402,7290,7604,7153,252,903,166,435,11,1519,1962,17658,4706,0,0.2317,0.3126,0.3517,7558.2632,3.7906,0.1200,0.3072,0.6643,72.7827,0.0000,21.1159,9.4798,-123.0481,0.2810
2018,81,6534,102,3,0,75175,66531,15072,16556,23056,10440,2797,318,1517,855,357,6906,7235,7160,280,887,182,397,18,1520,1960,17640,4632,0,0.2265,0.3084,0.3465,7297.9470,3.6547,0.1200,0.3029,0.6549,70.5446,0.0000,22.0233,9.5244,-163.7234,0.2775
2019,66,5572,102,3,0,75584,66956,15882,16508,24019,11088,2930,385,1479,1061,438,7428,7784,7099,246,881,167,459,22,1433,1960,17640,4794,0,0.2372,0.3165,0.3587,7830.8356,3.9468,0.1215,0.3143,0.6752,70.7805,0.0000,21.8406,9.3922,-94.4723,0.2914
2019,81,6534,102,3,0,77015,67729,16521,15883,24246,11885,2893,397,1346,944,371,7757,8115,7708,237,932,140,489,17,1545,1960,17640,4636,0,0.2439,0.3274,0.3580,8226.1482,4.1320,0.1141,0.3201,0.6854,71.7871,0.0000,20.6233,10.0084,-76.4246,0.2976
2020,66,5572,102,3,0,76404,67552,16667,16162,24984,11772,2992,384,1519,1088,457,8030,8406,7300,252,925,144,474,9,1532,1962,17658,4895,0,0.2467,0.3264,0.3698,8377.5603,4.2286,0.1231,0.3234,0.6963,70.4207,0.0000,21.1533,9.5545,-36.8115,0.3009
2020,81,6543,102,3,0,76303,67185,16427,16338,24246,11727,2942,397,1361,1122,402,7780,8160,7607,246,908,142,452,9,1535,1960,17640,4700,0,0.2445,0.3275,0.3609,8228.2541,4.1690,0.1164,0.3209,0.6884,73.6220,0.0000,21.4120,9.9695,-53.2210,0.3017
2021,66,5560,102,3,0,76339,67336,16521,16563,24692,11747,2873,405,1496,1062,455,7819,8191,7533,265,819,174,464,13,1587,1960,17640,4774,0,0.2454,0.3266,0.3667,8279.3619,4.1788,0.1213,0.3235,0.6933,70.0066,0.0000,21.6966,9.8678,-43.5530,0.3021
2021,81,6543,102,3,0,76892,67669,16821,16391,24523,12113,3029,364,1315,995,438,7835,8187,7687,279,857,161,510,8,1529,1962,17658,4708,0,0.2486,0.3306,0.3624,8380.6679,4.2306,0.1138,0.3239,0.6930,69.4348,0.0000,21.3169,9.9971,-62.8706,0.3072
2022,66,5557,102,3,0,77187,67668,17054,16563,25255,12214,2987,345,1508,969,381,8252,8660,8002,287,897,157,455,8,1654,1960,17640,4840,0,0.2520,0.3370,0.3732,8775.2864,4.4485,0.1212,0.3313,0.7102,71.7778,0.0000,21.4583,10.3670,-13.8821,0.3106
2022,81,6537,102,3,0,77564,67845,17207,16464,25861,12107,3126,394,1580,970,443,8637,9035,8296,289,787,155,473,8,1583,1960,17640,5100,0,0.2536,0.3397,0.3812,9066.1186,4.5933,0.1276,0.3356,0.7208,68.6483,0.0000,21.2263,10.6957,35.0574,0.3108
2023,66,5566,102,3,0,78294,68319,17942,16106,27072,12620,3229,378,1715,1105,484,9101,9532,8426,230,887,146,505,11,1665,1960,17640,5322,0,0.2626,0.3488,0.3963,9732.4355,4.9415,0.1336,0.3456,0.7451,69.5406,0.0000,20.5712,10.7620,81.7713,0.3182
2023,81,6546,102,3,0,77733,67942,17601,16112,26240,12405,3293,363,1540,905,382,8788,9188,8176,248,929,167,507,12,1706,1960,17640,5196,0,0.2591,0.3444,0.3862,9300.9674,4.7290,0.1272,0.3394,0.7306,70.3186,0.0000,20.7274,10.5181,44.2356,0.3162
2024,66,5566,102,3,0,78288,68160,17746,16411,27467,12276,3171,347,1952,993,417,9186,9585,8608,238,905,123,476,16,1582,1960,17640,5470,0,0.2604,0.3488,0.4030,9909.5736,5.0471,0.1426,0.3464,0.7518,70.4255,0.0000,20.9623,10.9953,68.2585,0.3142
2024,81,6534,102,3,0,78121,68109,17595,16281,26609,12233,3343,386,1633,888,404,8895,9312,8452,256,900,172,476,12,1746,1962,17658,5362,0,0.2583,0.3458,0.3907,9451.8320,4.7869,0.1323,0.3401,0.7364,68.7307,0.0000,20.8407,10.8191,47.9051,0.3150
2025,66,5560,102,3,0,78911,68477,18419,15233,27964,12851,3383,393,1792,1126,437,9700,10103,8923,231,874,126,501,10,1696,1960,17640,5568,0,0.2690,0.3582,0.4084,10367.8512,5.2999,0.1394,0.3537,0.7666,72.0409,0.0000,19.3040,11.3077,92.0360,0.3200
2025,81,6534,102,3,0,76990,67384,17138,16134,25994,11964,3137,392,1645,1179,454,8519,8890,8036,257,852,173,533,12,1654,1962,17658,5174,0,0.2543,0.3389,0.3858,9078.4684,4.6197,0.1314,0.3345,0.7246,72.1984,0.0000,20.9560,10.4377,12.1909,0.3090
2026,66,5557,102,3,0,78445,68298,18190,15385,27754,12647,3331,403,1809,1089,438,9645,10065,8630,235,813,114,574,16,1689,1960,17640,5543,0,0.2663,0.3528,0.4064,10105.0057,5.1553,0.1400,0.3492,0.7592,71.3163,0.0000,19.6125,11.0013,118.8216,0.3170
2026,81,6543,102,3,0,78340,68252,17872,15358,27164,12424,3308,436,1704,1356,522,9246,9675,8620,282,802,152,502,12,1659,1960,17640,5448,0,0.2619,0.3491,0.3980,9806.1507,4.9754,0.1361,0.3440,0.7471,72.2045,0.0000,19.6043,11.0033,65.6277,0.3128
2027,66,5566,102,3,0,79281,68844,18573,14757,28506,12890,3332,452,1899,1299,482,9881,10330,8793,234,936,113,583,12,1745,1960,17640,5683,0,0.2698,0.3575,0.4141,10530.1632,5.3449,0.1443,0.3545,0.7716,72.9366,0.0000,18.6135,11.0909,144.6248,0.3160
2027,81,6537,102,3,0,78044,67632,17662,15257,26718,12294,3295,458,1615,1542,501,9117,9537,8696,286,952,185,562,17,1562,1960,17640,5368,0,0.2611,0.3508,0.3950,9817.8140,5.0224,0.1339,0.3438,0.7459,75.4772,0.0000,19.5492,11.1424,76.8475,0.3127
2028,66,5572,102,3,0,78070,69117,18621,7027,26284,13482,3472,810,857,652,249,8785,9228,7717,260,206,226,795,9,1555,1960,17640,5139,0,0.2694,0.3410,0.3803,9237.3971,4.6775,0.1109,0.3367,0.7213,72.3640,0.0000,9.0009,9.8847,42.1319,0.2864
2028,81,6546,102,3,0,78452,68890,18292,7137,25986,13140,3468,826,858,725,250,8741,9239,8320,387,210,228,788,16,1396,1960,17640,5152,0,0.2655,0.3430,0.3772,9311.0051,4.7202,0.1117,0.3358,0.7202,74.3590,0.0000,9.0973,10.6052,43.1265,0.2826
2029,66,5566,102,3,0,78996,69927,19008,7027,27075,13832,3328,805,1043,669,192,9172,9653,7843,262,235,209,768,14,1403,1960,17640,5176,0,0.2718,0.3438,0.3872,9670.4170,4.8812,0.1154,0.3395,0.7310,77.7003,0.0000,8.8954,9.9284,72.6954,0.2869
2029,81,6543,102,3,0,79565,69952,18907,7305,27013,13701,3301,910,995,685,226,9267,9714,8302,313,257,255,781,18,1245,1968,17712,5206,0,0.2703,0.3464,0.3862,9820.5919,4.9514,0.1159,0.3400,0.7326,75.1921,0.0000,9.1812,10.4342,77.1019,0.2869
2030,66,5560,102,3,0,78356,70017,18840,7640,26316,13921,3198,885,836,633,175,8528,9017,7152,279,252,237,685,13,1410,1962,17658,4919,0,0.2691,0.3360,0.3759,9120.7422,4.5872,0.1068,0.3309,0.7119,78.3416,0.0000,9.7504,9.1276,-1.4724,0.2893
2030,81,14349,102,3,0,78741,69830,18404,7777,26015,13438,3212,863,891,578,209,8370,8907,7744,382,229,234,695,9,1300,1962,17658,4966,0,0.2636,0.3360,0.3725,9087.9129,4.5554,0.1090,0.3292,0.7086,73.4435,0.0000,9.8767,9.8348,-16.9271,0.2831
2031,66,5557,102,3,0,78581,69444,18494,7317,26315,13524,3138,813,1019,743,214,8695,9174,7992,258,262,203,672,8,1338,1962,17658,4970,0,0.2663,0.3413,0.3789,9374.8886,4.7422,0.1126,0.3350,0.7202,77.6385,0.0000,9.3114,10.1704,12.2214,0.2829
2031,81,6546,102,3,0,78009,69244,18330,7339,26387,13197,3261,820,1052,632,215,8651,9119,7673,310,209,204,664,15,1339,1962,17658,5133,0,0.2647,0.3370,0.3811,9211.3314,4.6630,0.1164,0.3326,0.7180,74.6163,0.0000,9.4079,9.8360,11.5060,0.2809
2032,66,5557,102,3,0,78746,69827,18908,7603,26549,13836,3404,767,901,684,195,8634,9156,7853,283,242,196,621,7,1500,1962,17658,5072,0,0.2708,0.3438,0.3802,9436.9890,4.7687,0.1094,0.3392,0.7240,77.8157,0.0000,9.6551,9.9726,23.9669,0.2907
2032,81,6546,102,3,0,78301,69216,18320,7794,25739,13423,3230,812,855,627,227,8402,8930,8023,332,229,243,581,9,1338,1960,17640,4897,0,0.2647,0.3405,0.3719,9119.9340,4.6212,0.1072,0.3338,0.7123,73.4192,0.0000,9.9539,10.2464,7.9958,0.2856
2033,66,5557,102,3,0,78404,69541,18446,7503,26267,13427,3193,850,976,601,181,8615,9071,7767,267,224,200,661,11,1408,1960,17640,5019,0,0.2653,0.3381,0.3777,9203.2912,4.6407,0.1125,0.3343,0.7158,76.8542,0.0000,9.5697,9.9064,10.7763,0.2830
2033,81,6537,102,3,0,79796,70093,18875,7020,26701,13784,3313,821,957,678,203,9002,9501,8521,317,236,231,707,8,1458,1960,17640,5091,0,0.2693,0.3473,0.3809,9678.9791,4.8559,0.1117,0.3403,0.7283,76.9580,0.0000,8.7974,10.6785,40.5230,0.2852
2034,66,5566,102,3,0,77799,69237,18555,7450,0,0,3151,829,967,616,200,8528,9019,7507,254,241,187,618,9,1489,1960,17640,4947,0,0.2680,0.3389,0.3793,9160.9897,4.6515,0.1114,0.0000,0.7183,75.4902,0.0000,9.5760,9.6492,12.8291,0.2863
2034,81,6546,102,3,0,78641,69341,18307,7458,0,0,3181,760,921,687,215,8439,8944,8149,348,264,238,639,10,1562,1962,17658,4862,0,0.2640,0.3408,0.3717,9098.1251,4.5755,0.1076,0.0000,0.7125,76.1641,0.0000,9.4836,10.3623,-11.0447,0.2822
2018,98,7515,103,4,0,76833,67382,16650,13982,24806,11765,3077,345,1463,972,391,8059,8432,7613,268,1104,187,537,10,1641,1960,17640,4885,0,0.2471,0.3310,0.3681,8469.9705,4.2755,0.1210,0.3263,0.6991,71.3133,0.0000,18.1979,9.9085,-23.7729,0.2894
2018,112,8498,103,4,0,77002,67614,16967,13890,24992,12071,3153,357,1386,938,382,8193,8596,7585,294,1037,198,555,13,1645,1960,17640,4896,0,0.2509,0.3332,0.3696,8580.4254,4.3362,0.1187,0.3275,0.7029,71.0606,0.0000,18.0385,9.8504,-16.4307,0.2946
2019,98,7515,103,4,0,77115,67822,17460,14205,25504,12450,3280,426,1304,1100,488,8488,8919,7385,252,1096,182,615,15,1493,1960,17640,5010,0,0.2574,0.3373,0.3760,8897.2026,4.5206,0.1186,0.3317,0.7133,69.2695,0.0000,18.4205,9.5766,20.9121,0.3052
2019,112,14347,103,4,0,76907,67963,17235,14634,25355,12173,3333,400,1329,1063,421,8226,8614,7147,332,1095,189,502,11,1571,1962,17658,5062,0,0.2536,0.3321,0.3731,8650.4061,4.3729,0.1195,0.3273,0.7052,71.6307,0.0000,19.0282,9.2930,-25.2808,0.3030
2020,98,7527,103,4,0,77786,68894,17824,15314,25923,12787,3295,422,1320,1004,450,8304,8693,7112,270,1045,190,533,12,1561,1960,17640,5037,0,0.2587,0.3349,0.3763,8898.2654,4.4653,0.1176,0.3304,0.7111,69.0509,0.0000,19.6873,9.1430,-43.5994,0.3126
2020,112,8513,103,4,0,77927,68724,18162,14924,26479,12954,3448,411,1349,936,455,8614,9033,7414,316,1038,190,551,10,1623,1960,17640,5208,0,0.2643,0.3424,0.3853,9278.9454,4.6933,0.1210,0.3373,0.7277,67.2897,0.0000,19.1513,9.5140,35.3329,0.3172
2021,98,7533,103,4,0,77778,68598,18049,15656,26326,12921,3356,395,1377,903,422,8667,9110,7424,236,1077,166,500,13,1606,1964,17676,5128,0,0.2631,0.3421,0.3838,9236.3982,4.6839,0.1207,0.3387,0.7259,68.1509,0.0000,20.1291,9.5451,33.3601,0.3202
2021,112,8498,103,4,0,78157,68944,18373,15577,26560,13318,3282,414,1359,814,418,8758,9146,7485,272,995,182,535,16,1611,1962,17658,5055,0,0.2665,0.3445,0.3852,9368.5098,4.7443,0.1187,0.3399,0.7297,66.0714,0.0000,19.9304,9.5769,29.8170,0.3238
2022,98,7521,103,4,0,78940,68880,18843,15121,28099,13224,3583,435,1601,1003,454,9819,10267,8288,204,1042,114,602,14,1620,1960,17640,5619,0,0.2736,0.3575,0.4079,10371.8906,5.3011,0.1344,0.3539,0.7654,68.8401,0.0000,19.1551,10.4991,128.8247,0.3268
2022,112,8495,103,4,0,78573,69107,18737,15402,27777,13154,3629,451,1503,881,420,9333,9753,7756,263,971,186,538,15,1647,1960,17640,5583,0,0.2711,0.3504,0.4019,9961.2829,5.0592,0.1308,0.3469,0.7524,67.7171,0.0000,19.6022,9.8711,75.3912,0.3268
2023,98,7515,103,4,0,79080,69032,18782,15739,28484,12946,3679,448,1709,980,433,9789,10255,8306,220,1060,114,554,14,1571,1960,17640,5836,0,0.2721,0.3565,0.4126,10488.1927,5.3509,0.1405,0.3541,0.7691,69.3560,0.0000,19.9026,10.5033,112.8560,0.3275
2023,112,8513,103,4,0,78801,68856,18827,15522,28130,13080,3718,502,1527,1047,503,9717,10117,8319,265,902,182,530,12,1675,1960,17640,5747,0,0.2734,0.3568,0.4085,10301.2568,5.2558,0.1351,0.3521,0.7653,67.5484,0.0000,19.6977,10.5570,109.0036,0.3306
2024,98,7533,103,4,0,79424,69416,19211,15093,28894,13378,3666,484,1683,1096,445,9976,10443,8327,203,962,152,554,13,1656,1960,17640,5833,0,0.2768,0.3596,0.4162,10702.2146,5.4508,0.1395,0.3558,0.7758,71.1226,0.0000,19.0031,10.4842,124.3835,0.3295
2024,112,8513,103,4,0,78639,68958,18866,15439,28365,13088,3690,455,1633,1153,512,9495,9933,8079,302,852,169,569,12,1649,1960,17640,5778,0,0.2736,0.3543,0.4113,10300.3920,5.2483,0.1378,0.3500,0.7656,69.2492,0.0000,19.6328,10.2735,109.0894,0.3285
2025,98,7533,103,4,0,79677,69937,19318,14917,28924,13553,3602,485,1678,1233,493,10068,10496,8015,193,969,168,570,18,1524,1980,17820,5765,0,0.2762,0.3560,0.4136,10636.4119,5.3806,0.1374,0.3531,0.7696,71.4368,0.0000,18.7218,10.0594,161.5085,0.3272
2025,112,14346,103,4,0,79738,69451,19446,15353,29144,13395,3992,471,1588,1264,482,10372,10833,8581,301,943,138,610,15,1687,1964,17676,6051,0,0.2800,0.3640,0.4196,10955.3941,5.5893,0.1396,0.3588,0.7836,72.3940,0.0000,19.2543,10.7615,175.2338,0.3362
2026,98,7521,103,4,0,78836,69001,18592,15638,27889,12936,3598,475,1583,1177,487,9426,9859,8121,225,983,147,572,12,1479,1960,17640,5656,0,0.2694,0.3520,0.4042,10179.0118,5.1764,0.1347,0.3481,0.7562,70.7332,0.0000,19.8361,10.3011,111.5815,0.3249
2026,112,8507,103,4,0,78584,68481,18530,15037,27918,12787,3664,513,1566,1387,534,9718,10179,8367,299,961,163,597,15,1524,1962,17658,5743,0,0.2706,0.3553,0.4077,10305.0196,5.2727,0.1371,0.3503,0.7630,72.2020,0.0000,19.1349,10.6472,131.6321,0.3233
2027,98,7527,103,4,0,78989,69304,19107,15203,29040,13114,3771,504,1718,1251,513,10118,10543,8071,188,957,122,523,12,1579,1960,17640,5993,0,0.2757,0.3568,0.4190,10659.0813,5.4369,0.1433,0.3544,0.7758,70.9184,0.0000,19.2470,10.2179,136.6002,0.3287
2027,112,8498,103,4,0,79595,69525,19705,14448,29676,13621,3898,485,1701,1205,555,10486,10962,8283,293,1008,151,612,16,1656,1960,17640,6084,0,0.2834,0.3651,0.4268,11120.3374,5.6872,0.1434,0.3604,0.7919,68.4659,0.0000,18.1519,10.4064,173.6310,0.3335
2028,98,7521,103,4,0,78797,69795,18982,7500,27245,13536,3588,899,959,709,229,9180,9601,7731,245,260,195,800,16,1410,1960,17640,5446,0,0.2720,0.3432,0.3904,9693.8912,4.8971,0.1184,0.3399,0.7336,75.5864,0.0000,9.5181,9.8113,53.4739,0.2901
2028,112,8474,103,4,0,78475,69284,18879,7018,26606,13660,3509,912,798,775,235,8993,9463,7866,281,245,238,832,10,1474,1960,17640,5219,0,0.2725,0.3450,0.3840,9537.3471,4.8418,0.1115,0.3382,0.7290,76.7327,0.0000,8.9430,10.0236,64.5772,0.2902
2029,98,7533,103,4,0,78749,69080,18454,7132,26039,13693,2931,836,994,688,189,9060,9543,8476,225,227,189,764,13,1295,1960,17640,4761,0,0.2671,0.3457,0.3769,9487.3630,4.8274,0.1098,0.3409,0.7227,78.4493,0.0000,9.0566,10.7633,56.5343,0.2829
2029,112,8498,103,4,0,79114,69506,19138,6956,26839,14094,3258,915,871,716,242,9356,9839,8330,286,237,204,826,11,1284,1960,17640,5044,0,0.2753,0.3511,0.3861,9895.3463,5.0483,0.1108,0.3462,0.7373,74.7390,0.0000,8.7924,10.5291,90.1368,0.2922
2030,98,7527,103,4,0,78189,69497,18574,7324,26362,13483,3367,751,973,639,218,8743,9190,7536,250,202,208,733,13,1256,1960,17640,5091,0,0.2673,0.3375,0.3793,9255.3068,4.6851,0.1121,0.3339,0.7168,74.5624,0.0000,9.3670,9.6382,40.1197,0.2842
2030,112,14350,103,4,0,78825,69470,18528,7694,26280,13542,3223,760,1003,703,240,8857,9342,8237,280,208,218,678,14,1233,1962,17658,4986,0,0.2667,0.3432,0.3783,9459.0437,4.7906,0.1116,0.3369,0.7215,74.5493,0.0000,9.7609,10.4497,37.1163,0.2852
2031,98,7518,103,4,0,77866,68712,17951,7406,25199,13236,3068,761,886,593,162,8482,8957,7951,243,245,226,723,9,1346,1960,17640,4715,0,0.2612,0.3368,0.3667,8882.7302,4.5066,0.1055,0.3298,0.7035,78.5430,0.0000,9.5112,10.2111,10.5860,0.2791
2031,112,8498,103,4,0,77088,68833,17941,7788,25450,13039,3167,863,872,629,193,8174,8612,7165,284,238,218,624,10,1303,1960,17640,4902,0,0.2606,0.3297,0.3697,8683.6014,4.4046,0.1091,0.3263,0.6995,76.5207,0.0000,10.1027,9.2946,-32.7651,0.2808
2032,98,7515,103,4,0,78937,69861,18777,7532,26573,13755,3223,824,975,643,206,8857,9397,7896,264,225,239,700,16,1360,1960,17640,5022,0,0.2688,0.3419,0.3804,9449.1335,4.7608,0.1116,0.3364,0.7222,75.7362,0.0000,9.5418,10.0029,37.5367,0.2869
2032,112,8507,103,4,0,78315,69527,18556,7445,26244,13598,3160,866,932,685,208,8594,9050,7672,323,222,228,651,15,1389,1960,17640,4958,0,0.2669,0.3388,0.3775,9212.9849,4.6542,0.1106,0.3331,0.7163,76.7077,0.0000,9.5065,9.7963,2.0065,0.2852
2033,98,7518,103,4,0,78630,69511,18492,7215,26257,13367,3384,842,899,635,208,8807,9334,7966,243,260,184,699,10,1353,1960,17640,5125,0,0.2660,0.3406,0.3777,9318.5022,4.7061,0.1117,0.3357,0.7184,75.3262,0.0000,9.1759,10.1310,38.8273,0.2833
2033,112,8513,103,4,0,77879,69173,18066,8206,25647,13038,3348,807,873,643,245,8258,8762,7610,321,237,192,650,17,1302,1960,17640,5028,0,0.2612,0.3336,0.3708,8879.9240,4.4818,0.1096,0.3285,0.7044,72.4099,0.0000,10.5369,9.7716,-25.3448,0.2830
2034,98,7515,103,4,0,78768,69284,18511,6606,0,0,3009,840,949,664,215,9067,9576,8307,213,239,207,719,12,1407,1960,17640,4798,0,0.2672,0.3445,0.3759,9378.8672,4.7491,0.1088,0.0000,0.7204,75.5404,0.0000,8.3867,10.5462,61.4558,0.2812
2034,112,8513,103,4,0,78068,68937,17821,7520,0,0,3042,815,886,712,207,8319,8797,7987,314,220,239,678,7,1345,1962,17658,4743,0,0.2585,0.3345,0.3648,8795.1495,4.4316,0.1063,0.0000,0.6993,77.4755,0.0000,9.6326,10.2308,-22.1720,0.2767
2018,135,9040,104,5,0,40873,36649,9031,7765,13216,6470,1632,234,695,480,213,4052,4256,3297,132,564,77,275,11,850,1064,9576,2561,0,0.2464,0.3161,0.3606,4231.7667,3.9354,0.1142,0.3118,0.6767,69.2641,0.0000,18.9979,8.0664,-46.9937,0.2929
2018,149,9539,104,5,0,41362,36817,8869,7711,13139,6269,1656,218,726,492,226,3912,4099,3606,201,562,103,267,7,809,1066,9594,2600,0,0.2409,0.3160,0.3569,4242.6105,3.9025,0.1160,0.3095,0.6729,68.5237,0.0000,18.6427,8.7181,-79.8043,0.2843
2019,135,9037,104,5,0,41662,37321,9792,7916,14165,7014,1864,233,681,439,217,4476,4697,3447,133,532,85,271,6,802,1064,9576,2778,0,0.2624,0.3313,0.3795,4768.9468,4.4548,0.1172,0.3263,0.7108,66.9207,0.0000,19.0005,8.2737,4.2737,0.3142
2019,149,9569,104,5,0,41462,36917,9405,7689,13984,6568,1860,212,765,384,191,4342,4537,3589,182,568,107,275,6,854,1066,9594,2837,0,0.2548,0.3280,0.3788,4654.5692,4.3427,0.1240,0.3236,0.7068,66.7826,0.0000,18.5447,8.6561,-26.8932,0.3006
2020,135,9037,104,5,0,41845,37454,10116,7747,14445,7317,1927,214,658,423,196,4654,4873,3388,145,612,83,297,11,871,1064,9576,2799,0,0.2701,0.3381,0.3857,4948.6197,4.6417,0.1156,0.3336,0.7238,68.3360,0.0000,18.5136,8.0965,34.6589,0.3223
2020,149,9563,104,5,0,42001,37262,9976,7559,14578,7022,2007,246,701,378,232,4714,4930,3721,192,581,104,329,4,768,1064,9576,2954,0,0.2677,0.3408,0.3912,5080.2475,4.7762,0.1235,0.3362,0.7321,61.9672,0.0000,17.9972,8.8593,44.6507,0.3162
2021,135,9031,104,5,0,43082,38171,10174,8258,15028,7152,1980,252,790,459,198,4978,5205,3844,142,624,115,320,8,832,1080,9720,3022,0,0.2665,0.3408,0.3937,5251.4119,4.8126,0.1272,0.3363,0.7345,69.8630,0.0000,19.1681,8.9225,45.8523,0.3187
2021,149,9575,104,5,0,41698,37096,9782,8250,14429,6837,1981,226,738,503,269,4658,4879,3597,206,644,64,286,11,821,1064,9576,2945,0,0.2637,0.3369,0.3890,4939.5454,4.6382,0.1253,0.3318,0.7259,65.1554,0.0000,19.7851,8.6263,24.1839,0.3185
2022,135,9040,104,5,0,42560,37672,10382,7781,15611,7085,2195,272,830,438,237,5229,5462,3906,132,562,90,324,6,841,1064,9576,3297,0,0.2756,0.3497,0.4144,5560.5170,5.2162,0.1388,0.3474,0.7641,64.8889,0.0000,18.2824,9.1776,72.4662,0.3251
2022,149,14367,104,5,0,42484,37681,10178,8346,15035,7067,2110,256,745,516,259,4859,5083,3842,173,578,78,300,5,803,1066,9594,3111,0,0.2701,0.3443,0.3990,5290.9225,4.9357,0.1289,0.3388,0.7433,66.5806,0.0000,19.6450,9.0434,27.5610,0.3265
2023,135,9031,104,5,0,42992,38059,10733,7954,16001,7438,2187,243,865,612,278,5479,5692,4036,124,534,80,276,7,866,1064,9576,3295,0,0.2820,0.3567,0.4204,5817.2030,5.4487,0.1384,0.3526,0.7771,68.7640,0.0000,18.5011,9.3878,79.3000,0.3343
2023,149,9575,104,5,0,42931,37937,10393,8302,15745,7059,2165,320,849,604,283,5198,5445,4038,197,559,100,288,9,760,1068,9612,3334,0,0.2740,0.3501,0.4150,5655.4984,5.2700,0.1411,0.3456,0.7651,68.0947,0.0000,19.3380,9.4058,61.1053,0.3283
2024,135,9037,104,5,0,42585,37695,10456,7808,15415,7279,2133,306,738,655,329,5222,5459,3913,119,595,66,312,4,829,1068,9612,3177,0,0.2774,0.3520,0.4089,5542.1456,5.2003,0.1316,0.3491,0.7609,66.5650,0.0000,18.3351,9.1887,75.4219,0.3299
2024,149,9563,104,5,0,41762,37005,9826,8044,14475,6819,2059,254,694,552,273,4738,4957,3799,207,572,57,327,2,783,1064,9576,3007,0,0.2655,0.3404,0.3912,5048.8251,4.7632,0.1256,0.3352,0.7316,66.9091,0.0000,19.2615,9.0968,24.4024,0.3194
2025,135,9043,104,5,0,42740,37872,10485,8455,15645,7243,2142,282,818,594,240,5315,5528,3897,154,573,66,324,8,750,1064,9576,3242,0,0.2769,0.3505,0.4131,5646.7987,5.2999,0.1362,0.3466,0.7636,71.2230,0.0000,19.7824,9.1179,68.8816,0.3342
2025,149,9539,104,5,0,42279,37375,10107,8238,15131,6949,2085,280,793,610,298,4995,5226,3885,194,641,81,293,4,833,1064,9576,3158,0,0.2704,0.3468,0.4048,5355.7667,5.0257,0.1344,0.3413,0.7516,67.1806,0.0000,19.4849,9.1890,36.8825,0.3252
2026,135,9040,104,5,0,42512,37793,10650,8329,15977,7343,2159,276,872,617,260,5308,5522,3723,151,579,94,317,6,862,1064,9576,3307,0,0.2818,0.3525,0.4228,5723.4518,5.3889,0.1410,0.3496,0.7753,70.3535,0.0000,19.5921,8.7575,77.5889,0.3382
2026,149,9569,104,5,0,43003,37930,10624,7917,15782,7284,2275,312,753,683,287,5362,5593,4015,204,622,80,352,4,820,1066,9594,3340,0,0.2801,0.3556,0.4161,5765.2163,5.3965,0.1360,0.3485,0.7717,70.4124,0.0000,18.4103,9.3366,86.9604,0.3333
2027,135,9037,104,5,0,42903,37999,10642,7878,15943,7269,2245,328,800,668,278,5386,5675,3869,134,596,86,342,11,829,1070,9630,3373,0,0.2801,0.3529,0.4196,5757.3841,5.3804,0.1395,0.3482,0.7725,70.6131,0.0000,18.3624,9.0180,88.1365,0.3318
2027,149,9563,104,5,0,42151,37430,10163,8091,15347,6910,2127,321,805,700,264,5101,5333,3791,196,560,77,289,4,826,1066,9594,3253,0,0.2715,0.3450,0.4100,5408.7187,5.0843,0.1385,0.3398,0.7550,72.6141,0.0000,19.1953,8.9939,60.6343,0.3247
2028,135,9031,104,5,0,42788,37904,10493,3767,15110,7537,1887,477,592,375,120,5318,5604,4175,123,131,108,464,6,735,1064,9576,2956,0,0.2768,0.3468,0.3986,5439.8027,5.0931,0.1218,0.3435,0.7454,75.7576,0.0000,8.8039,9.7574,81.1847,0.2911
2028,149,9569,104,5,0,42966,38004,10575,3568,14975,7711,1868,456,540,359,158,5044,5296,4234,243,137,132,452,7,774,1066,9594,2864,0,0.2783,0.3490,0.3940,5395.2024,5.0327,0.1158,0.3411,0.7430,69.4391,0.0000,8.3042,9.8543,55.8068,0.2922
2029,135,14408,104,5,0,43951,38505,10660,3946,15153,7783,1859,420,598,373,108,5459,5771,4746,146,128,127,438,7,632,1070,9630,2877,0,0.2768,0.3545,0.3935,5679.3959,5.2605,0.1167,0.3504,0.7481,77.5468,0.0000,8.9782,10.7984,75.6307,0.2925
2029,149,9539,104,5,0,43319,38076,10388,3939,14466,7677,1810,435,466,374,113,5139,5432,4575,217,122,110,424,12,634,1064,9576,2711,0,0.2728,0.3492,0.3799,5331.3377,4.9690,0.1071,0.3416,0.7291,76.7967,0.0000,9.0930,10.5612,58.4482,0.2910
2030,135,9031,104,5,0,42248,37429,9637,4271,13646,7071,1646,397,523,328,139,4473,4715,4191,176,139,125,358,6,672,1064,9576,2566,0,0.2575,0.3316,0.3646,4717.6727,4.3793,0.1071,0.3262,0.6962,70.2355,0.0000,10.1094,9.9200,3.1880,0.2762
2030,149,9569,104,5,0,42105,37491,9689,4070,13464,7179,1662,431,417,345,109,4279,4501,3953,206,131,141,383,6,690,1064,9576,2510,0,0.2584,0.3283,0.3591,4599.3029,4.2637,0.1007,0.3212,0.6874,75.9912,0.0000,9.6663,9.3884,-10.4661,0.2777
2031,135,9037,104,5,0,42801,37907,10081,4283,14354,7342,1730,484,525,342,96,4896,5166,4256,169,130,129,373,6,657,1066,9594,2739,0,0.2659,0.3391,0.3787,5091.8533,4.7275,0.1127,0.3334,0.7177,78.0822,0.0000,10.0068,9.9437,30.6494,0.2855
2031,149,9539,104,5,0,42930,37884,10306,4180,14658,7531,1749,475,551,368,115,4976,5255,4395,199,107,127,409,8,691,1064,9576,2775,0,0.2720,0.3460,0.3869,5300.0451,4.9482,0.1149,0.3395,0.7329,76.1905,0.0000,9.7368,10.2376,48.2432,0.2907
2032,135,9043,104,5,0,43370,38251,10289,3782,14465,7563,1786,430,510,354,108,4889,5175,4489,122,138,116,370,6,713,1070,9630,2726,0,0.2690,0.3449,0.3782,5224.3876,4.8194,0.1092,0.3390,0.7231,76.6234,0.0000,8.7203,10.3505,20.2907,0.2849
2032,149,9563,104,5,0,42403,37675,10069,4026,14239,7315,1813,466,475,333,114,4630,4902,4096,213,146,122,354,10,660,1068,9612,2754,0,0.2673,0.3386,0.3779,5015.6544,4.6931,0.1107,0.3333,0.7165,74.4966,0.0000,9.4946,9.6597,13.4197,0.2861
2033,135,9037,104,5,0,43100,37889,9975,4021,13988,7354,1719,412,490,344,95,4684,4952,4559,157,132,120,391,9,734,1074,9666,2621,0,0.2633,0.3413,0.3692,5013.0072,4.6268,0.1059,0.3344,0.7105,78.3599,0.0000,9.3295,10.5777,22.1775,0.2809
2033,149,9575,104,5,0,42195,37579,9611,4730,13519,7058,1661,429,463,363,142,4268,4534,4019,210,121,137,331,8,639,1066,9594,2553,0,0.2558,0.3270,0.3597,4603.2847,4.2540,0.1040,0.3218,0.6868,71.8812,0.0000,11.2099,9.5248,-28.1344,0.2796
2034,135,9031,104,5,0,43511,38065,10261,3874,0,0,1889,494,638,359,90,5277,5582,4829,152,126,104,380,7,663,1066,9594,3021,0,0.2696,0.3506,0.3954,5564.9637,5.1739,0.1259,0.0000,0.7460,79.9555,0.0000,8.9035,11.0983,57.1412,0.2836
2034,149,9578,104,5,0,42524,37524,9872,4005,0,0,1667,447,539,322,107,4641,4904,4381,186,139,117,359,4,801,1068,9612,2653,0,0.2631,0.3394,0.3744,4944.4927,4.5978,0.1113,0.0000,0.7138,75.0583,0.0000,9.4182,10.3024,10.4102,0.2799
2018,162,10055,105,6,0,35120,32192,6992,7773,10092,5053,1287,143,509,371,207,2691,2835,2289,252,361,89,185,4,584,952,8568,1939,0,0.2172,0.2753,0.3135,2785.3781,2.8633,0.0963,0.2664,0.5888,64.1869,0.0000,22.1327,6.5177,-136.5739,0.2691
2018,176,10516,105,6,0,35442,32625,6972,8054,10091,5027,1286,144,515,310,169,2614,2740,2176,191,381,81,174,5,563,954,8586,1945,0,0.2137,0.2695,0.3093,2730.6670,2.7676,0.0956,0.2632,0.5788,64.7182,0.0000,22.7245,6.1396,-164.8819,0.2665
2019,162,10055,105,6,0,35697,32581,7347,8225,10677,5288,1346,155,558,372,219,2894,3061,2428,271,403,88,191,6,545,952,8568,2059,0,0.2255,0.2859,0.3277,3081.0586,3.1658,0.1022,0.2757,0.6136,62.9442,0.0000,23.0412,6.8017,-120.3082,0.2830
2019,176,14342,105,6,0,35521,32868,7473,8372,10841,5343,1440,142,548,232,135,2812,2955,2031,190,388,61,162,11,606,956,8604,2130,0,0.2274,0.2790,0.3298,3004.0689,3.0771,0.1025,0.2745,0.6089,63.2153,0.0000,23.5692,5.7177,-133.8085,0.2872
2020,162,10040,105,6,0,35800,32542,7685,8324,11347,5406,1497,181,601,397,186,3255,3433,2499,200,445,85,221,8,572,952,8568,2279,0,0.2362,0.2977,0.3487,3426.9403,3.5696,0.1125,0.2919,0.6464,68.0961,0.0000,23.2514,6.9804,-76.5527,0.2972
2020,176,14334,105,6,0,35790,32672,7763,8081,11235,5570,1478,151,564,346,172,3135,3299,2458,152,400,77,181,2,600,954,8586,2193,0,0.2376,0.2974,0.3439,3371.9753,3.5099,0.1063,0.2908,0.6413,66.7954,0.0000,22.5789,6.8678,-76.7511,0.2974
2021,162,14343,105,6,0,36222,32872,7948,8171,11851,5524,1583,203,638,435,255,3430,3599,2660,203,435,55,195,5,668,960,8640,2424,0,0.2418,0.3054,0.3605,3621.1253,3.7464,0.1187,0.3017,0.6659,63.0435,0.0000,22.5581,7.3436,-57.5545,0.3013
2021,176,10525,105,6,0,36622,33076,7974,7767,11580,5767,1408,199,600,347,194,3466,3627,2664,183,564,83,230,5,586,960,8640,2207,0,0.2411,0.3066,0.3501,3618.9390,3.7302,0.1090,0.2986,0.6567,64.1405,0.0000,21.2086,7.2743,-50.6316,0.2957
2022,162,10040,105,6,0,36889,33195,8629,7195,12977,5927,1778,202,722,506,250,3914,4068,2889,224,473,75,249,8,754,952,8568,2702,0,0.2599,0.3258,0.3909,4237.5305,4.4185,0.1310,0.3201,0.7167,66.9312,0.0000,19.5045,7.8316,-3.1570,0.3098
2022,176,10519,105,6,0,35914,32517,8162,7433,12123,5697,1609,216,640,376,224,3589,3747,2571,128,567,45,210,4,687,952,8568,2465,0,0.2510,0.3151,0.3728,3828.6025,4.0505,0.1218,0.3101,0.6879,62.6667,0.0000,20.6967,7.1588,-20.2388,0.3051
2023,162,10055,105,6,0,36415,32908,8239,7351,11973,5819,1655,216,549,600,290,3679,3857,2658,230,520,90,234,5,623,952,8568,2420,0,0.2504,0.3143,0.3638,3813.8550,3.9749,0.1135,0.3069,0.6782,67.4157,0.0000,20.1867,7.2992,-34.3934,0.3047
2023,176,10519,105,6,0,36886,33361,8560,7710,12426,6098,1665,190,607,382,184,3768,3961,2727,169,504,68,217,9,698,952,8568,2462,0,0.2566,0.3203,0.3725,4013.9866,4.1735,0.1159,0.3147,0.6928,67.4912,0.0000,20.9022,7.3930,-9.8330,0.3148
2024,162,10055,105,6,0,36240,32778,8053,7783,11871,5630,1610,231,582,498,241,3527,3668,2593,236,543,81,238,7,682,952,8568,2423,0,0.2457,0.3095,0.3622,3697.4487,3.8445,0.1165,0.3007,0.6717,67.3884,0.0000,21.4763,7.1551,-55.0657,0.3031
2024,176,10516,105,6,0,36308,33107,8130,7698,12005,5713,1578,220,619,388,195,3481,3622,2371,196,517,67,236,10,658,952,8568,2417,0,0.2456,0.3041,0.3626,3658.5487,3.7799,0.1170,0.2988,0.6667,66.5523,0.0000,21.2019,6.5302,-53.1675,0.3001
2025,162,10055,105,6,0,36525,33167,8124,7879,11796,5753,1604,233,534,564,248,3388,3555,2475,227,575,88,216,4,640,956,8604,2371,0,0.2449,0.3067,0.3557,3656.1448,3.7628,0.1107,0.2975,0.6624,69.4581,0.0000,21.5715,6.7762,-66.7514,0.3040
2025,176,14352,105,6,0,36640,33329,8203,7783,12124,5744,1620,216,623,441,206,3505,3689,2481,185,523,72,229,6,639,962,8658,2459,0,0.2461,0.3065,0.3638,3745.7467,3.8495,0.1176,0.3015,0.6703,68.1607,0.0000,21.2418,6.7713,-44.3821,0.3014
2026,162,10049,105,6,0,36673,33286,8250,7864,12235,5712,1701,227,610,628,278,3565,3734,2583,227,530,61,211,2,645,956,8604,2538,0,0.2479,0.3104,0.3676,3830.0859,3.9424,0.1197,0.3033,0.6780,69.3157,0.0000,21.4436,7.0433,-44.2249,0.3053
2026,176,10525,105,6,0,36243,33090,8201,7666,11971,5755,1673,222,551,435,218,3476,3617,2334,169,499,73,241,6,605,958,8622,2446,0,0.2478,0.3051,0.3618,3678.1579,3.8158,0.1139,0.2989,0.6669,66.6156,0.0000,21.1517,6.4399,-44.1263,0.3046
2027,162,10049,105,6,0,36075,32779,8080,7394,11823,5670,1639,209,562,654,264,3550,3719,2492,234,471,76,252,5,590,954,8586,2410,0,0.2465,0.3068,0.3607,3684.4181,3.8437,0.1142,0.2978,0.6675,71.2418,0.0000,20.4962,6.9078,-41.2823,0.2998
2027,176,10525,105,6,0,36437,33141,8346,7769,12339,5803,1709,218,616,477,192,3663,3831,2423,161,553,66,250,4,636,954,8586,2543,0,0.2518,0.3113,0.3723,3883.6585,4.0425,0.1205,0.3060,0.6836,71.3004,0.0000,21.3217,6.6498,-27.4298,0.3091
2028,162,14329,105,6,0,38922,34376,9451,3348,13361,6874,1704,413,460,321,113,4603,4894,3906,242,98,119,421,2,655,962,8658,2577,0,0.2749,0.3468,0.3887,4820.1603,4.9611,0.1137,0.3389,0.7354,73.9631,0.0000,8.6018,10.0355,53.4769,0.2901
2028,176,10525,105,6,0,38427,34089,9347,3469,13267,6823,1639,374,511,172,61,4574,4850,3753,144,121,73,389,2,681,954,8586,2524,0,0.2742,0.3447,0.3892,4730.6468,4.9228,0.1150,0.3403,0.7339,73.8197,0.0000,9.0275,9.7666,50.6178,0.2897
2029,162,10040,105,6,0,38500,33774,9170,3674,13173,6624,1592,451,503,369,131,4637,4904,4102,235,110,115,395,4,539,952,8568,2546,0,0.2715,0.3487,0.3900,4842.3223,5.0707,0.1185,0.3405,0.7387,73.8000,0.0000,9.5429,10.6545,43.9662,0.2890
2029,176,10522,105,6,0,38771,34158,9270,3633,13395,6666,1626,435,543,282,93,4654,4923,3996,159,122,110,378,7,568,952,8568,2604,0,0.2714,0.3464,0.3921,4867.2600,5.0473,0.1208,0.3414,0.7385,75.2000,0.0000,9.3704,10.3067,52.1958,0.2875
2030,162,10055,105,6,0,37490,33468,8535,3846,12104,6278,1414,374,469,360,132,3868,4090,3500,246,111,91,312,8,521,952,8568,2257,0,0.2550,0.3248,0.3617,4101.3409,4.2609,0.1066,0.3165,0.6865,73.1707,0.0000,10.2587,9.3358,-9.6093,0.2737
2030,176,10525,105,6,0,37723,33690,8733,3823,12414,6399,1493,335,506,294,78,3979,4224,3527,169,114,84,304,4,562,952,8568,2334,0,0.2592,0.3288,0.3685,4253.0220,4.4191,0.1093,0.3228,0.6973,79.0323,0.0000,10.1344,9.3497,2.0142,0.2773
2031,162,10049,105,6,0,39091,34301,9363,3441,13323,6762,1695,453,453,327,111,4682,4988,4231,255,101,98,354,6,611,956,8604,2601,0,0.2730,0.3513,0.3884,4908.4309,5.0754,0.1154,0.3443,0.7397,74.6575,0.0000,8.8025,10.8235,75.0610,0.2897
2031,176,10519,105,6,0,37913,33594,8793,3631,12262,6493,1539,353,408,266,85,4137,4398,3797,140,96,77,344,5,645,956,8604,2300,0,0.2617,0.3353,0.3650,4287.8036,4.4610,0.1033,0.3294,0.7003,75.7835,0.0000,9.5772,10.0150,17.7168,0.2804
2032,162,10040,105,6,0,38589,33998,9120,3639,13025,6597,1598,468,457,369,131,4384,4635,4035,256,123,95,332,6,690,952,8568,2523,0,0.2683,0.3450,0.3831,4666.4723,4.8226,0.1149,0.3370,0.7281,73.8000,0.0000,9.4301,10.4563,31.4252,0.2865
2032,176,10525,105,6,0,38023,33594,8950,3527,12707,6480,1621,411,438,338,82,4381,4653,3853,140,116,99,358,3,645,952,8568,2470,0,0.2664,0.3407,0.3783,4526.6055,4.7320,0.1118,0.3349,0.7189,80.4762,0.0000,9.2760,10.1333,40.3532,0.2839
2033,162,10046,105,6,0,38640,33997,9123,3461,12775,6722,1581,389,431,359,107,4243,4509,4072,279,121,134,310,6,620,954,8586,2401,0,0.2683,0.3459,0.3758,4630.4345,4.8002,0.1074,0.3356,0.7216,77.0386,0.0000,8.9570,10.5383,35.6479,0.2858
2033,176,10519,105,6,0,38649,34357,9141,3770,12849,6748,1545,381,467,242,80,4322,4600,3727,177,107,115,342,1,652,956,8604,2393,0,0.2661,0.3367,0.3740,4486.6819,4.5878,0.1079,0.3316,0.7107,75.1553,0.0000,9.7545,9.6432,9.9448,0.2847
2034,162,14334,105,6,0,38880,34006,9260,3292,0,0,1557,435,480,347,126,4681,4927,4318,271,103,94,350,9,664,954,8586,2472,0,0.2723,0.3528,0.3860,4847.6209,5.0379,0.1137,0.0000,0.7388,73.3615,0.0000,8.4671,11.1060,59.3541,0.2871
2034,176,10516,105,6,0,38676,34392,9336,3413,0,0,1594,473,489,283,95,4480,4772,3750,173,121,84,324,5,668,954,8586,2556,0,0.2715,0.3423,0.3880,4718.6865,4.8578,0.1165,0.0000,0.7302,74.8677,0.0000,8.8246,9.6959,50.8860,0.2871
2018,198,11163,106,11,0,59963,48628,16058,9930,0,0,3082,258,1575,385,196,12073,12669,9799,155,870,80,581,5,1101,1280,11520,4915,0,0.3302,0.4464,0.5014,11730.8313,9.1732,0.1712,0.4436,0.9477,66.2651,0.0000,16.5602,16.3417,419.3825,0.3841
2018,256,11776,106,11,0,59728,48652,16049,9985,0,0,3170,308,1580,394,217,11935,12514,9434,186,984,100,544,14,1187,1284,11556,5058,0,0.3299,0.4440,0.5051,11657.6821,9.0836,0.1752,0.4420,0.9491,64.4845,0.0000,16.7175,15.7949,383.7503,0.3845
2019,198,11133,106,11,0,58160,48169,15541,10407,0,0,3043,299,1452,411,219,10698,11368,8555,242,805,80,544,7,1102,1280,11520,4794,0,0.3226,0.4288,0.4887,10723.7362,8.3748,0.1660,0.4257,0.9174,65.2381,0.0000,17.8937,14.7094,338.7651,0.3823
2019,256,11791,106,11,0,58090,48135,15339,10629,0,0,2980,268,1385,510,220,10663,11348,8466,205,862,95,519,13,1089,1282,11538,4633,0,0.3187,0.4254,0.4780,10443.4556,8.1216,0.1594,0.4216,0.9035,69.8630,0.0000,18.2975,14.5739,315.1236,0.3808
2020,198,11160,106,11,0,56005,47044,14183,11132,0,0,2723,260,1294,380,209,9097,9580,7600,240,783,96,473,9,1180,1284,11556,4277,0,0.3015,0.4037,0.4529,9045.7437,7.0144,0.1515,0.3999,0.8566,64.5161,0.0000,19.8768,13.5702,244.1462,0.3673
2020,256,11800,106,11,0,57432,47865,14901,10896,0,0,2993,270,1291,493,216,9904,10425,8151,247,779,109,519,9,1093,1282,11538,4554,0,0.3113,0.4158,0.4660,9863.1558,7.6303,0.1547,0.4112,0.8818,69.5346,0.0000,18.9720,14.1924,265.7602,0.3760
2021,198,11160,106,11,0,57341,47900,15021,10733,0,0,2866,267,1299,490,237,10038,10637,8080,288,791,111,452,7,1118,1280,11520,4432,0,0.3136,0.4175,0.4659,9865.2500,7.6547,0.1523,0.4124,0.8835,67.4003,0.0000,18.7178,14.0911,293.6054,0.3778
2021,256,11809,106,11,0,57147,47994,14755,11140,0,0,2847,286,1265,477,219,9678,10240,7871,229,709,85,481,7,1068,1288,11592,4398,0,0.3074,0.4090,0.4577,9524.0183,7.3278,0.1503,0.4055,0.8667,68.5345,0.0000,19.4936,13.7733,290.4389,0.3740
2022,198,11127,106,11,0,64806,52064,19657,9493,0,0,3436,319,1565,573,197,16251,17317,11012,190,942,78,704,6,1282,1282,11538,5320,0,0.3776,0.4884,0.5460,14967.9966,11.6573,0.1684,0.4852,1.0344,74.4156,0.0000,14.6483,16.9923,458.7421,0.4338
2022,256,11773,106,11,0,59229,48851,16201,10148,0,0,2981,299,1366,543,256,11758,12407,8943,248,830,86,509,10,1131,1280,11520,4646,0,0.3316,0.4392,0.4888,11187.7555,8.7223,0.1572,0.4365,0.9280,67.9599,0.0000,17.1335,15.0990,369.8975,0.3920
2023,198,11166,106,11,0,59480,49103,16512,9624,0,0,3130,300,1514,518,189,12065,12692,8863,189,839,93,576,6,1127,1280,11520,4944,0,0.3363,0.4415,0.5047,11669.3394,9.1125,0.1685,0.4386,0.9462,73.2673,0.0000,16.1802,14.9008,398.9806,0.3891
2023,256,9579,106,11,0,58278,48334,15633,10231,0,0,3021,292,1385,548,230,10943,11508,8484,253,860,89,505,6,1100,1284,11556,4698,0,0.3234,0.4293,0.4840,10693.1335,8.3383,0.1605,0.4249,0.9133,70.4370,0.0000,17.5555,14.5578,347.7667,0.3828
2024,198,11151,106,11,0,56851,47727,15144,10357,0,0,2888,271,1394,433,185,9996,10541,7714,200,835,81,485,9,1176,1280,11520,4553,0,0.3173,0.4174,0.4768,9997.2729,7.8217,0.1595,0.4152,0.8942,70.0647,0.0000,18.2178,13.5688,297.0495,0.3771
2024,256,11803,106,11,0,57360,47667,14985,10702,0,0,2971,271,1312,539,229,10170,10809,8316,211,830,87,451,9,1141,1282,11538,4554,0,0.3144,0.4214,0.4706,10047.6613,7.8429,0.1563,0.4166,0.8920,70.1823,0.0000,18.6576,14.4979,294.7708,0.3787
2025,198,11160,106,11,0,56754,47807,14927,10538,0,0,2832,264,1441,412,196,9841,10286,7600,215,773,118,448,8,1169,1284,11556,4537,0,0.3122,0.4115,0.4729,9756.3089,7.5672,0.1607,0.4088,0.8844,67.7632,0.0000,18.5679,13.3911,286.7439,0.3718
2025,256,11767,106,11,0,57301,48224,15338,10833,0,0,2985,249,1256,483,210,10097,10716,7788,205,735,101,444,9,1142,1282,11538,4490,0,0.3181,0.4172,0.4684,9934.5105,7.7116,0.1504,0.4124,0.8856,69.6970,0.0000,18.9054,13.5914,284.6148,0.3850
2026,198,13094,106,11,0,60453,49737,17019,10292,0,0,3200,266,1461,458,201,12582,13406,9213,166,841,84,573,5,1276,1286,11574,4927,0,0.3422,0.4485,0.5053,11976.8176,9.2785,0.1632,0.4467,0.9538,69.4992,0.0000,17.0248,15.2399,363.9147,0.4035
2026,256,11812,106,11,0,59902,49281,16570,10522,0,0,3018,295,1341,447,180,12275,13278,9255,186,766,91,500,9,1216,1280,11520,4654,0,0.3362,0.4447,0.4911,11483.3049,8.9357,0.1548,0.4411,0.9357,71.2919,0.0000,17.5654,15.4502,293.8692,0.4016
2027,198,11151,106,11,0,58399,48355,15820,10337,0,0,3062,260,1557,456,225,11224,11830,8505,163,876,91,564,8,1137,1280,11520,4879,0,0.3272,0.4323,0.4978,11042.5060,8.6290,0.1707,0.4295,0.9301,66.9604,0.0000,17.7006,14.5636,332.8459,0.3852
2027,256,10533,106,11,0,57364,47961,15139,10559,0,0,2920,310,1415,461,171,10158,10800,8066,188,739,98,491,9,1122,1282,11538,4645,0,0.3157,0.4182,0.4780,10153.7220,7.8997,0.1623,0.4150,0.8962,72.9430,0.0000,18.4070,14.0611,292.2547,0.3762
2028,198,11160,106,11,0,51610,45909,12194,5350,0,0,2348,496,555,543,196,6107,6446,4873,251,133,149,535,11,930,1282,11538,3399,0,0.2656,0.3343,0.3746,5941.6823,4.5158,0.1090,0.3287,0.7089,73.4777,0.0000,10.3662,9.4420,57.9287,0.2871
2028,256,11803,106,11,0,51719,45893,12312,5145,0,0,2391,538,481,493,191,6042,6407,4991,279,134,157,541,3,1061,1284,11556,3410,0,0.2683,0.3382,0.3753,5977.9221,4.5426,0.1070,0.3307,0.7135,72.0760,0.0000,9.9480,9.6502,55.8729,0.2899
2029,198,11133,106,11,0,53043,46654,12771,4675,0,0,2143,565,674,419,119,6962,7452,5517,249,200,122,541,9,740,1280,11520,3382,0,0.2737,0.3494,0.3872,6664.9148,5.0827,0.1135,0.3438,0.7366,77.8810,0.0000,8.8136,10.4010,121.2081,0.2891
2029,256,11803,106,11,0,53517,46970,13090,4542,0,0,2214,575,645,437,133,7139,7652,5654,248,195,136,546,16,791,1280,11520,3434,0,0.2787,0.3549,0.3915,6878.2813,5.2334,0.1128,0.3484,0.7464,76.6667,0.0000,8.4870,10.5649,140.1151,0.2940
2030,198,11157,106,11,0,52930,46793,12561,5162,0,0,2107,569,604,450,140,6634,7152,5353,261,117,157,504,6,811,1280,11520,3280,0,0.2684,0.3417,0.3765,6309.3308,4.7526,0.1081,0.3357,0.7182,76.2712,0.0000,9.7525,10.1134,110.1029,0.2879
2030,256,11803,106,11,0,52411,46393,12418,5291,0,0,2118,545,541,482,147,6250,6756,5248,254,147,158,454,11,799,1284,11556,3204,0,0.2677,0.3410,0.3718,6165.6417,4.6850,0.1041,0.3339,0.7128,76.6296,0.0000,10.0952,10.0132,66.2413,0.2896
2031,198,11169,106,11,0,52984,46631,12631,4647,0,0,2243,537,688,396,134,6735,7214,5518,267,175,153,505,2,836,1280,11520,3468,0,0.2709,0.3469,0.3863,6541.3529,4.9572,0.1154,0.3411,0.7331,74.7170,0.0000,8.7706,10.4145,116.1299,0.2857
2031,256,11776,106,11,0,52229,46031,12104,4919,0,0,2100,574,609,456,162,6333,6840,5445,262,134,147,466,6,800,1280,11520,3283,0,0.2630,0.3396,0.3732,6121.0649,4.6552,0.1103,0.3326,0.7128,73.7864,0.0000,9.4181,10.4252,72.1216,0.2806
2032,198,11142,106,11,0,51730,45876,11915,4907,17233,8531,2136,562,686,423,137,6186,6635,5101,268,164,130,456,3,752,1280,11520,3384,0,0.2597,0.3330,0.3756,6001.8164,4.5730,0.1159,0.3274,0.7086,75.5357,0.0000,9.4858,9.8608,71.6192,0.2756
2032,256,13094,106,11,0,52493,46472,12195,5087,17300,8845,2160,625,565,508,135,6296,6769,5224,315,177,150,463,7,817,1284,11556,3350,0,0.2624,0.3362,0.3723,6090.2465,4.5878,0.1099,0.3273,0.7085,79.0047,0.0000,9.6908,9.9518,61.7873,0.2817
2033,198,11163,106,11,0,52936,46539,12552,4838,17830,9082,2300,532,638,423,141,6571,7009,5558,286,150,171,508,10,831,1282,11538,3470,0,0.2697,0.3461,0.3831,6471.7340,4.9031,0.1134,0.3399,0.7292,75.0000,0.0000,9.1393,10.4995,96.8958,0.2866
2033,256,11791,106,11,0,51645,45760,12080,4956,16838,8974,2033,494,579,438,160,6066,6556,5123,241,156,134,465,7,886,1280,11520,3106,0,0.2640,0.3370,0.3680,5903.4623,4.5122,0.1040,0.3304,0.7050,73.2441,0.0000,9.5963,9.9196,44.9731,0.2826
2034,198,11148,106,11,0,52548,46536,12292,5210,0,0,2090,556,512,481,130,6213,6765,5261,286,122,140,479,10,843,1284,11556,3158,0,0.2641,0.3373,0.3660,6017.0244,4.5334,0.1018,0.0000,0.7033,78.7234,0.0000,9.9147,10.0118,43.5859,0.2853
2034,256,11803,106,11,0,52308,46438,12354,5010,0,0,2151,536,548,468,128,6155,6693,5139,288,119,169,436,7,896,1280,11520,3235,0,0.2660,0.3378,0.3708,6048.6874,4.5730,0.1048,0.0000,0.7087,78.5235,0.0000,9.5779,9.8245,57.7695,0.2857
2018,286,12441,107,11,0,60884,49308,16718,9759,0,0,3238,290,1734,406,199,12677,13272,9967,175,941,81,576,11,1100,1282,11538,5262,0,0.3391,0.4544,0.5220,12577.4060,9.8301,0.1829,0.4526,0.9764,67.1074,0.0000,16.0288,16.3705,454.0518,0.3903
2018,293,13075,107,11,0,60431,48864,16238,10028,0,0,3162,287,1631,409,208,12254,12859,10017,188,880,92,565,13,1105,1282,11538,5080,0,0.3323,0.4498,0.5089,12054.7941,9.4080,0.1766,0.4465,0.9587,66.2885,0.0000,16.5941,16.5759,420.5017,0.3867
2019,286,12417,107,11,0,58782,48528,15640,10848,0,0,2973,259,1366,456,197,10884,11580,8835,247,836,85,494,4,1194,1284,11556,4598,0,0.3223,0.4312,0.4787,10669.3179,8.2641,0.1564,0.4265,0.9099,69.8315,0.0000,18.4546,15.0301,298.5263,0.3878
2019,293,13066,107,11,0,57161,47598,14652,11018,0,0,2849,240,1356,383,168,9775,10295,8255,195,743,101,455,9,1105,1282,11538,4445,0,0.3078,0.4145,0.4632,9720.2678,7.5470,0.1554,0.4117,0.8778,69.5100,0.0000,19.2754,14.4417,286.9312,0.3727
2020,286,12423,107,11,0,56437,47550,14711,11067,0,0,2875,287,1344,531,240,9325,9841,7625,229,718,97,442,5,1103,1280,11520,4506,0,0.3094,0.4092,0.4667,9563.5970,7.4369,0.1573,0.4055,0.8759,68.8716,0.0000,19.6095,13.5106,255.1685,0.3757
2020,293,13051,107,11,0,55791,47288,14184,11506,0,0,2770,257,1281,355,206,8795,9268,7258,204,703,102,434,6,1081,1280,11520,4308,0,0.2999,0.3977,0.4507,8895.5023,6.8766,0.1507,0.3941,0.8484,63.2799,0.0000,20.6234,13.0093,221.0385,0.3693
2021,286,12417,107,11,0,56747,47530,14465,11261,0,0,2980,296,1366,475,239,9654,10164,7846,249,814,95,455,7,1055,1282,11538,4642,0,0.3043,0.4082,0.4657,9563.0322,7.3964,0.1614,0.4045,0.8740,66.5266,0.0000,19.8442,13.8263,278.6194,0.3705
2021,293,13066,107,11,0,56620,47455,14745,10874,0,0,2978,233,1332,417,167,9767,10431,7778,181,806,86,487,8,1084,1280,11520,4543,0,0.3107,0.4127,0.4675,9704.6873,7.5875,0.1568,0.4090,0.8802,71.4041,0.0000,19.2052,13.7372,263.6257,0.3753
2022,286,12411,107,11,0,67689,53614,21265,9865,0,0,3540,359,1674,601,219,18782,19984,12355,178,929,71,709,11,1279,1282,11538,5573,0,0.3966,0.5110,0.5697,16931.6564,13.2023,0.1731,0.5083,1.0807,73.2927,0.0000,14.5740,18.2526,495.3329,0.4579
2022,293,13066,107,11,0,62653,50540,18124,9808,0,0,3314,300,1557,509,205,14296,15273,10449,162,959,96,602,7,1277,1280,11520,5171,0,0.3586,0.4721,0.5285,13549.3061,10.5744,0.1699,0.4707,1.0006,71.2885,0.0000,15.6545,16.6776,450.4724,0.4165
2023,286,12450,107,11,0,58025,48799,15888,10755,0,0,3098,276,1294,513,235,10732,11353,7873,266,814,84,451,4,1113,1286,11574,4668,0,0.3256,0.4242,0.4799,10470.1524,8.1248,0.1543,0.4202,0.9041,68.5829,0.0000,18.5351,13.5683,331.3727,0.3923
2023,293,13084,107,11,0,59466,48776,16314,10048,0,0,3273,293,1510,550,204,11810,12395,9191,210,873,95,524,7,1207,1280,11520,5076,0,0.3345,0.4443,0.5065,11703.9169,9.1617,0.1720,0.4406,0.9508,72.9443,0.0000,16.8971,15.4559,388.7601,0.3922
2024,286,12453,107,11,0,57934,48660,15777,10623,0,0,3155,297,1279,510,252,10487,11096,7873,271,797,109,487,8,1106,1280,11520,4731,0,0.3242,0.4228,0.4801,10412.0365,8.0697,0.1559,0.4183,0.9030,66.9291,0.0000,18.3364,13.5896,337.5138,0.3893
2024,293,13060,107,11,0,57239,47975,14947,10818,0,0,2942,341,1317,517,222,9917,10547,7908,231,763,95,490,8,1068,1282,11538,4600,0,0.3116,0.4134,0.4695,9866.3769,7.6324,0.1579,0.4097,0.8828,69.9594,0.0000,18.8997,13.8158,287.9253,0.3752
2025,286,12453,107,11,0,56986,47919,15097,10943,0,0,3004,279,1271,473,217,9785,10408,7788,273,704,111,461,3,1152,1282,11538,4554,0,0.3151,0.4148,0.4690,9807.9251,7.6177,0.1539,0.4096,0.8837,68.5507,0.0000,19.2030,13.6665,255.0242,0.3823
2025,293,13090,107,11,0,57781,48503,15542,10717,0,0,2991,279,1421,453,208,10259,10875,7883,192,791,103,490,11,1187,1282,11538,4691,0,0.3204,0.4199,0.4815,10311.6157,7.9663,0.1611,0.4171,0.9014,68.5325,0.0000,18.5476,13.6429,305.8306,0.3832
2026,286,12426,107,11,0,60387,49585,16957,10599,0,0,3265,272,1382,453,204,12637,13440,9372,233,823,80,523,4,1236,1280,11520,4919,0,0.3420,0.4503,0.5024,11944.6447,9.3019,0.1604,0.4453,0.9527,68.9498,0.0000,17.5518,15.5199,350.1275,0.4085
2026,293,13069,107,11,0,58691,49023,16188,10404,0,0,3152,289,1479,425,219,11281,11890,8294,153,790,86,491,7,1154,1282,11538,4920,0,0.3302,0.4313,0.4968,11076.3989,8.5975,0.1666,0.4309,0.9281,65.9938,0.0000,17.7267,14.1316,337.3277,0.3909
2027,286,12441,107,11,0,57156,47892,15070,11170,0,0,2918,272,1246,459,209,10003,10673,7985,253,733,101,437,8,1122,1282,11538,4436,0,0.3147,0.4170,0.4650,9819.8644,7.6428,0.1503,0.4121,0.8820,68.7126,0.0000,19.5430,13.9705,276.5715,0.3849
2027,293,13075,107,11,0,59659,49224,16525,9934,0,0,3230,267,1552,468,191,12020,12702,8864,184,936,86,542,7,1210,1284,11556,5049,0,0.3357,0.4419,0.5068,11705.3553,9.1006,0.1711,0.4396,0.9487,71.0167,0.0000,16.6513,14.8578,379.3871,0.3911
2028,286,12432,107,11,0,51995,46069,12464,5095,0,0,2274,640,534,522,230,6392,6758,5084,325,128,155,551,8,950,1280,11520,3448,0,0.2706,0.3410,0.3825,6196.8060,4.7143,0.1119,0.3339,0.7235,69.4149,0.0000,9.7990,9.7779,82.2131,0.2910
2028,293,13069,107,11,0,52046,46031,12248,5035,0,0,2287,633,510,535,211,6223,6587,5090,281,145,187,583,10,966,1284,11556,3430,0,0.2661,0.3372,0.3765,6047.1081,4.5696,0.1104,0.3301,0.7137,71.7158,0.0000,9.6741,9.7798,79.4173,0.2858
2029,286,12447,107,11,0,52749,46400,12424,5029,0,0,2228,535,623,363,126,6462,6908,5517,331,138,171,514,9,714,1282,11538,3386,0,0.2678,0.3439,0.3791,6380.5220,4.8527,0.1114,0.3364,0.7230,74.2331,0.0000,9.5338,10.4590,78.9895,0.2860
2029,293,13075,107,11,0,52725,46498,12572,4793,0,0,2154,561,613,421,139,6491,6955,5393,225,151,132,542,9,713,1280,11520,3328,0,0.2704,0.3445,0.3804,6431.7013,4.8983,0.1100,0.3387,0.7249,75.1786,0.0000,9.0906,10.2285,91.6691,0.2872
2030,286,14249,107,11,0,53378,47043,13055,5006,0,0,2202,527,664,444,114,6915,7459,5535,284,167,146,472,15,833,1284,11556,3393,0,0.2775,0.3525,0.3891,6763.1208,5.1361,0.1116,0.3444,0.7415,79.5699,0.0000,9.3784,10.3694,125.3561,0.2961
2030,293,14218,107,11,0,52676,46708,12540,5233,0,0,2134,507,710,491,150,6523,7052,5164,225,174,148,472,10,770,1284,11556,3351,0,0.2685,0.3404,0.3815,6351.3129,4.8024,0.1130,0.3355,0.7219,76.5991,0.0000,9.9343,9.8033,92.6193,0.2869
2031,286,12411,107,11,0,52523,46283,12382,4672,0,0,2169,590,608,412,161,6458,6922,5447,324,143,150,491,9,827,1280,11520,3367,0,0.2675,0.3432,0.3793,6297.5148,4.7856,0.1118,0.3353,0.7225,71.9023,0.0000,8.8952,10.3707,83.6277,0.2838
2031,293,13081,107,11,0,52298,46253,12069,4923,0,0,2114,559,656,447,167,6199,6635,5252,247,148,157,483,5,834,1286,11574,3329,0,0.2609,0.3351,0.3734,6038.2415,4.5508,0.1124,0.3296,0.7084,72.8013,0.0000,9.4134,10.0424,55.4204,0.2773
2032,286,12411,107,11,0,52188,46367,12401,4931,17390,9092,2196,546,567,441,145,6207,6629,5071,282,147,164,434,5,816,1280,11520,3309,0,0.2675,0.3387,0.3751,6133.4307,4.6616,0.1076,0.3314,0.7138,75.2560,0.0000,9.4485,9.7168,67.3340,0.2865
2032,293,13069,107,11,0,52471,46577,12509,4920,17638,9161,2165,585,598,451,123,6379,6864,5119,249,174,123,469,9,823,1280,11520,3348,0,0.2686,0.3401,0.3787,6262.7003,4.7490,0.1101,0.3341,0.7188,78.5714,0.0000,9.3766,9.7559,64.7063,0.2868
2033,286,12414,107,11,0,52427,46300,12282,5004,17529,8887,2182,574,639,480,137,6313,6748,5298,333,162,190,468,9,816,1286,11574,3395,0,0.2653,0.3397,0.3786,6230.8656,4.7218,0.1133,0.3322,0.7183,77.7958,0.0000,9.5447,10.1055,73.8539,0.2831
2033,293,13075,107,11,0,52771,46345,12153,5194,17363,8805,2135,564,649,469,118,6447,6927,5618,244,157,161,481,9,826,1282,11538,3348,0,0.2622,0.3408,0.3746,6237.9970,4.7075,0.1124,0.3333,0.7155,79.8978,0.0000,9.8425,10.6460,83.9186,0.2807
2034,286,12447,107,11,0,52324,46234,12242,4993,0,0,2140,551,561,461,125,6446,6988,5309,311,157,154,459,11,818,1282,11538,3252,0,0.2648,0.3395,0.3713,6110.1027,4.6408,0.1065,0.0000,0.7108,78.6689,0.0000,9.5425,10.1464,84.1867,0.2839
2034,293,13051,107,11,0,52609,46720,12575,4981,0,0,2112,501,586,371,110,6384,6891,5129,218,173,133,446,8,886,1280,11520,3199,0,0.2692,0.3407,0.3734,6181.9357,4.6728,0.1043,0.0000,0.7142,77.1310,0.0000,9.4680,9.7493,84.8059,0.2882
2018,321,13435,108,10,0,30622,25590,7775,5550,0,0,1346,187,740,251,142,5086,5325,4296,95,423,71,233,9,600,702,6318,2273,0,0.3038,0.4091,0.4578,5069.5793,7.2572,0.1540,0.4045,0.8669,63.8677,0.0000,18.1242,14.0291,161.0402,0.3602
2018,338,13776,108,10,0,30384,25308,7578,5943,0,0,1329,156,884,327,132,5127,5328,4315,52,446,41,271,3,588,702,6318,2369,0,0.2994,0.4067,0.4691,5135.2989,7.3901,0.1696,0.4067,0.8758,71.2418,0.0000,19.5596,14.2016,156.1267,0.3570
2019,321,13438,108,10,0,29225,25046,6753,6459,0,0,1253,148,670,225,156,3717,3906,3535,163,418,53,167,6,574,704,6336,2071,0,0.2696,0.3671,0.4117,3936.1822,5.5229,0.1421,0.3614,0.7788,59.0551,0.0000,22.1009,12.0958,43.8100,0.3364
2019,338,13779,108,10,0,28681,24650,6577,6560,0,0,1190,133,680,266,135,3615,3796,3388,105,412,38,188,5,551,700,6300,2003,0,0.2668,0.3624,0.4086,3815.2787,5.4260,0.1418,0.3592,0.7710,66.3342,0.0000,22.8723,11.8127,25.7792,0.3351
2020,321,13444,108,10,0,28926,24934,6782,6512,0,0,1262,169,759,254,142,3859,4026,3378,149,379,46,181,8,507,704,6336,2190,0,0.2720,0.3650,0.4275,4051.7604,5.7493,0.1555,0.3619,0.7925,64.1414,0.0000,22.5126,11.6781,45.6484,0.3375
2020,338,13779,108,10,0,28905,24750,6731,6598,0,0,1220,120,720,272,143,3791,3986,3441,153,461,53,194,6,542,700,6300,2060,0,0.2720,0.3686,0.4182,3991.5993,5.6869,0.1463,0.3613,0.7868,65.5422,0.0000,22.8265,11.9045,51.0378,0.3410
2021,321,13432,108,10,0,28795,24863,6665,6660,0,0,1226,125,740,296,165,3679,3841,3272,174,419,60,176,5,545,700,6300,2091,0,0.2681,0.3605,0.4167,3870.4818,5.4588,0.1487,0.3559,0.7772,64.2082,0.0000,23.1290,11.3631,51.0445,0.3359
2021,338,13782,108,10,0,28970,24703,6703,6572,0,0,1174,142,754,320,186,3884,4051,3553,159,460,53,196,5,516,700,6300,2070,0,0.2713,0.3706,0.4219,4052.2456,5.7733,0.1506,0.3642,0.7926,63.2411,0.0000,22.6855,12.2644,60.0807,0.3385
2022,321,13435,108,10,0,29539,24996,7225,5946,0,0,1306,178,745,366,181,4304,4497,3836,136,430,45,227,5,557,702,6318,2229,0,0.2890,0.3897,0.4450,4561.1449,6.5572,0.1559,0.3849,0.8346,66.9104,0.0000,20.1293,12.9862,95.1816,0.3497
2022,338,13782,108,10,0,29601,25047,7074,6305,0,0,1325,127,806,236,148,4371,4551,3850,148,440,65,194,5,539,700,6300,2258,0,0.2824,0.3848,0.4420,4475.3210,6.3869,0.1596,0.3807,0.8268,61.4583,0.0000,21.3000,13.0063,82.4628,0.3457
2023,321,13432,108,10,0,29462,25102,7223,6167,0,0,1327,155,812,351,180,4328,4515,3661,152,426,55,211,7,543,700,6300,2294,0,0.2877,0.3847,0.4500,4543.1691,6.5012,0.1623,0.3797,0.8347,66.1017,0.0000,20.9320,12.4262,95.0876,0.3497
2023,338,13779,108,10,0,29009,24940,6971,6192,0,0,1306,147,747,253,129,3985,4172,3464,106,347,62,192,4,534,702,6318,2200,0,0.2795,0.3725,0.4335,4200.0356,6.0045,0.1540,0.3687,0.8060,66.2304,0.0000,21.3451,11.9411,77.3554,0.3421
2024,321,13429,108,10,0,29103,24813,6849,6370,0,0,1234,157,703,312,173,3952,4118,3549,159,466,66,209,0,558,700,6300,2094,0,0.2760,0.3741,0.4234,4113.2954,5.8545,0.1474,0.3665,0.7976,64.3299,0.0000,21.8878,12.1946,58.4948,0.3424
2024,338,13791,108,10,0,29496,25320,7131,6204,0,0,1275,160,828,274,148,4303,4481,3537,154,391,40,207,1,503,704,6336,2263,0,0.2816,0.3755,0.4427,4397.5644,6.2207,0.1611,0.3730,0.8182,64.9289,0.0000,21.0334,11.9915,70.7944,0.3408
2025,321,13432,108,10,0,29240,25063,7170,6072,0,0,1367,170,710,360,173,4142,4330,3542,153,369,47,216,3,580,700,6300,2247,0,0.2861,0.3796,0.4392,4347.8277,6.2082,0.1531,0.3735,0.8188,67.5422,0.0000,20.7661,12.1135,76.2086,0.3492
2025,338,13782,108,10,0,29339,25151,7171,6177,0,0,1262,168,793,337,124,4179,4360,3515,142,421,44,202,6,530,700,6300,2223,0,0.2851,0.3792,0.4432,4432.2174,6.3384,0.1581,0.3747,0.8225,73.1020,0.0000,21.0539,11.9806,91.0936,0.3470
2026,321,13435,108,10,0,29444,25267,7317,5980,0,0,1379,166,658,413,159,4149,4343,3507,158,378,46,242,4,533,702,6318,2203,0,0.2896,0.3811,0.4354,4403.7543,6.2811,0.1458,0.3749,0.8165,72.2028,0.0000,20.3097,11.9107,86.6101,0.3529
2026,338,14293,108,10,0,30220,25568,7689,5502,0,0,1419,131,824,306,128,4743,4997,3904,182,448,69,225,6,643,702,6318,2374,0,0.3007,0.3994,0.4632,4937.9266,7.0378,0.1624,0.3933,0.8626,70.5069,0.0000,18.2065,12.9186,140.5382,0.3526
2027,321,13432,108,10,0,29400,25134,7199,5978,0,0,1346,171,658,357,202,4145,4331,3561,133,417,54,228,6,528,702,6318,2175,0,0.2864,0.3809,0.4321,4333.5396,6.1754,0.1457,0.3745,0.8131,63.8640,0.0000,20.3333,12.1122,95.3944,0.3493
2027,338,13782,108,10,0,29072,24899,6903,6143,0,0,1241,159,785,326,138,4004,4164,3569,176,373,50,179,2,542,700,6300,2185,0,0.2772,0.3737,0.4344,4225.7167,6.0351,0.1572,0.3697,0.8081,70.2586,0.0000,21.1303,12.2764,76.1997,0.3371
2028,321,13444,108,10,0,28222,24933,6747,2502,0,0,1292,262,316,218,84,3242,3416,2859,206,76,95,256,3,536,700,6300,1870,0,0.2706,0.3443,0.3815,3377.1501,4.7598,0.1109,0.3364,0.7257,72.1854,0.0000,8.8654,10.1304,21.8810,0.2875
2028,338,13794,108,10,0,28163,24869,6647,2479,0,0,1237,271,275,235,85,3145,3303,2856,199,69,94,270,5,535,700,6300,1783,0,0.2673,0.3411,0.3720,3265.4358,4.5906,0.1047,0.3314,0.7131,73.4375,0.0000,8.8023,10.1410,5.8877,0.2847
2029,321,13429,108,10,0,28451,25239,6774,2885,0,0,1211,336,333,213,81,3298,3478,2784,200,83,75,263,7,411,702,6318,1880,0,0.2684,0.3398,0.3826,3421.0454,4.7872,0.1142,0.3334,0.7224,72.4490,0.0000,10.1402,9.7852,19.2233,0.2890
2029,338,13791,108,10,0,28702,25338,6904,2840,0,0,1104,303,325,242,84,3336,3536,2899,203,101,73,289,2,385,700,6300,1732,0,0.2725,0.3460,0.3784,3494.6648,4.8978,0.1060,0.3356,0.7244,74.2331,0.0000,9.8948,10.1003,29.2991,0.2929
2030,321,13429,108,10,0,27951,24635,6538,2458,0,0,1202,330,343,209,65,3198,3394,2928,216,86,74,224,4,440,700,6300,1875,0,0.2654,0.3427,0.3827,3373.2002,4.8189,0.1174,0.3337,0.7254,76.2774,0.0000,8.7940,10.4755,15.0872,0.2809
2030,338,13782,108,10,0,28552,25088,6886,2421,0,0,1164,316,387,286,93,3420,3603,3013,214,85,83,277,6,470,700,6300,1867,0,0.2745,0.3508,0.3923,3606.8047,5.0920,0.1179,0.3413,0.7431,75.4617,0.0000,8.4793,10.5527,38.1789,0.2881
2031,321,13444,108,10,0,27994,24752,6385,2951,0,0,1115,319,328,277,70,3076,3298,2816,232,89,102,230,5,452,704,6336,1762,0,0.2580,0.3331,0.3685,3174.5304,4.4593,0.1106,0.3237,0.7017,79.8271,0.0000,10.5415,10.0593,5.8761,0.2791
2031,338,13776,108,10,0,28401,25026,6728,2702,0,0,1184,291,325,257,85,3260,3418,2936,195,87,66,281,5,409,700,6300,1800,0,0.2688,0.3442,0.3784,3428.9498,4.8373,0.1095,0.3346,0.7226,75.1462,0.0000,9.5137,10.3377,14.6190,0.2874
2032,321,13435,108,10,0,28188,24919,6612,2797,9204,4887,1151,281,293,298,83,3117,3284,2900,226,76,68,223,2,430,700,6300,1725,0,0.2653,0.3410,0.3694,3292.2166,4.6512,0.1040,0.3295,0.7103,78.2152,0.0000,9.9227,10.2881,3.8618,0.2865
2032,338,13779,108,10,0,28258,25078,6624,2663,9372,4865,1135,259,365,229,53,3051,3234,2773,193,89,80,234,4,485,700,6300,1759,0,0.2641,0.3367,0.3737,3277.2913,4.5834,0.1096,0.3293,0.7104,81.2057,0.0000,9.4239,9.8132,3.4175,0.2809
2033,321,13432,108,10,0,29145,25564,6980,2585,9953,5044,1246,343,347,257,79,3461,3697,3098,223,80,97,300,6,409,704,6336,1936,0,0.2730,0.3498,0.3893,3670.8035,5.0907,0.1163,0.3407,0.7391,76.4881,0.0000,8.8694,10.6296,27.8381,0.2892
2033,338,13794,108,10,0,28669,25389,6832,2653,9564,5027,1183,317,305,202,54,3289,3518,2840,190,87,90,257,6,441,704,6336,1805,0,0.2691,0.3415,0.3767,3413.3911,4.7508,0.1076,0.3326,0.7182,78.9063,0.0000,9.2539,9.9062,28.6726,0.2877
2034,321,13432,108,10,0,28794,25313,7038,2706,0,0,1178,346,396,239,83,3540,3722,3055,178,91,84,249,2,442,704,6336,1920,0,0.2780,0.3547,0.3988,3745.6201,5.2857,0.1208,0.0000,0.7536,74.2236,0.0000,9.3978,10.6098,47.4386,0.2957
2034,338,13776,108,10,0,28660,25251,6998,2654,0,0,1151,285,327,234,54,3394,3628,2957,213,106,94,248,4,471,700,6300,1763,0,0.2771,0.3523,0.3841,3574.1764,5.0472,0.1070,0.0000,0.7364,81.2500,0.0000,9.2603,10.3175,47.0355,0.2963
