28710,2034,332,13277,108,10,0,4,6,3,2,6,0,1,1,0,0,0,2,0,0,0,0,0,0,0,0,0,0,0.0396,0
28710,2034,332,13278,108,10,0,4,4,0,0,5,0,1,1,0,0,0,1,1,0,0,1,0,0,0,0,0,0,0.0913,0
28710,2034,332,13279,108,10,0,4,3,0,0,3,0,1,1,0,0,0,0,0,0,0,0,0,0,0,0,0,0,-0.0486,0
28710,2034,332,13301,108,10,0,4,4,2,0,4,0,1,1,0,0,0,0,0,0,0,0,0,0,0,0,0,0,-0.0083,0
28710,2034,332,13302,108,10,0,4,3,1,0,4,0,1,1,1,0,0,0,1,0,0,1,0,0,0,0,0,0,0.1402,0
28710,2034,332,13303,108,10,0,4,4,1,0,5,0,1,1,0,0,0,1,0,0,0,1,0,0,0,0,0,0,-0.0022,0
28710,2034,332,13325,108,10,0,4,4,0,2,5,0,1,1,0,0,0,0,0,0,0,1,0,1,0,0,0,0,-0.0997,0
28710,2034,332,13326,108,10,0,4,3,0,1,3,0,1,1,0,0,0,0,0,0,0,0,0,1,0,0,0,0,-0.1412,0
28710,2034,332,13327,108,10,0,4,4,0,1,4,0,1,1,0,0,0,0,0,0,0,0,0,0,0,0,0,0,-0.0011,0
28710,2034,332,13352,108,10,0,4,4,0,1,4,0,1,1,0,0,0,0,0,0,0,0,0,0,0,0,0,0,-0.1284,0
28710,2034,332,13353,108,10,0,4,4,2,0,5,0,1,1,0,0,0,0,2,0,0,0,0,0,0,1,0,0,0.1236,0
28710,2034,332,13354,108,10,0,4,2,0,0,2,0,1,1,0,0,0,0,0,0,0,0,0,0,0,0,0,0,-0.0648,0
28711,2034,321,13111,108,10,0,2,3,1,0,3,0,1,1,0,0,0,0,1,0,0,0,0,0,0,0,0,0,0.0278,0
28711,2034,321,13116,108,10,0,2,5,0,2,5,0,1,1,0,0,0,0,0,0,0,0,0,0,0,0,0,0,-0.1723,0
28711,2034,321,13117,108,10,0,2,4,1,0,4,0,1,1,0,1,0,1,0,0,1,0,0,0,0,0,0,0,0.0868,0
28711,2034,321,13126,108,10,0,2,4,0,1,4,0,1,1,0,0,0,0,0,0,0,0,0,0,0,0,0,0,-0.1391,0
28711,2034,321,13127,108,10,0,2,3,1,0,3,0,1,1,0,0,0,0,1,0,0,0,0,0,0,0,0,0,0.0083,0
28711,2034,321,13128,108,10,0,2,3,2,0,4,0,1,1,1,1,0,1,2,0,0,0,0,0,0,1,0,0,0.1461,0
28711,2034,321,13149,108,10,0,2,4,0,1,4,0,1,1,0,0,0,0,0,0,0,0,0,0,0,0,0,0,-0.0286,0
28711,2034,321,13150,108,10,0,2,3,0,1,4,0,1,1,0,0,0,1,0,0,0,1,0,0,0,0,0,0,-0.0807,0
28711,2034,321,13151,108,10,0,2,3,1,0,3,0,1,1,0,0,0,0,0,0,0,0,0,1,0,0,0,0,-0.1031,0
28711,2034,321,13182,108,10,0,2,2,0,0,3,0,1,1,0,0,0,1,0,0,0,1,0,0,0,0,0,0,-0.0189,0
28711,2034,321,13183,108,10,0,2,4,0,1,4,0,1,1,0,0,0,0,0,0,0,0,0,0,0,0,0,0,-0.1567,0
28711,2034,321,13202,108,10,0,2,5,1,0,5,0,1,1,0,1,0,0,1,0,0,0,0,0,0,0,0,0,-0.1287,0
28711,2034,321,13204,108,10,0,2,4,1,0,4,0,1,1,1,0,0,1,2,0,0,0,0,0,0,0,0,0,0.1592,0
28711,2034,321,13226,108,10,0,2,3,1,0,4,0,1,1,0,0,0,1,1,0,0,1,0,0,0,0,0,0,0.0977,0
28711,2034,321,13227,108,10,0,7,5,2,0,5,0,1,1,0,0,0,0,0,0,0,0,0,0,0,0,0,0,-0.0151,0
28711,2034,321,13228,108,10,0,2,4,3,0,4,0,1,1,0,1,0,1,1,0,0,0,0,0,0,0,0,0,0.0607,0
28711,2034,321,13253,108,10,0,2,4,1,0,4,0,1,1,0,0,0,0,1,0,0,0,0,1,0,0,0,0,-0.1032,0
28711,2034,321,13254,108,10,0,0,2,0,0,2,0,1,0,0,0,0,0,0,0,0,0,0,0,0,0,0,0,-0.0064,0
28711,2034,321,13255,108,10,0,2,3,2,1,4,0,1,1,0,0,0,0,0,0,0,1,0,0,0,0,0,0,0.0906,0
28711,2034,321,13268,108,10,0,2,2,1,0,3,0,1,1,0,0,0,0,0,0,0,1,0,0,0,0,0,0,0.0040,0
28711,2034,321,13269,108,10,0,7,0,0,0,1,0,1,0,0,0,0,0,0,0,0,1,0,0,0,0,0,0,0.1077,0
28711,2034,321,13270,108,10,0,2,3,0,0,5,0,1,1,0,0,0,2,0,0,0,2,1,0,0,0,0,0,0.0098,0
28711,2034,321,13280,108,10,0,2,3,3,0,4,0,1,1,0,1,0,0,2,0,0,1,0,0,0,0,0,0,0.0859,0
28711,2034,321,13281,108,10,0,2,4,0,2,4,0,1,1,0,0,0,0,0,0,0,0,0,0,0,0,0,0,-0.0625,0
28711,2034,321,13298,108,10,0,2,3,2,0,4,0,1,1,0,0,0,2,0,0,0,1,1,0,0,0,0,0,0.0579,0
28711,2034,321,13299,108,10,0,2,3,1,1,4,0,1,1,0,0,1,1,2,0,0,1,0,0,0,0,0,0,0.1983,0
28711,2034,321,13300,108,10,0,2,4,2,1,5,0,1,1,0,0,0,1,2,0,0,1,0,0,0,0,0,0,0.2165,0
28711,2034,321,13328,108,10,0,7,3,0,1,4,0,1,1,0,0,0,0,0,0,0,1,0,0,0,0,0,0,-0.0007,0
28711,2034,321,13329,108,10,0,2,3,1,0,4,0,1,1,0,0,0,1,0,0,0,1,0,1,0,0,0,0,-0.0126,0
28711,2034,321,13349,108,10,0,2,3,0,0,3,0,1,1,0,0,0,0,0,0,0,0,0,0,0,0,0,0,-0.0382,0
28711,2034,321,13350,108,10,0,2,3,0,0,3,0,1,1,0,0,0,0,0,0,0,0,0,0,0,0,0,0,-0.0542,0
28711,2034,321,13351,108,10,0,2,4,0,0,4,0,1,1,0,0,0,0,0,0,0,0,0,0,0,0,0,0,-0.1440,0
28711,2034,321,13376,108,10,0,0,1,0,0,1,0,1,0,0,0,0,0,0,0,0,0,0,0,0,0,0,0,-0.1225,0
28711,2034,321,13377,108,10,0,2,3,2,0,4,0,1,1,1,0,0,1,1,0,0,1,0,0,0,0,0,0,0.0648,0
28711,2034,321,13378,108,10,0,2,5,1,0,5,0,1,1,0,0,0,0,1,0,0,0,0,0,0,0,0,0,-0.0245,0
28711,2034,321,13382,108,10,0,2,4,0,1,4,0,1,1,0,0,0,1,0,0,0,0,0,0,0,0,0,0,-0.1266,0
28711,2034,321,13383,108,10,0,2,1,0,0,4,0,1,1,0,0,0,1,1,0,0,2,1,0,0,1,0,0,-0.0070,0
28711,2034,321,13384,108,10,0,2,3,1,0,4,0,1,1,0,1,0,0,2,0,0,1,0,0,0,0,0,0,0.0752,0
28711,2034,321,13412,108,10,0,2,3,0,1,3,0,1,1,0,0,0,0,1,0,0,0,0,0,0,0,0,0,-0.0259,0
28711,2034,321,13413,108,10,0,2,4,0,1,4,0,1,1,0,0,0,0,0,0,0,0,0,0,0,0,0,0,-0.1247,0
28711,2034,321,13414,108,10,0,8,1,0,1,1,0,1,0,0,0,0,0,0,0,0,0,0,0,0,0,0,0,-0.0002,0
28711,2034,321,13430,108,10,0,2,4,0,2,4,0,1,1,0,0,0,0,0,0,0,0,0,0,0,0,0,0,-0.0435,0
28711,2034,321,13431,108,10,0,2,4,2,0,4,0,1,1,1,0,0,1,1,0,0,0,0,0,0,0,0,0,0.1116,0
28711,2034,321,13432,108,10,0,7,4,0,1,4,0,1,1,0,0,0,0,0,0,0,0,0,0,0,0,0,0,-0.0265,0
28712,2034,336,13457,108,10,0,7,4,1,0,5,0,1,1,0,0,0,2,1,0,0,0,0,0,0,1,0,0,0.0790,0
28712,2034,336,13458,108,10,0,7,5,0,0,5,0,1,1,0,0,0,0,0,0,0,0,0,0,0,0,0,0,-0.0793,0
28712,2034,336,13459,108,10,0,7,4,1,0,5,0,1,1,0,0,0,1,0,0,0,1,0,0,0,0,0,0,-0.0019,0
28712,2034,336,13460,108,10,0,7,4,0,1,4,0,1,1,0,0,0,0,0,0,0,0,0,0,0,0,0,0,-0.0640,0
28712,2034,336,13482,108,10,0,7,2,0,0,2,0,1,1,0,0,0,0,1,0,0,0,0,0,0,0,0,0,-0.0058,0
28712,2034,336,13588,108,10,0,7,3,0,1,5,0,1,1,0,0,0,0,1,0,0,1,0,0,0,1,0,0,-0.0242,0
28712,2034,336,13589,108,10,0,7,5,1,0,5,0,1,1,0,0,0,0,0,0,0,0,0,0,0,0,0,0,-0.0523,0
28712,2034,336,13590,108,10,0,7,5,0,2,5,0,1,1,0,0,0,0,0,0,1,0,0,0,0,0,0,0,-0.1352,0
28712,2034,336,13612,108,10,0,7,4,2,0,5,0,1,1,0,0,1,1,2,0,0,1,0,0,0,0,0,0,0.1490,0
28712,2034,336,13613,108,10,0,7,4,0,0,5,0,1,1,0,0,0,1,0,0,0,1,0,0,0,0,0,0,0.0893,0
28712,2034,336,13614,108,10,0,7,3,0,0,4,0,1,1,0,0,0,0,0,0,1,1,0,0,0,0,0,0,-0.0189,0
28712,2034,336,13636,108,10,0,7,3,2,0,4,0,1,1,0,0,0,1,0,0,0,0,0,0,1,0,0,0,0.0319,0
28712,2034,336,13637,108,10,0,7,7,4,0,7,0,1,1,1,0,0,2,2,0,0,0,0,0,0,0,0,0,0.0240,0
28712,2034,336,13638,108,10,0,7,3,0,0,4,0,1,1,0,0,0,0,0,0,0,1,0,0,0,0,0,0,-0.0450,0
28712,2034,336,13663,108,10,0,7,4,3,0,7,0,1,1,0,0,1,2,4,0,0,2,0,0,1,0,0,0,0.2271,0
28712,2034,336,13664,108,10,0,7,4,0,2,5,0,1,1,0,0,0,1,0,0,0,0,0,0,1,0,0,0,-0.1033,0
28712,2034,336,13665,108,10,0,7,5,1,1,5,0,1,1,0,0,0,1,0,0,0,0,0,0,0,0,0,0,-0.0556,0
28712,2034,336,13684,108,10,0,7,3,0,0,4,0,1,1,0,0,0,0,0,0,0,0,0,0,1,0,0,0,-0.0793,0
28712,2034,336,13685,108,10,0,7,4,1,0,4,0,1,1,0,0,0,0,0,0,0,0,0,0,0,0,0,0,-0.0150,0
28712,2034,336,13686,108,10,0,7,4,1,1,5,0,1,1,0,0,0,0,0,0,0,1,0,0,0,0,0,0,-0.0802,0
28712,2034,336,13696,108,10,0,7,4,1,1,4,0,1,1,0,0,0,1,0,0,0,0,0,0,0,0,0,0,-0.0466,0
28712,2034,336,13697,108,10,0,7,4,3,0,5,0,1,1,0,0,0,0,0,0,0,1,0,0,0,0,0,0,0.1590,0
28712,2034,336,13698,108,10,0,7,3,1,0,4,0,1,1,1,0,0,0,0,0,0,1,0,0,0,0,0,0,-0.0435,0
28712,2034,336,13723,108,10,0,7,5,2,0,6,0,1,1,0,0,0,0,1,0,0,1,0,0,0,0,0,0,0.1946,0
28712,2034,336,13724,108,10,0,7,4,2,0,5,0,1,1,1,0,0,1,1,0,0,1,0,0,0,0,0,0,0.1978,0
28712,2034,336,13725,108,10,0,7,4,0,0,5,0,1,1,0,0,0,0,0,0,0,1,0,0,0,0,0,0,0.0216,0
28712,2034,336,13738,108,10,0,7,4,2,0,5,0,1,1,1,0,0,1,1,0,0,1,0,0,0,0,0,0,0.3664,0
28712,2034,336,13739,108,10,0,7,5,3,1,5,0,1,1,0,1,0,2,1,0,0,0,0,0,0,0,0,0,0.0985,0
28712,2034,336,13740,108,10,0,7,5,2,1,6,0,1,1,1,0,0,1,2,0,0,0,0,0,0,0,1,0,0.0988,0
28712,2034,336,13756,108,10,0,7,5,1,0,6,0,1,1,0,0,0,2,1,0,0,1,0,0,0,0,0,0,0.0469,0
28712,2034,336,13757,108,10,0,0,0,0,0,1,0,1,0,0,0,0,0,0,0,0,1,0,0,0,0,0,0,0.0604,0
28712,2034,336,13758,108,10,0,7,4,0,2,5,0,1,1,0,0,0,0,0,0,0,1,0,0,0,0,0,0,-0.0929,0
28712,2034,336,13786,108,10,0,7,5,3,0,5,0,1,1,1,0,0,2,3,0,0,0,0,0,0,0,0,0,0.0980,0
28712,2034,336,13787,108,10,0,7,5,1,0,5,0,1,1,0,0,0,0,0,0,0,0,0,0,0,0,0,0,-0.1272,0
28712,2034,336,13788,108,10,0,7,4,2,0,5,0,1,1,1,0,1,2,2,0,0,0,0,0,0,1,0,0,0.1194,0
28714,2034,344,13476,108,10,0,3,1,0,0,1,0,1,0,0,0,0,1,0,0,0,0,0,0,0,0,0,0,-0.0002,0
28714,2034,344,13477,108,10,0,10,4,2,1,4,0,1,1,0,0,0,1,0,0,0,0,0,0,0,0,0,0,-0.0076,0
28714,2034,344,13478,108,10,0,0,1,0,1,1,0,1,0,0,0,0,0,0,0,0,0,0,0,0,0,0,0,-0.1156,0
28714,2034,344,13498,108,10,0,4,3,1,1,4,0,1,0,0,0,0,0,1,0,0,1,0,0,0,0,0,0,0.1566,0
28714,2034,344,13499,108,10,0,4,4,2,0,4,0,1,1,0,0,0,0,0,0,0,0,0,0,0,0,0,0,0.0010,0
28714,2034,344,13500,108,10,0,4,4,1,0,4,0,1,1,0,0,0,0,0,0,0,0,0,0,0,0,0,0,-0.0239,0
28714,2034,344,13501,108,10,0,4,5,3,0,5,0,1,1,1,0,0,0,2,0,0,0,0,0,0,0,0,0,0.0806,0
28714,2034,344,13531,108,10,0,10,4,1,0,4,0,1,1,1,0,0,0,1,0,0,0,0,0,0,0,0,0,0.0757,0
28714,2034,344,13532,108,10,0,4,5,3,0,5,0,1,1,0,0,0,1,1,1,0,0,0,0,0,0,0,0,0.0097,0
28714,2034,344,13533,108,10,0,4,5,1,2,6,0,1,1,0,0,0,1,2,0,0,1,0,0,0,0,0,0,-0.0673,0
28714,2034,344,13552,108,10,0,4,4,1,0,4,0,1,1,0,0,0,0,0,0,0,0,0,0,0,0,0,0,-0.0405,0
28714,2034,344,13553,108,10,0,4,3,1,0,4,0,1,1,0,0,0,0,0,0,0,1,0,0,0,0,0,0,-0.0258,0
28714,2034,344,13554,108,10,0,4,3,2,0,4,0,1,1,0,0,0,0,1,0,0,0,0,0,0,0,1,0,0.0719,0
28714,2034,344,13576,108,10,0,4,2,0,0,4,0,1,1,0,0,0,0,0,0,0,2,0,0,0,0,0,0,-0.0074,0
28714,2034,344,13577,108,10,0,4,4,1,0,4,0,1,1,0,1,0,1,0,0,0,0,0,0,0,0,0,0,0.0675,0
28714,2034,344,13578,108,10,0,4,4,1,0,5,0,1,1,0,0,0,3,0,0,0,1,0,0,0,0,0,0,-0.0282,0
28714,2034,344,13603,108,10,0,4,4,1,0,4,0,1,1,1,0,0,0,1,0,0,0,0,0,0,0,0,0,0.0651,0
28714,2034,344,13604,108,10,0,4,3,0,1,4,0,1,1,0,0,0,0,0,0,0,1,0,0,0,0,0,0,-0.0083,0
28714,2034,344,13605,108,10,0,4,4,1,1,5,0,1,1,0,0,0,0,0,0,0,1,0,0,0,0,0,0,-0.0305,0
28714,2034,344,13618,108,10,0,4,5,1,3,5,0,1,1,0,0,0,1,0,0,0,0,0,0,0,0,0,0,-0.0727,0
28714,2034,344,13619,108,10,0,4,4,0,1,4,0,1,1,0,0,0,0,1,0,0,0,0,0,0,0,0,0,-0.0151,0
28714,2034,344,13620,108,10,0,4,4,0,1,4,0,1,1,0,0,0,0,0,0,0,0,0,0,0,0,0,0,-0.1424,0
28714,2034,344,13630,108,10,0,4,4,1,1,5,0,1,1,0,0,0,0,2,0,0,1,0,0,0,0,0,0,-0.1015,0
28714,2034,344,13631,108,10,0,4,4,2,1,4,0,1,1,1,0,0,1,1,0,0,0,0,0,0,0,0,0,0.1058,0
28714,2034,344,13632,108,10,0,4,3,0,0,4,0,1,1,0,0,0,0,0,0,0,1,0,0,0,0,0,0,-0.0525,0
28714,2034,344,13648,108,10,0,4,4,1,1,4,0,1,1,0,0,0,0,0,0,0,0,0,0,0,0,0,0,-0.0837,0
28714,2034,344,13649,108,10,0,10,4,1,1,4,0,1,1,0,1,0,0,2,0,0,0,0,0,0,0,0,0,0.2042,0
28714,2034,344,13650,108,10,0,5,4,1,0,4,0,1,1,1,0,0,1,0,0,0,0,0,0,0,0,0,0,-0.0423,0
28714,2034,344,13678,108,10,0,6,4,2,1,5,0,1,1,0,0,0,1,0,0,0,1,0,0,0,0,0,0,-0.0118,0
28714,2034,344,13679,108,10,0,6,5,1,1,6,0,1,1,0,0,0,1,1,0,0,1,0,1,0,0,0,0,-0.0055,0
28714,2034,344,13680,108,10,0,10,4,2,1,4,0,1,1,0,0,0,1,3,0,0,0,0,1,0,0,0,0,0.0983,0
28714,2034,344,13699,108,10,0,6,5,1,1,5,0,1,1,0,0,0,1,0,0,0,0,0,0,0,0,0,0,-0.0562,0
28714,2034,344,13700,108,10,0,6,4,2,0,5,0,1,1,0,0,0,0,0,0,0,1,0,0,0,0,0,0,-0.0594,0
28714,2034,344,13701,108,10,0,6,4,1,0,5,0,1,1,0,0,0,0,3,0,0,1,0,0,0,0,0,0,-0.0444,0
28714,2034,344,13726,108,10,0,10,5,3,0,5,0,1,1,1,1,0,2,4,0,0,0,0,0,0,0,0,0,0.3858,0
28714,2034,344,13727,108,10,0,10,3,0,0,5,0,1,1,0,0,0,1,0,0,0,2,0,0,0,0,0,0,-0.0071,0
28714,2034,344,13728,108,10,0,10,3,0,1,4,0,1,1,0,0,0,0,0,0,0,1,0,0,0,0,0,0,-0.0451,0
28714,2034,344,13734,108,10,0,10,4,1,0,5,0,1,1,1,0,0,1,0,0,0,1,0,0,0,0,0,0,0.0439,0
28714,2034,344,13762,108,10,0,10,4,2,0,4,0,1,1,1,0,0,1,2,0,0,0,0,0,0,0,0,0,0.1092,0
28714,2034,344,13780,108,10,0,10,3,1,1,5,0,1,1,0,1,0,3,1,0,0,2,0,0,0,0,0,0,0.1321,0
28714,2034,344,13782,108,10,0,10,6,3,0,6,0,1,1,0,0,0,2,1,0,0,0,0,0,0,0,0,0,0.4254,0
28715,2034,158,9600,105,6,0,3,3,1,0,4,0,1,1,1,0,0,0,0,0,1,1,0,0,0,0,0,0,0.0009,0
28715,2034,158,9601,105,6,0,3,3,1,0,4,0,1,1,0,0,0,1,1,0,0,1,0,0,0,0,0,0,0.1522,0
28715,2034,158,9602,105,6,0,3,3,0,0,3,0,1,1,0,0,0,0,0,0,0,0,0,0,0,0,0,0,-0.0639,0
28715,2034,158,9603,105,6,0,3,3,0,0,4,0,1,1,0,0,0,0,0,0,0,1,0,0,0,0,0,0,-0.0944,0
28715,2034,158,9611,105,6,0,3,4,3,0,5,0,1,1,1,0,0,1,0,1,0,1,0,0,0,0,0,0,0.1660,0
28715,2034,158,9612,105,6,0,3,3,1,0,4,0,1,1,0,0,0,0,0,0,0,1,0,0,0,0,0,0,-0.0362,0
28715,2034,158,9613,105,6,0,3,3,0,0,4,0,1,1,0,0,0,1,0,0,0,1,0,0,0,0,0,0,-0.0156,0
28715,2034,158,9629,105,6,0,3,4,1,1,5,0,1,1,0,0,0,0,0,0,0,1,0,0,0,0,0,0,-0.0314,0
28715,2034,158,9630,105,6,0,3,3,1,0,3,0,1,1,0,0,0,0,0,0,0,0,0,0,0,0,0,0,0.0375,0
28715,2034,158,9631,105,6,0,0,1,0,0,1,0,1,0,0,0,0,0,0,0,0,0,0,0,0,0,0,0,-0.0961,0
28715,2034,158,9660,105,6,0,3,4,0,0,4,0,1,1,0,0,0,0,0,0,0,0,0,0,0,0,0,0,-0.1282,0
28715,2034,158,9661,105,6,0,3,2,0,1,3,0,1,1,0,0,0,0,1,0,0,0,0,0,0,1,0,0,-0.0651,0
28715,2034,158,9662,105,6,0,3,4,2,0,4,0,1,1,1,0,1,1,1,0,0,0,0,0,0,0,0,0,0.1206,0
28715,2034,158,9681,105,6,0,3,5,0,2,5,0,1,1,0,0,0,1,0,0,0,0,0,0,0,0,0,0,-0.0353,0
28715,2034,158,9682,105,6,0,3,4,0,1,4,0,1,1,0,0,0,0,0,0,0,0,0,0,0,0,0,0,-0.2094,0
28715,2034,158,9683,105,6,0,3,4,0,3,4,0,1,1,0,0,0,0,0,0,0,0,0,0,0,0,0,0,-0.0668,0
28715,2034,158,9702,105,6,0,3,3,0,0,3,0,1,1,0,0,0,0,0,0,0,0,0,0,0,0,0,0,-0.0939,0
28715,2034,158,9703,105,6,0,3,4,2,0,4,0,1,1,1,0,0,1,0,0,0,0,0,0,0,0,0,0,-0.0199,0
28715,2034,158,9720,105,6,0,3,5,1,0,5,0,1,1,0,0,0,0,0,0,0,0,0,0,0,0,0,0,-0.0511,0
28715,2034,158,9721,105,6,0,3,4,1,2,4,0,1,1,0,0,0,0,0,0,0,0,0,0,0,0,0,0,-0.0204,0
28715,2034,158,9722,105,6,0,3,4,0,1,4,0,1,1,0,0,0,0,0,0,0,0,0,0,0,0,0,0,-0.0214,0
28715,2034,158,9756,105,6,0,3,2,1,0,3,0,1,1,0,0,0,1,2,0,0,1,0,0,0,0,0,0,0.0894,0
28715,2034,158,9757,105,6,0,3,3,2,0,4,0,1,1,1,0,0,0,2,0,0,1,0,0,0,0,0,0,0.2972,0
28715,2034,158,9765,105,6,0,3,3,2,0,4,0,1,1,0,0,0,0,0,0,0,1,0,0,0,0,0,0,0.0818,0
28715,2034,158,9766,105,6,0,3,3,0,2,3,0,1,1,0,0,0,0,0,0,0,0,0,0,0,0,0,0,-0.0894,0
28715,2034,158,9767,105,6,0,3,4,1,0,4,0,1,1,0,0,0,0,0,0,0,0,0,0,0,0,0,0,0.0439,0
28715,2034,158,9795,105,6,0,3,3,0,1,3,0,1,1,0,0,0,0,0,0,0,0,0,0,0,0,0,0,-0.0684,0
28715,2034,158,9796,105,6,0,3,3,0,0,4,0,1,1,0,0,0,0,1,0,0,1,0,1,0,0,0,0,-0.0458,0
28715,2034,158,9797,105,6,0,3,4,1,1,4,0,1,1,1,0,0,0,3,0,0,0,0,1,0,0,0,0,0.1455,0
28715,2034,158,9807,105,6,0,3,3,2,0,4,0,1,1,0,0,0,0,0,0,0,1,0,0,0,0,0,0,0.0528,0
28715,2034,158,9808,105,6,0,3,3,2,0,3,0,1,1,0,0,0,0,0,0,0,0,0,0,0,0,0,0,0.0737,0
28715,2034,158,9809,105,6,0,3,2,0,1,3,0,1,1,0,0,0,0,1,0,0,0,0,0,0,1,0,0,-0.0705,0
28715,2034,158,9828,105,6,0,3,3,2,0,4,0,1,1,0,0,0,1,0,0,0,1,0,0,0,0,0,0,0.1015,0
28715,2034,158,9829,105,6,0,5,3,0,1,3,0,1,1,0,0,0,0,0,0,0,0,0,0,0,0,0,0,-0.0843,0
28715,2034,158,9830,105,6,0,5,5,1,1,5,0,1,1,0,0,0,0,0,0,0,0,0,0,0,0,0,0,-0.1341,0
28715,2034,158,9849,105,6,0,5,4,0,1,4,0,1,1,0,0,0,0,0,0,0,0,0,0,0,0,0,0,-0.0752,0
28715,2034,158,9850,105,6,0,5,3,0,0,4,0,1,1,0,0,0,0,0,0,0,1,0,0,0,0,0,0,-0.1043,0
28715,2034,158,9851,105,6,0,5,3,0,0,4,0,1,1,0,0,0,0,1,0,0,1,0,0,0,0,0,0,-0.0200,0
28715,2034,158,9906,105,6,0,5,4,1,0,5,0,1,1,0,0,0,1,0,1,0,1,1,0,0,0,0,0,-0.0069,0
28715,2034,158,9908,105,6,0,5,4,1,2,4,0,1,1,0,0,0,0,1,0,0,0,0,0,0,0,0,0,0.0652,0
28715,2034,158,9912,105,6,0,5,3,0,0,3,0,1,1,0,0,0,0,0,0,0,0,0,0,0,0,0,0,-0.1426,0
28715,2034,158,9913,105,6,0,5,4,1,0,4,0,1,1,1,0,0,0,1,0,0,0,0,0,0,0,0,0,0.0457,0
28715,2034,158,9914,105,6,0,5,3,0,0,4,0,1,1,0,0,0,0,0,0,0,1,0,0,0,0,0,0,0.0719,0
28715,2034,158,9942,105,6,0,5,3,0,0,3,0,1,1,0,0,0,0,0,0,0,0,0,0,0,0,0,0,-0.0675,0
28715,2034,158,9944,105,6,0,5,3,0,0,3,0,1,1,0,0,0,0,0,0,0,0,0,0,0,0,0,0,-0.0917,0
28715,2034,158,9954,105,6,0,5,2,0,0,3,0,1,1,0,0,0,0,0,0,0,1,0,0,0,0,0,0,-0.0289,0
28715,2034,158,9955,105,6,0,5,4,0,0,4,0,1,1,0,0,0,1,0,0,0,0,0,1,0,0,0,0,-0.0192,0
28715,2034,158,9956,105,6,0,5,2,0,0,3,0,1,1,0,0,0,0,0,0,0,1,0,0,0,0,0,0,-0.0050,0
28715,2034,158,9978,105,6,0,5,4,0,0,5,0,1,1,0,0,0,1,0,0,0,1,0,1,0,0,0,0,-0.0474,0
28715,2034,158,9979,105,6,0,0,1,0,0,1,0,1,0,0,0,0,0,0,0,0,0,0,0,0,0,0,0,-0.0724,0
28715,2034,158,9980,105,6,0,5,4,0,0,5,0,1,1,0,0,0,0,1,0,0,1,0,0,0,0,0,0,-0.0897,0
28715,2034,158,9996,105,6,0,5,4,0,0,4,0,1,1,0,0,0,0,0,0,0,0,0,0,0,0,0,0,-0.0739,0
28715,2034,158,9997,105,6,0,5,4,1,0,5,0,1,1,0,0,1,2,1,0,0,1,0,0,0,0,0,0,0.0202,0
28715,2034,158,9998,105,6,0,5,5,2,0,5,0,1,1,0,0,2,2,5,0,0,0,0,0,0,0,0,0,0.2934,0
28715,2034,158,10014,105,6,0,5,4,1,0,4,0,1,1,0,0,0,0,0,0,0,0,0,0,0,0,0,0,0.0014,0
28715,2034,158,10016,105,6,0,5,5,1,0,5,0,1,1,0,0,0,0,0,0,0,0,0,0,0,0,0,0,-0.1672,0
28715,2034,158,10035,105,6,0,5,4,0,0,4,0,1,1,0,0,0,0,0,0,0,0,0,0,0,0,0,0,-0.1391,0
28715,2034,158,10036,105,6,0,5,5,2,1,6,0,1,1,0,0,0,1,1,0,0,1,0,0,0,0,0,0,0.0434,0
28715,2034,158,10037,105,6,0,5,4,1,0,4,0,1,1,0,0,0,0,0,0,0,0,0,0,0,0,0,0,-0.0754,0
28716,2034,344,13461,108,10,0,8,4,1,0,4,0,1,1,0,0,0,0,0,0,0,0,0,0,0,0,0,0,-0.0637,0
28716,2034,344,13466,108,10,0,8,5,1,1,5,0,1,1,0,1,0,2,2,0,0,0,0,0,0,0,0,0,0.0026,0
28716,2034,344,13467,108,10,0,8,4,2,1,4,0,1,1,0,1,0,0,0,0,0,0,0,0,0,0,0,0,0.0688,0
28716,2034,344,13468,108,10,0,8,6,4,0,6,0,1,1,0,0,0,2,0,0,0,0,0,0,0,0,0,0,0.1024,0
28716,2034,344,13476,108,10,0,8,4,2,0,5,0,1,1,1,0,0,2,0,0,0,1,0,0,0,0,0,0,0.0720,0
28716,2034,344,13477,108,10,0,8,2,0,0,4,0,1,1,0,0,0,0,0,0,0,2,1,0,0,0,0,0,0.0172,0
28716,2034,344,13478,108,10,0,8,4,0,0,4,0,1,1,0,0,0,0,0,0,0,0,0,0,0,0,0,0,-0.0802,0
28716,2034,344,13498,108,10,0,8,3,0,0,5,0,1,1,0,0,0,1,0,0,0,2,0,0,0,0,0,0,0.0452,0
28716,2034,344,13499,108,10,0,8,4,0,0,4,0,1,1,0,0,0,0,0,0,0,0,0,0,0,0,0,0,-0.0161,0
28716,2034,344,13500,108,10,0,8,5,1,0,5,0,1,1,0,0,0,0,0,0,0,0,0,0,0,0,0,0,0.0030,0
28716,2034,344,13501,108,10,0,8,4,0,1,5,0,1,1,0,0,0,0,0,0,0,1,0,0,0,0,0,0,-0.0778,0
28716,2034,344,13531,108,10,0,8,4,0,2,4,0,1,1,0,0,0,0,0,0,0,0,0,0,0,0,0,0,-0.1214,0
28716,2034,344,13532,108,10,0,8,3,1,0,5,0,1,1,1,0,0,1,2,0,0,2,0,0,0,0,0,0,0.4486,0
28716,2034,344,13533,108,10,0,8,6,3,1,6,0,1,1,2,0,0,1,0,0,0,0,0,0,0,0,0,0,0.0968,0
28716,2034,344,13552,108,10,0,8,4,1,0,4,0,1,1,0,1,0,1,0,0,0,0,0,0,0,0,0,0,0.0798,0
28716,2034,344,13553,108,10,0,8,5,2,0,5,0,1,1,1,0,0,1,0,0,0,0,0,0,0,0,0,0,0.0130,0
28716,2034,344,13554,108,10,0,8,5,1,1,5,0,1,1,1,0,0,1,1,0,0,0,0,0,0,0,0,0,-0.0274,0
28716,2034,344,13576,108,10,0,8,5,1,0,5,0,1,1,0,0,0,1,0,0,0,0,0,0,0,0,0,0,-0.0447,0
28716,2034,344,13577,108,10,0,8,4,1,1,5,0,1,1,0,0,0,0,0,0,0,1,0,0,0,0,0,0,0.0456,0
28716,2034,344,13578,108,10,0,8,5,3,0,5,0,1,1,0,0,0,0,1,0,0,0,0,0,0,0,0,0,-0.0026,0
28716,2034,344,13603,108,10,0,8,4,1,0,5,0,1,1,0,0,0,1,0,0,0,1,0,0,0,0,0,0,-0.0259,0
28716,2034,344,13604,108,10,0,8,4,1,0,4,0,1,1,0,0,0,0,1,0,0,0,0,0,0,0,0,0,-0.0132,0
28716,2034,344,13605,108,10,0,8,5,2,0,5,0,1,1,0,0,0,2,0,1,0,0,0,0,0,0,0,0,0.0657,0
28716,2034,344,13618,108,10,0,8,5,1,0,5,0,1,1,0,0,0,0,0,0,0,0,0,0,0,0,0,0,0.0405,0
28716,2034,344,13619,108,10,0,8,4,0,0,5,0,1,1,0,0,0,1,0,0,0,1,0,0,0,0,0,0,0.0255,0
28716,2034,344,13620,108,10,0,8,5,2,0,5,0,1,1,1,0,0,0,0,0,0,0,0,0,0,0,0,0,-0.0351,0
28716,2034,344,13630,108,10,0,8,4,0,0,5,0,1,1,0,0,0,0,0,0,0,1,0,0,0,0,0,0,-0.0757,0
28716,2034,344,13631,108,10,0,8,4,1,0,5,0,1,1,0,0,0,0,1,0,0,0,0,0,0,1,0,0,-0.0545,0
28716,2034,344,13632,108,10,0,8,4,1,0,4,0,1,1,0,0,0,1,0,0,0,0,0,0,0,0,0,0,0.0297,0
28716,2034,344,13648,108,10,0,8,4,0,0,4,0,1,1,0,0,0,0,0,0,0,0,0,0,0,0,0,0,-0.0780,0
28716,2034,344,13649,108,10,0,8,4,2,0,5,0,1,1,0,0,0,1,0,1,0,1,0,0,0,0,0,0,0.0904,0
28716,2034,344,13650,108,10,0,8,3,0,1,5,0,1,1,0,0,0,1,0,0,1,2,0,0,0,0,0,0,-0.0229,0
28716,2034,344,13678,108,10,0,8,5,2,1,6,0,1,1,0,0,0,2,1,0,0,0,0,0,0,1,0,0,-0.0388,0
28716,2034,344,13679,108,10,0,8,6,5,0,7,0,1,1,0,0,0,4,4,0,0,1,0,0,0,0,0,0,0.1580,0
28716,2034,344,13680,108,10,0,8,5,1,2,5,0,1,1,0,0,0,0,0,0,0,0,0,0,0,0,0,0,-0.1688,0
28716,2034,344,13699,108,10,0,8,5,1,1,6,0,1,1,1,0,0,0,1,0,0,1,0,0,0,0,0,0,0.0565,0
28716,2034,344,13700,108,10,0,8,4,0,0,5,0,1,1,0,0,0,1,0,0,0,1,0,0,0,0,0,0,-0.0311,0
28716,2034,344,13701,108,10,0,8,5,3,1,5,0,1,1,0,0,0,2,0,0,0,0,0,0,0,0,0,0,-0.0046,0
28716,2034,344,13726,108,10,0,8,4,2,0,5,0,1,1,0,0,0,2,0,1,0,1,0,0,0,0,0,0,0.1117,0
28716,2034,344,13727,108,10,0,8,4,3,0,5,0,1,1,0,0,0,1,1,0,0,0,0,0,0,0,1,0,0.1373,0
28716,2034,344,13728,108,10,0,8,4,1,0,4,0,1,1,0,0,0,0,0,0,0,0,0,0,0,0,0,0,0.1048,0
28716,2034,344,13732,108,10,0,8,5,4,0,5,0,1,1,2,0,0,1,3,1,0,0,0,0,0,0,0,0,0.1947,0
28716,2034,344,13733,108,10,0,8,4,1,0,4,0,1,1,0,0,0,1,0,0,0,0,0,0,0,0,0,0,-0.0010,0
28716,2034,344,13734,108,10,0,8,5,1,1,5,0,1,1,0,0,0,0,0,0,0,0,0,1,0,0,0,0,-0.0569,0
28716,2034,344,13762,108,10,0,8,4,1,0,4,0,1,1,0,0,0,1,0,0,0,0,0,0,0,0,0,0,-0.0073,0
28716,2034,344,13763,108,10,0,8,3,0,0,5,0,1,1,0,0,0,0,0,0,0,2,0,0,0,0,0,0,-0.0311,0
28716,2034,344,13764,108,10,0,8,5,1,2,5,0,1,1,0,0,0,0,0,0,0,0,0,0,0,0,0,0,-0.0659,0
28716,2034,344,13780,108,10,0,8,5,1,1,5,0,1,1,0,0,0,1,0,0,0,0,0,0,0,0,0,0,-0.3128,0
28716,2034,344,13781,108,10,0,8,3,2,0,5,0,1,1,1,0,0,2,3,1,0,2,0,0,0,0,0,0,0.1114,0
28716,2034,344,13782,108,10,0,8,4,1,1,5,0,1,1,1,0,0,1,1,0,0,1,0,0,0,0,0,0,0.0755,0
28717,2034,344,13461,108,10,0,5,4,0,0,4,0,1,1,0,0,0,0,0,0,0,0,0,1,0,0,0,0,-0.1108,0
28717,2034,344,13466,108,10,0,5,3,1,1,4,0,1,1,0,0,0,1,0,0,0,1,0,0,0,0,0,0,0.0034,0
28717,2034,344,13467,108,10,0,5,4,0,1,4,0,1,1,0,0,0,0,0,0,0,0,0,0,0,0,0,0,-0.0647,0
28717,2034,344,13468,108,10,0,5,5,1,1,5,0,1,1,0,0,0,0,1,0,0,0,0,0,0,0,0,0,0.0362,0
28717,2034,344,13476,108,10,0,5,3,1,0,4,0,1,1,0,0,1,2,1,0,0,1,0,0,0,0,0,0,0.0305,0
28717,2034,344,13477,108,10,0,5,4,0,0,4,0,1,1,0,0,0,0,0,0,0,0,0,0,0,0,0,0,-0.0798,0
28717,2034,344,13478,108,10,0,5,4,1,0,4,0,1,1,0,0,0,0,0,0,0,0,0,0,0,0,0,0,-0.0238,0
28717,2034,344,13498,108,10,0,5,4,0,0,4,0,1,1,0,0,0,0,0,0,0,0,0,0,0,0,0,0,-0.1528,0
28717,2034,344,13499,108,10,0,5,3,0,0,3,0,1,1,0,0,0,0,0,0,0,0,0,0,0,0,0,0,-0.0214,0
28717,2034,344,13500,108,10,0,5,4,0,0,4,0,1,1,0,0,0,0,0,0,0,0,0,0,0,0,0,0,-0.1161,0
28717,2034,344,13501,108,10,0,5,4,2,0,4,0,1,1,0,0,0,0,0,0,0,0,0,0,0,0,0,0,-0.0134,0
28717,2034,344,13531,108,10,0,5,3,1,0,3,0,1,1,0,0,0,0,0,0,0,0,0,0,0,0,0,0,-0.0220,0
28717,2034,344,13532,108,10,0,5,4,2,0,4,0,1,1,0,0,0,1,1,0,0,0,0,0,0,0,0,0,0.1368,0
28717,2034,344,13533,108,10,0,5,4,0,0,5,0,1,1,0,0,0,1,1,0,0,1,0,0,0,0,0,0,0.0733,0
28717,2034,344,13552,108,10,0,5,3,0,0,3,0,1,1,0,0,0,0,0,0,0,0,0,1,0,0,0,0,-0.1809,0
28717,2034,344,13553,108,10,0,5,4,2,0,4,0,1,1,0,0,1,2,1,0,0,0,0,0,0,0,0,0,0.0839,0
28717,2034,344,13554,108,10,0,5,4,1,1,4,0,1,1,0,0,0,1,0,1,0,0,0,0,0,0,0,0,-0.0481,0
28717,2034,344,13576,108,10,0,5,4,0,0,4,0,1,1,0,0,0,0,0,0,0,0,0,0,0,0,0,0,-0.1050,0
28717,2034,344,13577,108,10,0,5,3,1,0,4,0,1,1,0,0,0,0,2,0,0,1,0,0,0,0,0,0,0.0966,0
28717,2034,344,13578,108,10,0,5,4,4,0,5,0,1,1,1,0,0,1,1,0,0,1,0,0,0,0,0,0,0.0928,0
28717,2034,344,13603,108,10,0,5,4,2,0,4,0,1,1,0,0,0,1,0,0,0,0,0,0,0,0,0,0,0.1210,0
28717,2034,344,13604,108,10,0,5,2,0,0,3,0,1,1,0,0,0,0,0,0,0,1,0,0,0,0,0,0,-0.0106,0
28717,2034,344,13605,108,10,0,5,4,1,1,4,0,1,1,0,0,0,2,0,0,0,0,0,0,0,0,0,0,-0.0471,0
28717,2034,344,13618,108,10,0,5,4,2,0,4,0,1,1,0,0,1,1,1,0,0,0,0,0,0,0,0,0,0.0243,0
28717,2034,344,13619,108,10,0,5,4,0,1,4,0,1,1,0,0,0,0,0,0,0,0,0,0,0,0,0,0,-0.0839,0
28717,2034,344,13620,108,10,0,5,4,0,2,4,0,1,1,0,0,0,0,0,0,0,0,0,0,0,0,0,0,-0.1416,0
28717,2034,344,13630,108,10,0,5,4,2,1,5,0,1,1,0,0,0,0,0,0,0,1,0,0,0,0,0,0,-0.0995,0
28717,2034,344,13631,108,10,0,5,2,1,1,2,0,1,1,1,0,0,1,0,0,0,0,0,0,0,0,0,0,-0.0154,0
28717,2034,344,13679,108,10,0,5,4,3,0,6,0,1,1,1,0,0,5,2,0,0,2,0,0,0,0,0,0,0.1549,0
28717,2034,344,13680,108,10,0,5,2,1,0,4,0,1,1,0,0,0,0,1,0,0,1,0,0,0,1,0,0,-0.0184,0
28717,2034,344,13699,108,10,0,5,3,0,1,5,0,1,1,0,0,0,1,0,0,0,2,0,0,0,0,0,0,0.1513,0
28717,2034,344,13700,108,10,0,5,4,2,0,4,0,1,1,1,0,0,0,0,0,0,0,0,1,0,0,0,0,-0.1269,0
28717,2034,344,13701,108,10,0,5,4,1,0,4,0,1,1,1,0,0,1,0,0,0,0,0,0,0,0,0,0,-0.0349,0
28717,2034,344,13726,108,10,0,5,2,0,0,4,0,1,1,0,0,0,1,1,0,0,2,1,0,0,0,0,0,-0.0066,0
28717,2034,344,13727,108,10,0,5,4,0,0,4,0,1,1,0,0,0,0,0,0,0,0,0,0,0,0,0,0,-0.0490,0
28717,2034,344,13728,108,10,0,5,3,0,1,4,0,1,1,0,0,0,1,0,0,0,1,0,0,0,0,0,0,-0.0003,0
28717,2034,344,13732,108,10,0,5,4,0,0,5,0,1,1,0,0,0,2,0,0,0,1,0,0,0,0,0,0,0.0193,0
28717,2034,344,13733,108,10,0,5,3,0,0,3,0,1,1,0,0,0,0,0,0,0,0,0,0,0,0,0,0,-0.0211,0
28717,2034,344,13734,108,10,0,5,2,0,1,4,0,1,1,0,0,0,0,0,0,0,2,0,0,0,0,0,0,0.0495,0
28717,2034,344,13762,108,10,0,5,4,0,0,4,0,1,1,0,0,0,0,0,0,0,0,0,1,0,0,0,0,-0.0174,0
28717,2034,344,13763,108,10,0,5,4,2,0,4,0,1,1,1,0,0,1,2,0,0,0,0,0,0,0,0,0,0.2407,0
28717,2034,344,13764,108,10,0,5,4,0,1,5,0,1,1,0,0,0,0,0,0,0,1,0,1,0,0,0,0,-0.2003,0
28717,2034,344,13780,108,10,0,5,4,1,0,4,0,1,1,0,0,0,0,0,0,0,0,0,0,0,0,0,0,-0.0869,0
28717,2034,344,13781,108,10,0,5,3,2,0,4,0,1,1,0,0,0,1,0,0,0,1,0,0,0,0,0,0,0.0215,0
28717,2034,344,13782,108,10,0,5,4,1,0,5,0,1,1,1,0,0,0,0,0,0,1,1,0,0,0,0,0,-0.0486,0
28719,2034,342,13453,108,10,0,8,4,2,0,5,0,1,1,0,1,0,1,1,0,0,1,0,0,0,0,0,0,0.2037,0
28719,2034,342,13454,108,10,0,8,4,2,0,4,0,1,1,0,0,0,0,1,0,0,0,0,0,0,0,0,0,0.0672,0
28719,2034,342,13455,108,10,0,8,4,0,0,4,0,1,1,0,0,0,0,0,0,0,0,0,0,0,0,0,0,-0.0809,0
28719,2034,342,13456,108,10,0,8,4,2,0,5,0,1,1,0,0,0,0,0,1,0,1,0,0,0,0,0,0,0.1166,0
28719,2034,342,13485,108,10,0,8,5,4,0,5,0,1,1,2,0,1,2,2,1,0,0,0,0,0,0,0,0,0.1935,0
28719,2034,342,13486,108,10,0,8,6,1,0,6,0,1,1,0,0,0,0,1,0,0,0,0,0,0,0,0,0,0.0093,0
28719,2034,342,13487,108,10,0,8,4,2,0,4,0,1,1,0,0,0,0,0,0,1,0,0,0,0,0,0,0,-0.0357,0
28719,2034,342,13510,108,10,0,8,4,0,0,5,0,1,1,0,0,0,0,0,0,0,1,0,0,0,0,0,0,-0.1499,0
28719,2034,342,13511,108,10,0,8,4,2,0,5,0,1,1,0,0,0,0,0,0,1,1,0,0,0,0,0,0,-0.0067,0
28719,2034,342,13512,108,10,0,8,4,2,0,4,0,1,1,0,0,0,1,0,0,0,0,0,0,0,0,0,0,0.0009,0
28719,2034,342,13513,108,10,0,8,1,1,0,1,0,1,1,0,0,0,0,0,0,0,0,0,0,0,0,0,0,0.0134,0
28719,2034,342,13541,108,10,0,8,5,2,0,5,0,1,1,0,0,0,1,0,0,0,0,0,0,0,0,0,0,0.0953,0
28719,2034,342,13542,108,10,0,8,4,1,1,4,0,1,1,0,0,0,0,1,0,0,0,0,0,0,0,0,0,0.0623,0
28719,2034,342,13549,108,10,0,8,3,0,0,4,0,1,1,0,0,0,1,0,0,0,1,0,0,0,0,0,0,-0.0932,0
28719,2034,342,13550,108,10,0,8,4,0,0,4,0,1,1,0,0,0,0,0,0,0,0,0,0,0,0,0,0,-0.0896,0
28719,2034,342,13551,108,10,0,8,4,1,0,4,0,1,1,0,0,0,2,0,0,0,0,0,0,0,0,0,0,-0.0629,0
28719,2034,342,13573,108,10,0,8,5,2,0,6,0,1,1,0,0,0,0,2,0,0,1,0,0,0,0,0,0,0.0461,0
28719,2034,342,13574,108,10,0,8,4,1,1,4,0,1,1,1,0,0,0,1,0,0,0,0,0,0,0,0,0,0.1016,0
28719,2034,342,13575,108,10,0,8,4,0,0,5,0,1,1,0,0,0,0,0,0,0,0,0,0,0,0,1,0,-0.0507,0
28719,2034,342,13591,108,10,0,8,4,2,1,4,0,1,1,0,1,0,0,1,0,0,0,0,0,0,0,0,0,0.0829,0
28719,2034,342,13592,108,10,0,8,5,2,1,5,0,1,1,1,0,0,1,0,0,0,0,0,1,0,0,0,0,-0.0290,0
28719,2034,342,13593,108,10,0,8,5,4,0,6,0,1,1,2,0,0,3,3,0,0,1,0,0,0,0,0,0,0.0851,0
28719,2034,342,13609,108,10,0,8,5,2,1,5,0,1,1,0,0,0,1,1,0,0,0,0,0,0,0,0,0,0.0579,0
28719,2034,342,13610,108,10,0,8,4,2,0,4,0,1,1,0,0,1,1,3,0,0,0,0,0,0,0,0,0,0.2445,0
28719,2034,342,13611,108,10,0,8,6,1,1,6,0,1,1,0,0,0,1,0,0,0,0,0,0,0,0,0,0,-0.0657,0
28719,2034,342,13639,108,10,0,8,4,0,1,4,0,1,1,0,0,0,0,0,0,0,0,0,0,0,0,0,0,-0.1494,0
28719,2034,342,13640,108,10,0,8,3,0,0,4,0,1,1,0,0,0,0,1,0,0,0,0,0,0,1,0,0,0.0150,0
28719,2034,342,13641,108,10,0,8,5,0,1,5,0,1,1,0,0,0,0,0,0,1,0,0,0,0,0,0,0,-0.2315,0
28719,2034,342,13660,108,10,0,8,3,0,0,3,0,1,1,0,0,0,0,0,0,0,0,0,0,0,0,0,0,-0.0481,0
28719,2034,342,13661,108,10,0,8,7,1,0,7,0,1,1,0,0,1,1,3,0,0,0,0,0,0,0,0,0,0.0544,0
28719,2034,342,13662,108,10,0,8,4,1,1,4,0,1,1,0,0,0,1,1,0,0,0,0,0,0,0,0,0,0.0223,0
28719,2034,342,13684,108,10,0,8,5,1,2,5,0,1,1,1,0,0,1,1,0,0,0,0,0,0,0,0,0,-0.0202,0
28719,2034,342,13685,108,10,0,8,5,2,0,5,0,1,1,1,0,0,0,2,0,0,0,0,0,0,0,0,0,0.1101,0
28719,2034,342,13686,108,10,0,8,3,1,0,3,0,1,1,0,0,0,0,0,0,0,0,0,0,0,0,0,0,-0.0040,0
28721,2034,340,13528,108,10,0,0,1,0,1,1,0,1,0,0,0,0,0,0,0,0,0,0,0,0,0,0,0,-0.0673,0
28721,2034,340,13573,108,10,0,0,1,0,1,1,0,1,0,0,0,0,0,0,0,0,0,0,0,0,0,0,0,0.0001,0
28721,2034,340,13628,108,10,0,3,0,0,0,0,0,1,0,0,0,0,0,0,0,0,0,0,0,0,0,0,0,0.0000,0
28721,2034,340,13651,108,10,0,0,1,0,1,1,0,1,0,0,0,0,0,0,0,0,0,0,0,0,0,0,0,-0.0462,0
28721,2034,340,13653,108,10,0,0,1,0,1,1,0,1,0,0,0,0,0,0,0,0,0,0,0,0,0,0,0,-0.1427,0
28721,2034,340,13734,108,10,0,0,1,0,0,1,0,1,0,0,0,0,1,0,0,0,0,0,0,0,0,0,0,0.0028,0
28721,2034,340,13777,108,10,0,0,1,0,0,1,0,1,0,0,0,0,0,0,0,0,0,0,0,0,0,0,0,-0.0337,0
28722,2034,346,13453,108,10,0,6,5,0,0,5,0,1,1,0,0,0,1,0,0,0,0,0,0,0,0,0,0,-0.0321,0
28722,2034,346,13454,108,10,0,6,4,1,0,5,0,1,1,0,0,0,2,0,0,0,1,1,0,0,0,0,0,-0.0588,0
28722,2034,346,13455,108,10,0,6,3,1,0,4,0,1,1,0,0,0,0,2,0,0,1,0,0,0,0,0,0,0.0720,0
28722,2034,346,13456,108,10,0,6,5,2,0,5,0,1,1,0,0,0,0,2,0,0,0,0,0,0,0,0,0,0.1087,0
28722,2034,346,13479,108,10,0,6,3,0,0,4,0,1,1,0,0,0,0,0,0,0,1,0,0,0,0,0,0,-0.0211,0
28722,2034,346,13480,108,10,0,6,5,1,0,5,0,1,1,1,0,0,1,0,0,0,0,0,0,0,0,0,0,0.0453,0
28722,2034,346,13481,108,10,0,6,4,1,0,4,0,1,1,1,0,0,0,0,0,0,0,0,0,0,0,0,0,0.0035,0
28722,2034,346,13502,108,10,0,6,2,0,0,4,0,1,1,0,0,0,1,0,0,0,2,0,0,0,0,0,0,0.0359,0
28722,2034,346,13503,108,10,0,6,4,3,0,4,0,1,1,2,0,0,1,2,0,0,0,0,0,0,0,0,0,0.4111,0
28722,2034,346,13504,108,10,0,6,5,1,0,5,0,1,1,0,0,0,0,1,0,0,0,0,0,0,0,0,0,-0.0472,0
28722,2034,346,13505,108,10,0,6,4,3,0,4,0,1,1,0,0,0,1,0,0,0,0,0,0,0,0,0,0,0.0571,0
28722,2034,346,13522,108,10,0,6,3,0,0,4,0,1,1,0,0,0,2,0,0,0,1,0,0,0,0,0,0,0.0497,0
28722,2034,346,13523,108,10,0,6,4,1,0,5,0,1,1,0,0,0,0,0,0,0,1,0,0,0,0,0,0,0.1214,0
28722,2034,346,13524,108,10,0,6,3,1,0,5,0,1,1,0,0,0,3,0,0,0,2,1,0,0,0,0,0,0.0504,0
28722,2034,346,13546,108,10,0,6,5,1,0,5,0,1,1,0,0,0,0,1,0,0,0,0,0,0,0,0,0,0.0443,0
28722,2034,346,13547,108,10,0,6,4,1,1,4,0,1,1,0,0,0,0,0,0,0,0,0,0,0,0,0,0,-0.0450,0
28722,2034,346,13548,108,10,0,6,3,2,1,4,0,1,1,0,0,0,0,0,0,0,1,0,0,0,0,0,0,0.0045,0
28722,2034,346,13567,108,10,0,6,3,1,1,4,0,1,1,1,0,0,0,2,0,0,1,0,0,0,0,0,0,0.0932,0
28722,2034,346,13568,108,10,0,6,4,2,1,4,0,1,1,0,1,0,0,1,0,0,0,0,0,0,0,0,0,0.1305,0
28722,2034,346,13569,108,10,0,6,4,2,0,5,0,1,1,0,0,0,1,1,0,0,1,0,0,0,0,0,0,0.0192,0
28722,2034,346,13594,108,10,0,6,3,0,0,4,0,1,1,0,0,0,0,0,0,0,1,0,0,0,0,0,0,-0.0765,0
28722,2034,346,13595,108,10,0,6,4,0,0,4,0,1,1,0,0,0,0,0,0,0,0,0,0,0,0,0,0,-0.1059,0
28722,2034,346,13596,108,10,0,6,2,1,0,2,0,1,1,0,0,0,0,0,0,0,0,0,0,0,0,0,0,0.0365,0
28722,2034,346,13687,108,10,0,6,4,0,1,4,0,1,1,0,0,0,0,0,0,0,0,0,0,0,0,0,0,-0.0593,0
28722,2034,346,13688,108,10,0,6,5,1,0,5,0,1,1,0,0,0,1,0,0,0,0,0,0,0,0,0,0,-0.0268,0
28722,2034,346,13689,108,10,0,6,6,2,0,7,0,1,1,0,0,0,0,1,0,0,0,0,0,0,1,0,0,-0.0458,0
28722,2034,346,13690,108,10,0,6,3,1,0,4,0,1,1,0,0,0,0,0,0,0,1,0,0,0,0,0,0,-0.0216,0
28722,2034,346,13691,108,10,0,6,3,2,0,4,0,1,1,1,0,0,0,1,1,0,1,0,0,0,0,0,0,0.1841,0
28722,2034,346,13692,108,10,0,6,4,1,0,4,0,1,1,0,0,0,0,0,0,0,0,0,0,0,0,0,0,-0.0549,0
28722,2034,346,13714,108,10,0,6,5,0,1,5,0,1,1,0,0,0,0,0,0,0,0,0,0,0,0,0,0,-0.2346,0
28722,2034,346,13715,108,10,0,6,4,0,0,5,0,1,1,0,0,0,0,1,0,0,1,0,0,0,0,0,0,-0.1359,0
28722,2034,346,13716,108,10,0,6,4,1,1,5,0,1,1,1,0,0,0,2,0,0,1,0,0,0,0,0,0,0.0585,0
28722,2034,346,13741,108,10,0,6,3,1,1,4,0,1,1,0,0,0,0,0,0,0,1,0,0,0,0,0,0,0.0100,0
28722,2034,346,13742,108,10,0,6,4,0,0,4,0,1,1,0,0,0,0,0,0,0,0,0,0,0,0,0,0,-0.0444,0
28722,2034,346,13743,108,10,0,6,4,2,0,4,0,1,1,1,0,0,0,0,0,0,0,0,0,0,0,0,0,0.0686,0
28722,2034,346,13759,108,10,0,6,4,0,0,4,0,1,1,0,0,0,0,0,0,0,0,0,0,0,0,0,0,-0.0441,0
28722,2034,346,13760,108,10,0,6,4,2,0,4,0,1,1,0,0,0,0,0,0,0,0,0,0,0,0,0,0,-0.0648,0
28722,2034,346,13761,108,10,0,6,3,0,1,5,0,1,1,0,0,0,0,0,0,0,2,0,0,0,0,0,0,-0.0282,0
28722,2034,346,13777,108,10,0,6,6,3,0,8,0,1,1,0,1,0,0,5,0,0,1,0,0,0,1,0,0,0.3316,0
28722,2034,346,13778,108,10,0,6,4,1,0,4,0,1,1,0,0,0,0,0,0,0,0,0,0,0,0,0,0,-0.0351,0
28722,2034,346,13779,108,10,0,6,5,1,1,6,0,1,1,0,0,0,1,0,0,0,1,0,1,0,0,0,0,-0.0120,0
28722,2034,346,14305,108,10,0,6,4,0,1,4,0,1,1,0,0,0,0,0,0,0,0,0,0,0,0,0,0,-0.1643,0
28722,2034,346,14306,108,10,0,6,5,1,1,5,0,1,1,0,1,0,1,0,0,0,0,0,0,0,0,0,0,0.0416,0
28722,2034,346,14307,108,10,0,6,4,1,0,4,0,1,1,0,0,0,0,0,0,0,0,0,0,0,0,0,0,-0.1314,0
28722,2034,346,14308,108,10,0,6,4,1,1,4,0,1,1,0,0,0,0,0,0,0,0,0,0,0,0,0,0,-0.0914,0
28722,2034,346,14309,108,10,0,6,4,2,1,4,0,1,1,1,0,0,1,1,0,0,0,0,0,0,0,0,0,0.0350,0
28723,2034,347,13449,108,10,0,2,1,0,0,1,0,1,0,0,0,0,0,0,0,0,0,0,1,0,0,0,0,-0.0808,0
28723,2034,347,13452,108,10,0,0,1,0,0,1,0,1,0,0,0,0,0,0,0,0,0,0,0,0,0,0,0,-0.0001,0
28723,2034,347,13483,108,10,0,2,4,1,1,5,0,1,1,0,0,0,1,0,0,0,1,0,0,0,0,0,0,0.0242,0
28723,2034,347,13499,108,10,0,2,0,0,0,1,0,1,0,0,0,0,0,1,0,0,1,0,0,0,0,0,0,0.0000,0
28723,2034,347,13500,108,10,0,2,4,1,1,4,0,1,1,0,0,0,0,0,0,0,0,0,0,0,0,0,0,0.0373,0
28723,2034,347,13526,108,10,0,2,3,0,0,3,0,1,1,0,0,0,0,0,0,0,0,0,1,0,0,0,0,-0.1245,0
28723,2034,347,13527,108,10,0,2,0,0,0,0,0,1,0,0,0,0,0,0,0,0,0,0,0,0,0,0,0,0.0000,0
28723,2034,347,13548,108,10,0,2,0,0,0,0,0,1,0,0,0,0,0,0,0,0,0,0,0,0,0,0,0,0.0000,0
28723,2034,347,13564,108,10,0,2,0,0,0,0,0,1,0,0,0,0,0,0,0,0,0,0,0,0,0,0,0,0.0000,0
28723,2034,347,13565,108,10,0,4,1,0,0,1,0,1,0,0,0,0,0,0,0,0,0,0,0,0,0,0,0,-0.0625,0
28723,2034,347,13566,108,10,0,2,3,2,0,3,0,1,1,0,0,0,0,0,0,0,0,0,0,0,0,0,0,0.0111,0
28723,2034,347,13597,108,10,0,4,3,2,0,3,0,1,1,1,0,0,0,0,0,0,0,0,0,0,0,0,0,0.0546,0
28723,2034,347,13598,108,10,0,4,3,0,0,4,0,1,1,0,0,0,0,0,0,0,1,0,0,0,0,0,0,0.0370,0
28723,2034,347,13599,108,10,0,2,2,0,0,3,0,1,1,0,0,0,0,0,0,0,1,0,0,0,0,0,0,0.0228,0
28723,2034,347,13609,108,10,0,4,2,1,0,4,0,1,1,0,0,0,0,0,0,0,2,0,0,0,0,0,0,0.1361,0
28723,2034,347,13610,108,10,0,4,3,0,1,3,0,1,1,0,0,0,0,0,0,0,0,0,0,0,0,0,0,-0.0699,0
28723,2034,347,13611,108,10,0,4,3,0,0,3,0,1,1,0,0,0,0,0,0,0,0,0,0,0,0,0,0,-0.0250,0
28723,2034,347,13633,108,10,0,4,4,2,1,5,0,1,1,1,0,0,1,1,0,0,1,0,0,0,0,0,0,0.0891,0
28723,2034,347,13634,108,10,0,4,3,2,0,4,0,1,1,0,0,0,0,0,0,0,1,0,0,0,0,0,0,0.0403,0
28723,2034,347,13635,108,10,0,2,4,0,2,4,0,1,1,0,0,0,0,0,0,0,0,0,0,0,0,0,0,-0.0280,0
28723,2034,347,13651,108,10,0,4,3,0,1,4,0,1,1,0,0,0,0,0,0,0,1,1,1,0,0,0,0,-0.0920,0
28723,2034,347,13652,108,10,0,4,4,1,0,4,0,1,1,1,0,0,1,0,0,0,0,0,1,0,0,0,0,-0.1099,0
28723,2034,347,13653,108,10,0,2,6,1,1,6,0,1,1,0,0,0,0,0,0,0,0,0,0,0,0,0,0,-0.1732,0
28723,2034,347,13669,108,10,0,4,4,0,0,4,0,1,1,0,0,0,1,0,0,0,0,0,0,0,0,0,0,-0.0057,0
28723,2034,347,13670,108,10,0,4,4,1,0,4,0,1,1,1,0,0,0,1,0,0,0,0,0,0,0,0,0,0.0353,0
28723,2034,347,13671,108,10,0,4,4,2,2,4,0,1,1,0,0,0,1,0,0,0,0,0,0,0,0,0,0,-0.0231,0
28723,2034,347,13693,108,10,0,4,5,0,2,5,0,1,1,0,0,0,0,0,0,0,0,0,0,0,0,0,0,-0.1760,0
28723,2034,347,13694,108,10,0,4,0,0,0,1,0,1,1,0,0,0,0,0,0,0,1,0,0,0,0,0,0,0.0359,0
28740,2034,168,10060,105,6,0,6,5,1,0,5,0,1,1,0,0,0,1,1,0,0,0,0,0,0,0,0,0,-0.0347,0
28740,2034,168,10061,105,6,0,6,5,1,1,5,0,1,1,0,0,0,1,0,0,0,0,0,0,0,0,0,0,-0.0393,0
28740,2034,168,10062,105,6,0,6,3,1,0,4,0,1,1,0,0,0,1,1,0,0,1,0,0,0,0,0,0,0.1777,0
28740,2034,168,10063,105,6,0,6,5,0,0,5,0,1,1,0,0,0,1,0,0,0,0,0,0,0,0,0,0,-0.1080,0
28740,2034,168,10099,105,6,0,6,5,2,1,5,0,1,1,0,1,0,1,1,0,0,0,0,0,0,0,0,0,0.0203,0
28740,2034,168,10140,105,6,0,6,6,2,1,7,0,1,1,0,0,0,1,0,0,0,1,0,0,0,0,0,0,-0.1138,0
28740,2034,168,10141,105,6,0,6,4,0,0,4,0,1,1,0,0,0,0,0,0,0,0,0,0,0,0,0,0,-0.0713,0
28740,2034,168,10160,105,6,0,6,3,0,0,4,0,1,1,0,0,0,1,0,0,0,1,0,1,0,0,0,0,0.0013,0
28740,2034,168,10161,105,6,0,6,7,3,1,8,0,1,1,0,1,1,1,1,0,0,1,0,0,0,0,0,0,0.5673,0
28740,2034,168,10162,105,6,0,6,5,3,1,5,0,1,1,2,0,0,2,1,0,0,0,0,0,0,0,0,0,0.2500,0
28740,2034,168,10190,105,6,0,6,4,1,0,4,0,1,1,0,1,0,1,0,0,0,0,0,0,0,0,0,0,-0.0476,0
28740,2034,168,10191,105,6,0,6,3,2,1,5,0,1,1,0,0,0,1,0,0,0,2,0,0,0,0,0,0,0.0855,0
28740,2034,168,10192,105,6,0,6,4,0,0,4,0,1,1,0,0,0,0,0,0,0,0,0,0,0,0,0,0,-0.0427,0
28740,2034,168,10208,105,6,0,6,3,0,0,4,0,1,1,0,0,0,0,0,0,0,1,0,0,0,0,0,0,-0.0516,0
28740,2034,168,10209,105,6,0,6,6,1,3,6,0,1,1,0,0,0,0,1,0,0,0,0,0,0,0,0,0,-0.0134,0
28740,2034,168,10210,105,6,0,6,4,2,0,5,0,1,1,0,1,0,1,0,0,0,1,0,0,0,0,0,0,0.0935,0
28740,2034,168,10220,105,6,0,6,4,1,0,5,0,1,1,0,0,0,1,1,0,0,0,0,0,0,1,0,0,-0.0056,0
28740,2034,168,10221,105,6,0,6,4,0,0,4,0,1,1,0,0,0,0,0,0,0,0,0,1,0,0,0,0,-0.1887,0
28740,2034,168,10222,105,6,0,6,3,0,0,4,0,1,1,0,0,0,0,1,0,0,0,0,0,0,1,0,0,-0.0518,0
28740,2034,168,10253,105,6,0,6,4,1,1,4,0,1,1,0,0,0,0,0,0,0,0,0,0,0,0,0,0,0.0047,0
28740,2034,168,10254,105,6,0,6,4,3,0,5,0,1,1,0,0,0,0,1,0,0,1,0,0,0,0,0,0,0.4578,0
28740,2034,168,10255,105,6,0,6,4,2,0,5,0,1,1,1,0,0,1,0,0,0,1,0,0,0,0,0,0,0.0349,0
28740,2034,168,10289,105,6,0,6,3,1,0,4,0,1,1,1,0,0,2,0,0,0,1,0,0,0,0,0,0,-0.0037,0
28740,2034,168,10290,105,6,0,6,5,0,1,5,0,1,1,0,0,0,0,0,0,0,0,0,0,0,0,0,0,-0.0694,0
28740,2034,168,10291,105,6,0,6,5,1,1,5,0,1,1,0,0,0,1,1,0,0,0,0,0,0,0,0,0,0.0263,0
28740,2034,168,10304,105,6,0,6,3,1,1,4,0,1,1,0,1,0,0,2,0,0,1,0,0,0,0,0,0,0.1047,0
28740,2034,168,10305,105,6,0,6,3,2,0,4,0,1,1,1,0,0,2,0,0,0,1,0,0,0,0,0,0,0.1375,0
28740,2034,168,10306,105,6,0,6,4,4,0,5,0,1,1,0,0,1,4,1,0,0,1,0,0,0,0,0,0,0.0734,0
28740,2034,168,10340,105,6,0,6,5,1,2,5,0,1,1,0,0,0,0,1,0,0,0,0,0,0,0,0,0,-0.0769,0
28740,2034,168,10341,105,6,0,6,4,2,0,5,0,1,1,1,0,0,1,1,0,0,1,0,0,0,0,0,0,0.1086,0
28740,2034,168,10342,105,6,0,6,4,1,1,5,0,1,1,0,0,0,2,0,0,0,1,0,0,0,0,0,0,-0.0159,0
28740,2034,168,10352,105,6,0,6,5,3,0,5,0,1,1,0,0,0,0,1,0,0,0,0,0,0,0,0,0,-0.0060,0
28740,2034,168,10353,105,6,0,6,5,2,0,5,0,1,1,0,0,0,0,0,0,0,0,0,0,0,0,0,0,0.1720,0
28740,2034,168,10354,105,6,0,6,4,0,0,4,0,1,1,0,0,0,0,0,0,0,0,0,0,0,0,0,0,0.0429,0
28740,2034,168,10370,105,6,0,6,5,2,1,5,0,1,1,0,0,0,0,0,0,0,0,0,0,0,0,0,0,-0.0368,0
28740,2034,168,10371,105,6,0,6,3,1,0,3,0,1,1,0,0,1,1,1,0,0,0,0,0,0,0,0,0,0.0728,0
28740,2034,168,10372,105,6,0,6,5,2,0,5,0,1,1,1,0,0,0,1,0,0,0,0,0,0,0,0,0,0.0568,0
28740,2034,168,10400,105,6,0,6,5,1,1,5,0,1,1,0,0,0,0,0,0,0,0,0,0,0,0,0,0,-0.0731,0
28740,2034,168,10401,105,6,0,6,5,2,2,5,0,1,1,1,1,0,2,0,0,0,0,0,0,0,0,0,0,0.0132,0
28740,2034,168,10402,105,6,0,6,4,2,0,4,0,1,1,1,0,0,1,0,0,0,0,0,0,0,0,0,0,0.0182,0
28740,2034,168,10406,105,6,0,6,5,1,0,5,0,1,1,0,0,0,1,0,0,0,0,0,0,0,0,0,0,0.0351,0
28740,2034,168,10407,105,6,0,6,4,1,0,4,0,1,1,0,0,1,1,1,0,0,0,0,0,0,0,0,0,0.0753,0
28740,2034,168,10408,105,6,0,6,4,1,1,5,0,1,1,0,0,0,1,0,0,0,1,0,0,0,0,0,0,0.0005,0
28740,2034,168,10440,105,6,0,6,4,0,1,5,0,1,1,0,0,0,0,0,0,0,1,0,0,0,0,0,0,-0.0406,0
28740,2034,168,10441,105,6,0,6,5,2,0,5,0,1,1,1,0,0,1,0,0,0,0,0,0,0,0,0,0,-0.0553,0
28740,2034,168,10451,105,6,0,6,4,0,0,4,0,1,1,0,0,0,0,0,0,0,0,0,0,0,0,0,0,-0.0775,0
28740,2034,168,10452,105,6,0,6,4,0,0,4,0,1,1,0,0,0,0,0,0,0,0,0,0,0,0,0,0,-0.1151,0
28740,2034,168,10453,105,6,0,6,3,0,0,4,0,1,1,0,0,0,0,0,0,0,1,0,0,0,0,0,0,-0.0619,0
28740,2034,168,10469,105,6,0,6,1,1,0,1,0,1,1,1,0,0,0,0,0,0,0,0,0,0,0,0,0,0.0216,0
28740,2034,168,10470,105,6,0,6,3,1,0,5,0,1,1,0,0,0,0,0,0,0,2,0,0,0,0,0,0,-0.0168,0
28740,2034,168,10471,105,6,0,6,4,2,0,4,0,1,1,0,0,0,1,0,0,0,0,0,0,0,0,0,0,-0.0285,0
28740,2034,168,10499,105,6,0,6,5,4,0,5,0,1,1,3,1,0,2,1,0,0,0,0,0,0,0,0,0,0.1294,0
28740,2034,168,10500,105,6,0,6,4,2,0,4,0,1,1,0,2,0,1,3,0,0,0,0,0,0,0,0,0,0.4078,0
28740,2034,168,10501,105,6,0,6,5,2,0,5,0,1,1,0,0,0,0,1,0,0,0,0,0,0,0,0,0,0.1931,0
28740,2034,168,10520,105,6,0,6,5,1,0,5,0,1,1,1,0,0,0,0,0,0,0,0,0,0,0,0,0,-0.1167,0
28740,2034,121,8965,104,5,0,6,5,1,3,5,0,1,1,0,0,0,0,0,0,0,0,0,0,0,0,0,0,-0.0389,0
28740,2034,121,9005,104,5,0,6,3,0,0,4,0,1,1,0,0,0,0,0,0,0,1,0,0,0,0,0,0,0.0735,0
28740,2034,121,9006,104,5,0,6,3,2,0,4,0,1,1,0,0,0,0,0,0,0,1,0,0,0,0,0,0,0.0779,0
28740,2034,121,9007,104,5,0,6,4,3,0,4,0,1,1,1,0,0,1,1,0,0,0,0,0,0,0,0,0,0.2582,0
28740,2034,121,9032,104,5,0,6,4,1,1,4,0,1,1,0,0,0,0,0,0,0,0,0,0,0,0,0,0,-0.0562,0
28740,2034,121,9033,104,5,0,6,4,1,1,5,0,1,1,0,0,0,1,0,0,0,1,0,0,0,0,0,0,0.0463,0
28740,2034,121,9034,104,5,0,6,5,2,0,5,0,1,1,0,0,0,1,0,0,0,0,0,0,0,0,0,0,0.0597,0
28740,2034,121,14366,104,5,0,6,4,0,0,4,0,1,1,0,0,0,0,0,0,0,0,0,1,0,0,0,0,-0.0495,0
28740,2034,121,14422,104,5,0,6,4,0,0,4,0,1,1,0,0,0,0,0,0,0,0,0,0,0,0,0,0,-0.0927,0
28740,2034,121,14423,104,5,0,6,4,0,2,4,0,1,1,0,0,0,0,0,0,0,0,0,1,0,0,0,0,-0.1217,0
28740,2034,121,14424,104,5,0,6,3,0,0,3,0,1,1,0,0,0,0,0,0,0,0,0,0,0,0,0,0,-0.0174,0
28754,2034,154,9580,105,6,0,2,5,2,0,5,0,1,1,1,0,0,1,0,0,0,0,0,1,0,0,0,0,-0.0324,0
28754,2034,154,9581,105,6,0,2,4,1,0,4,0,1,1,0,0,0,1,0,0,0,0,0,0,0,0,0,0,-0.0391,0
28754,2034,154,9582,105,6,0,2,3,0,0,5,0,1,1,0,0,0,1,0,0,0,2,0,0,0,0,0,0,-0.0331,0
28754,2034,154,9583,105,6,0,2,4,1,1,4,0,1,1,0,0,0,0,0,0,0,0,0,0,0,0,0,0,-0.0241,0
28754,2034,154,9620,105,6,0,2,5,4,0,6,0,1,1,0,0,0,2,1,0,0,1,0,0,0,0,0,0,0.0758,0
28754,2034,154,9621,105,6,0,2,3,0,0,5,0,1,1,0,0,0,1,1,0,0,1,0,0,0,1,0,0,-0.0695,0
28754,2034,154,9641,105,6,0,2,5,3,1,5,0,1,1,1,0,1,1,4,0,0,0,0,0,0,0,0,0,0.1890,0
28754,2034,154,9642,105,6,0,2,5,3,0,5,0,1,1,0,1,0,1,1,0,0,0,0,0,0,0,0,0,0.1334,0
28754,2034,154,9643,105,6,0,2,4,3,0,5,0,1,1,0,0,1,2,4,0,0,1,0,0,0,0,0,0,0.0990,0
28754,2034,154,9657,105,6,0,2,6,4,0,6,0,1,1,1,0,1,1,7,0,0,0,0,0,0,0,0,0,0.1349,0
28754,2034,154,9658,105,6,0,2,2,1,0,4,0,1,1,0,0,0,0,2,0,0,0,0,0,0,2,0,0,-0.0244,0
28754,2034,154,9690,105,6,0,2,5,1,0,5,0,1,1,1,0,0,0,1,0,0,0,0,0,0,0,0,0,-0.0664,0
28754,2034,154,9691,105,6,0,2,4,1,0,4,0,1,1,0,0,0,0,0,0,0,0,0,0,0,0,0,0,-0.0354,0
28754,2034,154,9692,105,6,0,2,4,2,0,4,0,1,1,0,0,0,0,0,0,0,0,0,0,0,0,0,0,-0.0771,0
28754,2034,154,9708,105,6,0,2,4,1,0,4,0,1,1,0,0,0,1,1,0,0,0,0,0,0,0,0,0,-0.0464,0
28754,2034,154,9709,105,6,0,2,3,2,0,4,0,1,1,0,0,0,1,0,0,0,0,0,0,0,0,1,0,0.0636,0
28754,2034,154,9738,105,6,0,2,3,0,1,3,0,1,1,0,0,0,0,0,0,0,0,0,0,0,0,0,0,-0.0607,0
28754,2034,154,9739,105,6,0,2,3,0,1,4,0,1,1,0,0,0,0,0,0,0,1,0,0,0,0,0,0,-0.0575,0
28754,2034,154,9740,105,6,0,2,5,1,0,6,0,1,1,0,0,0,2,1,0,0,0,0,0,0,1,0,0,-0.0097,0
28754,2034,154,9777,105,6,0,2,4,1,1,4,0,1,1,0,0,0,0,0,0,0,0,0,1,0,0,0,0,-0.1772,0
28754,2034,154,9778,105,6,0,2,3,1,0,5,0,1,1,0,0,0,1,2,0,0,2,0,0,0,0,0,0,0.1891,0
28754,2034,154,9779,105,6,0,2,4,3,0,5,0,1,1,1,0,1,3,4,0,0,1,0,0,0,0,0,0,0.2170,0
28754,2034,154,9789,105,6,0,2,4,0,0,4,0,1,1,0,0,0,0,0,0,0,0,0,1,0,0,0,0,-0.2133,0
28754,2034,154,9790,105,6,0,2,3,0,0,4,0,1,1,0,0,0,0,0,0,0,1,0,0,0,0,0,0,-0.0215,0
28754,2034,154,9791,105,6,0,2,4,0,1,5,0,1,1,0,0,0,0,0,0,0,1,0,1,0,0,0,0,-0.0666,0
28754,2034,191,14274,105,6,0,0,1,0,0,2,0,1,0,0,0,0,0,0,0,0,1,0,0,0,0,0,0,-0.0099,0
28754,2034,154,9807,105,6,0,2,2,1,0,5,0,1,1,0,0,0,0,1,0,0,2,0,0,0,1,0,0,0.0415,0
28754,2034,154,9808,105,6,0,2,2,0,1,4,0,1,1,0,0,0,0,0,0,0,2,0,0,0,0,0,0,0.0154,0
28754,2034,154,9809,105,6,0,2,4,1,0,4,0,1,1,0,0,0,0,1,0,0,0,0,0,0,0,0,0,-0.0133,0
28754,2034,154,9834,105,6,0,2,3,0,0,3,0,1,1,0,0,0,0,0,0,0,0,0,1,0,0,0,0,-0.0832,0
28754,2034,154,9835,105,6,0,2,4,0,1,4,0,1,1,0,0,0,1,0,0,0,0,0,0,0,0,0,0,-0.0782,0
28754,2034,148,9316,104,5,0,2,4,0,1,4,0,1,1,0,0,0,0,0,0,0,0,0,1,0,0,0,0,-0.1930,0
28754,2034,148,9317,104,5,0,2,6,2,1,6,0,1,1,1,0,0,0,0,0,0,0,0,0,0,0,0,0,-0.0547,0
28754,2034,148,9342,104,5,0,2,4,0,0,4,0,1,1,0,0,0,0,0,0,0,0,0,0,0,0,0,0,-0.0880,0
28754,2034,148,9344,104,5,0,2,4,1,0,4,0,1,1,0,0,0,0,0,0,0,0,0,0,0,0,0,0,-0.0363,0
28754,2034,148,9348,104,5,0,2,3,1,1,4,0,1,1,1,0,0,0,1,0,0,0,0,0,0,1,0,0,0.0224,0
28754,2034,148,9350,104,5,0,2,3,1,0,5,0,1,1,0,0,0,2,0,0,0,2,0,0,0,0,0,0,0.0932,0
28754,2034,148,9384,104,5,0,2,4,2,1,4,0,1,1,0,0,0,0,0,0,0,0,0,0,0,0,0,0,0.0376,0
28754,2034,148,9385,104,5,0,2,5,2,1,5,0,1,1,0,0,0,0,1,0,0,0,0,0,0,0,0,0,-0.0227,0
28754,2034,148,9393,104,5,0,2,3,1,0,4,0,1,1,1,0,0,1,0,0,0,1,0,0,0,0,0,0,0.0312,0
28754,2034,148,9394,104,5,0,2,5,1,0,5,0,1,1,0,0,0,0,0,0,0,0,0,0,0,0,0,0,-0.1266,0
28754,2034,148,9395,104,5,0,2,5,3,0,5,0,1,1,0,0,0,0,1,0,0,0,0,1,0,0,0,0,0.1015,0
28754,2034,148,9414,104,5,0,2,5,0,1,5,0,1,1,0,0,0,1,0,0,0,0,0,0,0,0,0,0,-0.1096,0
28754,2034,148,9415,104,5,0,2,3,2,1,5,0,1,1,2,0,0,0,2,0,0,1,0,0,0,1,0,0,0.0287,0
28754,2034,148,9441,104,5,0,2,4,0,1,4,0,1,1,0,0,0,0,0,0,0,0,0,0,0,0,0,0,-0.0980,0
28754,2034,148,9442,104,5,0,2,4,3,0,4,0,1,1,2,0,0,1,0,0,0,0,0,0,0,0,0,0,0.0492,0
28754,2034,148,9465,104,5,0,2,5,1,1,6,0,1,1,0,0,1,2,4,0,0,1,0,0,0,0,0,0,-0.1550,0
28754,2034,148,9466,104,5,0,2,5,2,0,5,0,1,1,0,0,0,1,0,0,0,0,0,0,0,0,0,0,0.0762,0
28754,2034,148,9489,104,5,0,2,4,2,1,4,0,1,1,0,0,0,1,0,0,0,0,0,1,0,0,0,0,0.1273,0
28754,2034,148,9490,104,5,0,2,4,1,0,4,0,1,1,0,0,0,0,0,0,0,0,0,0,0,0,0,0,-0.0834,0
28754,2034,148,9491,104,5,0,2,3,0,1,4,0,1,1,0,0,0,0,0,0,0,1,0,0,0,0,0,0,-0.0492,0
28754,2034,148,9495,104,5,0,2,5,2,2,5,0,1,1,0,0,0,1,1,0,0,0,0,0,0,0,0,0,0.0279,0
28754,2034,148,9496,104,5,0,2,4,1,1,4,0,1,1,0,0,0,0,0,0,0,0,0,0,0,0,0,0,0.0239,0
28754,2034,148,9497,104,5,0,2,1,0,0,1,0,1,0,0,0,0,0,0,0,0,0,0,0,0,0,0,0,-0.1709,0
28754,2034,148,9537,104,5,0,2,5,1,2,5,0,1,1,0,0,0,0,0,0,0,0,0,0,0,0,0,0,-0.0582,0
28754,2034,148,9538,104,5,0,2,4,3,0,4,0,1,1,2,0,0,0,1,0,0,0,0,0,0,0,0,0,0.2045,0
28754,2034,148,9539,104,5,0,2,4,0,1,4,0,1,1,0,0,0,0,0,0,0,0,0,0,0,0,0,0,-0.0988,0
28754,2034,148,9564,104,5,0,2,4,2,2,4,0,1,1,0,0,0,1,0,0,0,0,0,0,0,0,0,0,-0.0434,0
28754,2034,148,9565,104,5,0,2,5,0,1,5,0,1,1,0,0,0,0,0,0,0,0,0,0,0,0,0,0,-0.1739,0
28754,2034,148,9566,104,5,0,2,5,1,2,5,0,1,1,0,0,0,0,0,0,0,0,0,0,0,0,0,0,-0.0189,0
28754,2034,148,14437,104,5,0,2,4,1,1,5,0,1,1,0,0,0,1,1,0,0,1,0,0,0,0,0,0,0.0589,0
28754,2034,148,14438,104,5,0,2,3,1,1,5,0,1,1,1,0,0,1,1,0,0,1,0,0,0,1,0,0,0.0720,0
28754,2034,148,14439,104,5,0,2,5,1,1,5,0,1,1,0,0,0,0,0,0,0,0,0,0,0,0,0,0,-0.0546,0
28754,2034,148,14440,104,5,0,2,4,1,0,4,0,1,1,0,0,0,0,0,0,0,0,0,0,0,0,0,0,-0.0083,0
28754,2034,148,14470,104,5,0,2,4,0,1,5,0,1,1,0,0,0,0,1,0,0,0,0,0,0,1,0,0,-0.1081,0
28754,2034,148,14471,104,5,0,2,4,2,0,4,0,1,1,1,0,0,1,1,0,0,0,0,0,0,0,0,0,0.2461,0
28754,2034,148,14472,104,5,0,2,2,0,0,4,0,1,1,0,0,0,0,0,0,0,2,0,0,0,0,0,0,0.0042,0
28754,2034,148,14473,104,5,0,2,5,2,0,5,0,1,1,1,0,1,2,3,0,0,0,0,0,0,0,0,0,0.1819,0
28754,2034,148,14474,104,5,0,2,3,1,2,4,0,1,1,0,0,0,0,0,0,0,1,0,0,0,0,0,0,-0.0280,0
28754,2034,148,14475,104,5,0,2,5,2,1,5,0,1,1,0,1,0,0,1,0,0,0,0,0,0,0,0,0,0.0022,0
28754,2034,148,14476,104,5,0,2,2,0,0,5,0,1,1,0,0,0,0,1,0,0,2,0,0,0,1,0,0,-0.0119,0
28759,2034,156,9596,105,6,0,0,1,0,0,1,0,1,0,0,0,0,0,0,0,0,0,0,0,0,0,0,0,-0.0622,0
28759,2034,156,9598,105,6,0,0,1,0,0,1,0,1,0,0,0,0,0,0,0,0,0,0,0,0,0,0,0,-0.0673,0
28759,2034,156,9599,105,6,0,4,4,0,1,4,0,1,1,0,0,0,0,0,0,0,0,0,0,0,0,0,0,-0.1119,0
28759,2034,156,9608,105,6,0,4,4,2,0,4,0,1,1,0,0,0,1,0,0,0,0,0,0,0,0,0,0,-0.0042,0
28759,2034,156,9609,105,6,0,4,6,2,0,6,0,1,1,0,0,0,0,0,0,0,0,0,0,0,0,0,0,-0.0296,0
28759,2034,156,9610,105,6,0,4,5,3,0,5,0,1,1,1,0,0,1,1,0,0,0,0,0,0,0,0,0,0.0205,0
28759,2034,156,9653,105,6,0,4,4,1,0,4,0,1,1,0,0,0,0,0,0,0,0,0,0,0,0,0,0,-0.0454,0
28759,2034,156,9654,105,6,0,4,4,1,1,4,0,1,1,0,1,0,1,1,0,0,0,0,0,0,0,0,0,0.0646,0
28759,2034,156,9655,105,6,0,4,4,1,0,4,0,1,1,0,0,0,0,0,0,0,0,0,0,0,0,0,0,-0.0187,0
28759,2034,156,9656,105,6,0,4,0,0,0,0,0,1,1,0,0,0,0,0,0,0,0,0,0,0,0,0,0,0.0000,0
28759,2034,156,9732,105,6,0,4,4,2,0,4,0,1,1,1,0,0,1,0,0,0,0,0,0,0,0,0,0,0.0399,0
28759,2034,156,9733,105,6,0,4,5,1,1,5,0,1,1,0,0,0,1,0,0,0,0,0,0,0,0,0,0,-0.1230,0
28759,2034,156,9734,105,6,0,4,3,0,0,3,0,1,1,0,0,0,1,0,0,0,0,0,0,0,0,0,0,-0.0431,0
28759,2034,156,9750,105,6,0,8,4,1,0,4,0,1,1,0,0,0,0,2,0,0,0,0,0,0,0,0,0,0.1235,0
28759,2034,156,9751,105,6,0,4,4,0,0,5,0,1,1,0,0,0,0,0,0,0,1,0,0,0,0,0,0,0.0734,0
28759,2034,156,9752,105,6,0,4,4,1,1,4,0,1,1,0,0,0,0,0,0,0,0,0,0,0,0,0,0,-0.0456,0
28759,2034,156,9765,105,6,0,4,6,3,0,6,0,1,1,1,0,0,1,2,0,0,0,0,0,0,0,0,0,0.1256,0
28759,2034,156,9766,105,6,0,4,4,1,1,4,0,1,1,0,1,0,1,0,0,0,0,0,0,0,0,0,0,-0.0163,0
28759,2034,156,9767,105,6,0,4,4,2,0,5,0,1,1,0,0,0,2,0,0,0,1,0,0,0,0,0,0,0.0052,0
28759,2034,156,9798,105,6,0,4,3,0,0,4,0,1,1,0,0,0,0,1,0,0,0,0,0,0,1,0,0,-0.0366,0
28759,2034,156,9799,105,6,0,4,5,2,0,5,0,1,1,0,0,0,0,0,0,0,0,0,0,0,0,0,0,-0.0373,0
28759,2034,156,9800,105,6,0,4,2,2,0,2,0,1,1,0,0,0,0,0,0,0,0,0,0,0,0,0,0,0.0592,0
28759,2034,156,9856,105,6,0,4,0,0,0,0,0,1,1,0,0,0,0,0,0,0,0,0,0,0,0,0,0,0.0000,0
28759,2034,156,9946,105,6,0,4,5,2,0,5,0,1,1,0,0,0,1,0,0,0,0,0,0,0,0,0,0,-0.0487,0
28759,2034,156,9947,105,6,0,4,4,0,0,4,0,1,1,0,0,0,0,0,0,0,0,0,0,0,0,0,0,-0.1622,0
28759,2034,156,9966,105,6,0,4,4,1,0,5,0,1,1,0,0,0,0,1,0,0,1,0,0,0,0,0,0,-0.0468,0
28759,2034,156,9967,105,6,0,4,4,1,0,4,0,1,1,0,0,0,1,0,0,0,0,0,0,0,0,0,0,-0.0240,0
28759,2034,156,9968,105,6,0,4,5,1,1,5,0,1,1,0,0,0,1,0,0,0,0,0,0,0,0,0,0,-0.1660,0
28759,2034,156,10002,105,6,0,4,3,1,0,3,0,1,1,1,0,0,0,0,0,0,0,0,0,0,0,0,0,-0.0380,0
28759,2034,156,10003,105,6,0,0,2,0,0,2,0,1,0,0,0,0,0,0,0,0,0,0,0,0,0,0,0,-0.1003,0
28759,2034,156,10004,105,6,0,0,1,0,0,1,0,1,0,0,0,0,0,0,0,0,0,0,0,0,0,0,0,-0.0761,0
28759,2034,156,10029,105,6,0,4,3,1,0,4,0,1,1,0,0,0,1,0,0,0,1,0,0,0,0,0,0,0.0501,0
28759,2034,156,10030,105,6,0,4,4,1,1,4,0,1,1,0,0,0,1,0,0,0,0,0,0,0,0,0,0,-0.0783,0
28759,2034,156,10044,105,6,0,4,4,0,0,4,0,1,1,0,0,0,0,0,0,0,0,0,0,0,0,0,0,-0.0498,0
28759,2034,156,10045,105,6,0,4,4,1,1,4,0,1,1,0,0,0,1,0,0,0,0,0,0,0,0,0,0,-0.1986,0
28759,2034,156,10046,105,6,0,4,4,0,2,4,0,1,1,0,0,0,0,0,0,0,0,0,1,0,0,0,0,-0.1160,0
28770,2034,36,2452,101,2,0,3,3,1,0,3,0,1,1,1,0,0,0,1,0,0,0,0,0,0,0,0,0,0.0354,0
28770,2034,36,2490,101,2,0,9,3,2,0,3,0,1,1,0,0,0,0,0,0,0,0,0,0,0,0,0,0,0.1119,0
28770,2034,36,2521,101,2,0,3,4,0,0,4,0,1,1,0,0,0,0,0,0,0,0,0,0,0,0,0,0,-0.1682,0
28770,2034,36,2534,101,2,0,3,4,1,0,4,0,1,1,0,0,0,0,0,0,0,0,0,0,0,0,0,0,0.0121,0
28770,2034,36,2549,101,2,0,3,3,0,0,3,0,1,1,0,0,0,0,0,0,0,0,0,0,0,0,0,0,-0.1182,0
28770,2034,36,2579,101,2,0,3,4,2,0,4,0,1,1,0,1,0,1,2,0,0,0,0,0,0,0,0,0,0.1483,0
28770,2034,36,2593,101,2,0,3,3,1,0,3,0,1,1,0,0,0,1,1,0,0,0,0,0,0,0,0,0,0.2374,0
28770,2034,36,2608,101,2,0,3,3,1,0,4,0,1,1,0,0,0,0,0,0,0,1,0,1,0,0,0,0,-0.0029,0
28770,2034,36,2638,101,2,0,3,4,2,0,4,0,1,1,1,0,0,1,0,0,0,0,0,1,0,0,0,0,-0.0027,0
28770,2034,36,2653,101,2,0,3,4,0,0,4,0,1,1,0,0,0,0,0,0,0,0,0,0,0,0,0,0,-0.1531,0
28770,2034,36,2667,101,2,0,3,3,1,0,4,0,1,1,0,0,0,0,0,0,0,1,0,0,0,0,0,0,0.1416,0
28770,2034,36,2681,101,2,0,3,6,1,0,7,0,1,1,1,0,0,1,2,0,0,1,0,0,0,0,0,0,-0.0295,0
28770,2034,36,2722,101,2,0,3,2,0,0,3,0,1,1,0,0,0,1,1,0,0,1,0,0,0,0,0,0,0.0846,0
28770,2034,36,2737,101,2,0,3,4,1,1,4,0,1,1,0,0,0,1,1,0,0,0,0,0,0,0,0,0,-0.0711,0
28770,2034,36,2752,101,2,0,3,3,0,0,5,0,1,1,0,0,0,0,1,0,0,1,0,0,0,1,0,0,-0.1932,0
28770,2034,36,2779,101,2,0,3,2,1,0,4,0,1,1,1,0,0,1,0,0,0,2,0,1,0,0,0,0,0.0419,0
28770,2034,36,2794,101,2,0,3,2,1,0,3,0,1,1,0,0,0,0,0,0,0,1,0,0,0,0,0,0,0.0292,0
28770,2034,36,2806,101,2,0,3,2,0,0,4,0,1,1,0,0,0,1,0,0,0,2,0,1,0,0,0,0,-0.0364,0
28770,2034,36,2818,101,2,0,3,5,1,0,5,0,1,1,0,0,0,1,0,0,0,0,0,1,0,0,0,0,0.0812,0
28770,2034,36,2833,101,2,0,10,3,0,2,4,0,1,1,0,0,0,0,0,0,0,1,0,0,0,0,0,0,-0.0580,0
28770,2034,36,2848,101,2,0,9,3,0,1,3,0,1,1,0,0,0,0,0,0,0,0,0,0,0,0,0,0,-0.1216,0
28770,2034,36,2880,101,2,0,7,5,0,1,5,0,1,1,0,0,0,0,0,0,0,0,0,0,0,0,0,0,-0.0551,0
28770,2034,36,2895,101,2,0,10,4,1,0,4,0,1,1,0,0,0,1,1,0,0,0,0,0,0,0,0,0,-0.0370,0
28770,2034,36,2909,101,2,0,3,7,4,0,7,0,1,1,1,0,1,1,2,0,0,0,0,0,0,0,0,0,0.1368,0
28770,2034,36,2924,101,2,0,10,4,0,1,5,0,1,1,0,0,0,0,0,0,0,1,0,1,0,0,0,0,-0.0768,0
28770,2034,36,2939,101,2,0,9,3,0,0,3,0,1,1,0,0,0,0,0,0,0,0,0,0,0,0,0,0,-0.0416,0
28770,2034,36,2954,101,2,0,3,3,1,1,4,0,1,1,0,0,1,1,2,0,0,1,0,0,0,0,0,0,0.0644,0
28770,2034,36,2965,101,2,0,3,4,2,1,4,0,1,1,1,0,0,0,0,0,0,0,0,0,0,0,0,0,-0.0245,0
28770,2034,36,2980,101,2,0,3,4,2,0,4,0,1,1,0,0,0,0,0,0,0,0,0,0,0,0,0,0,-0.0061,0
28770,2034,36,3004,101,2,0,9,4,0,0,4,0,1,1,0,0,0,0,0,0,0,0,0,0,0,0,0,0,-0.1865,0
28770,2034,36,3019,101,2,0,9,4,0,2,4,0,1,1,0,0,0,0,0,0,0,0,0,0,0,0,0,0,-0.0500,0
28770,2034,36,3034,101,2,0,9,3,0,2,4,0,1,1,0,0,0,0,0,0,0,1,0,0,0,0,0,0,-0.1620,0
28770,2034,36,3049,101,2,0,3,4,1,1,4,0,1,1,1,0,0,0,0,0,0,0,0,0,0,0,0,0,-0.0817,0
28770,2034,36,3059,101,2,0,3,4,1,1,4,0,1,1,1,0,0,1,0,0,0,0,0,0,0,0,0,0,-0.0527,0
28770,2034,36,3074,101,2,0,3,4,1,1,4,0,1,1,0,0,0,0,0,0,0,0,0,0,0,0,0,0,-0.0629,0
28770,2034,36,3088,101,2,0,3,4,1,1,4,0,1,1,0,0,0,0,0,0,0,0,0,0,0,0,0,0,-0.0386,0
28770,2034,36,3101,101,2,0,3,3,1,0,3,0,1,1,0,0,0,0,0,0,0,0,0,0,0,0,0,0,-0.0225,0
28770,2034,36,3131,101,2,0,3,5,2,1,5,0,1,1,1,0,0,1,0,0,0,0,0,0,0,0,0,0,-0.0265,0
28770,2034,36,3142,101,2,0,3,4,2,0,4,0,1,1,0,0,1,1,1,0,0,0,0,0,0,0,0,0,0.0990,0
28770,2034,36,3154,101,2,0,3,2,0,0,2,0,1,1,0,0,0,0,0,0,0,0,0,0,0,0,0,0,-0.0245,0
28770,2034,36,3169,101,2,0,3,3,1,0,3,0,1,1,0,0,0,0,0,0,0,0,0,0,0,0,0,0,-0.0295,0
28770,2034,36,3203,101,2,0,9,4,0,0,4,0,1,1,0,0,0,0,0,0,0,0,0,0,0,0,0,0,-0.1428,0
28770,2034,36,3218,101,2,0,3,4,2,0,4,0,1,1,1,0,0,0,2,0,0,0,0,1,0,0,0,0,-0.0551,0
28770,2034,36,3247,101,2,0,3,0,0,0,0,0,1,0,0,0,0,0,0,0,0,0,0,0,0,0,0,0,0.0000,0
28770,2034,36,3262,101,2,0,9,2,0,0,3,0,1,1,0,0,0,0,0,0,0,1,0,0,0,0,0,0,-0.0127,0
28770,2034,36,3274,101,2,0,7,4,2,1,4,0,1,1,1,0,0,0,1,0,0,0,0,0,0,0,0,0,0.0687,0
28770,2034,36,3284,101,2,0,3,4,0,2,4,0,1,1,0,0,0,0,0,0,0,0,0,0,0,0,0,0,-0.1030,0
28770,2034,36,3299,101,2,0,9,4,1,0,4,0,1,1,1,0,0,0,1,0,0,0,0,0,0,0,0,0,-0.0153,0
28770,2034,36,3355,101,2,0,3,4,0,1,4,0,1,1,0,0,0,0,0,0,0,0,0,0,0,0,0,0,-0.2794,0
28770,2034,36,3369,101,2,0,9,4,2,0,4,0,1,1,0,0,0,0,0,0,0,0,0,0,0,0,0,0,-0.1240,0
28770,2034,36,3381,101,2,0,7,4,2,0,4,0,1,1,0,0,0,0,0,0,0,0,0,1,0,0,0,0,-0.0734,0
28770,2034,36,3396,101,2,0,9,4,1,1,5,0,1,1,0,0,0,1,0,0,0,0,0,1,0,0,1,0,-0.0025,0
28770,2034,36,3411,101,2,0,9,5,1,2,5,0,1,1,1,0,0,1,0,0,0,0,0,0,0,0,0,0,0.0085,0
28770,2034,36,3436,101,2,0,3,4,2,0,5,0,1,1,1,0,0,0,1,0,0,1,0,0,0,0,0,0,0.1538,0
28770,2034,36,3451,101,2,0,9,3,0,0,4,0,1,1,0,0,0,0,0,0,0,0,0,0,0,0,1,0,-0.0731,0
28770,2034,36,3476,101,2,0,3,0,0,0,0,0,1,0,0,0,0,0,0,0,0,0,0,0,0,0,0,0,0.0000,0
28770,2034,36,3491,101,2,0,3,3,0,0,3,0,1,1,0,0,0,0,0,0,0,0,0,1,0,0,0,0,-0.0699,0
28770,2034,36,3506,101,2,0,9,4,0,0,4,0,1,1,0,0,0,0,0,0,0,0,0,0,0,0,0,0,-0.1120,0
28770,2034,36,3525,101,2,0,9,1,0,0,4,0,1,1,0,0,0,1,0,0,0,3,0,0,0,0,0,0,0.0878,0
28770,2034,36,3540,101,2,0,9,4,1,0,4,0,1,1,0,0,0,0,0,0,0,0,0,1,0,0,0,0,-0.1069,0
28770,2034,36,3554,101,2,0,3,3,0,1,3,0,1,1,0,0,0,0,0,0,0,0,0,0,0,0,0,0,-0.0729,0
28770,2034,36,3564,101,2,0,3,0,0,0,0,0,1,0,0,0,0,0,0,0,0,0,0,0,0,0,0,0,0.0000,0
28770,2034,78,6084,102,3,0,7,3,1,0,4,0,1,1,0,0,0,0,1,0,0,0,0,0,0,1,0,0,0.0035,0
28770,2034,78,6097,102,3,0,7,4,1,1,4,0,1,1,0,0,0,0,1,0,0,0,0,1,0,0,0,0,-0.1412,0
28770,2034,78,6098,102,3,0,7,3,1,1,4,0,1,1,0,0,0,0,1,0,0,1,0,0,0,0,0,0,0.0078,0
28770,2034,78,6099,102,3,0,7,4,2,0,4,0,1,1,0,0,1,1,5,0,0,0,0,0,0,0,0,0,0.2823,0
28770,2034,78,6112,102,3,0,7,3,1,1,3,0,1,1,0,0,0,0,1,0,0,0,0,0,0,0,0,0,0.0097,0
28770,2034,78,6113,102,3,0,7,3,1,2,5,0,1,1,0,0,0,1,2,0,0,1,0,0,0,0,1,0,0.1903,0
28770,2034,78,6114,102,3,0,7,5,0,1,5,0,1,1,0,0,0,0,0,0,0,0,0,0,0,0,0,0,-0.0983,0
28770,2034,78,6145,102,3,0,7,5,0,1,5,0,1,1,0,0,0,0,0,0,0,0,0,2,0,0,0,0,-0.1645,0
28770,2034,78,6146,102,3,0,7,4,2,1,4,0,1,1,0,0,1,1,2,0,0,0,0,0,0,0,0,0,0.0426,0
28770,2034,78,6147,102,3,0,7,4,0,1,4,0,1,1,0,0,0,0,0,0,0,0,0,1,0,0,0,0,-0.1104,0
28770,2034,78,6163,102,3,0,7,4,0,0,4,0,1,1,0,0,0,1,1,0,0,0,0,0,0,0,0,0,-0.0227,0
28770,2034,78,6164,102,3,0,7,4,0,2,4,0,1,1,0,0,0,0,0,0,0,0,0,0,0,0,0,0,-0.0794,0
28770,2034,78,6165,102,3,0,7,3,0,1,4,0,1,1,0,0,0,1,0,0,0,1,0,0,0,0,0,0,0.0298,0
28770,2034,78,6193,102,3,0,7,2,0,0,4,0,1,1,0,0,0,0,0,0,0,2,0,0,0,0,0,0,0.0197,0
28770,2034,78,6194,102,3,0,7,4,0,0,5,0,1,1,0,0,0,1,0,0,0,1,1,0,0,0,0,0,0.1981,0
28770,2034,78,6195,102,3,0,7,4,0,1,4,0,1,1,0,0,0,0,0,0,0,0,0,0,0,0,0,0,-0.0189,0
28770,2034,78,6196,102,3,0,7,3,1,1,4,0,1,1,0,0,0,0,0,0,0,1,0,0,0,0,0,0,0.0781,0
28770,2034,78,6197,102,3,0,7,3,1,0,4,0,1,1,0,0,0,0,2,0,0,1,0,0,0,0,0,0,0.1430,0
28770,2034,78,6198,102,3,0,7,3,1,1,3,0,1,1,0,0,0,0,0,0,0,0,0,0,0,0,0,0,-0.1191,0
28770,2034,78,6232,102,3,0,7,1,0,0,4,0,1,1,0,0,0,0,0,0,0,3,0,0,0,0,0,0,0.0545,0
28770,2034,78,6233,102,3,0,7,3,1,1,4,0,1,1,0,0,0,0,0,0,0,1,0,0,0,0,0,0,-0.0154,0
28770,2034,78,6234,102,3,0,7,1,1,0,3,0,1,1,0,0,0,1,0,0,0,2,0,0,0,0,0,0,0.0038,0
28770,2034,78,6245,102,3,0,7,3,1,0,4,0,1,1,0,0,0,1,0,0,0,1,0,0,0,0,0,0,0.0296,0
28770,2034,78,6246,102,3,0,7,4,2,0,4,0,1,1,1,0,0,1,0,0,0,0,0,0,0,0,0,0,0.0444,0
28770,2034,78,6262,102,3,0,7,3,1,1,4,0,1,1,1,0,0,1,0,0,0,1,0,0,0,0,0,0,0.0134,0
28770,2034,78,6263,102,3,0,7,3,2,1,5,0,1,1,0,0,0,0,3,0,0,1,0,0,0,1,0,0,0.2216,0
28770,2034,78,6292,102,3,0,7,2,1,0,4,0,1,1,0,0,0,1,0,0,0,2,0,0,0,0,0,0,0.1293,0
28770,2034,78,6293,102,3,0,7,4,1,0,5,0,1,1,0,0,0,1,0,0,0,1,0,1,0,0,0,0,0.0834,0
28770,2034,78,6294,102,3,0,7,4,2,1,4,0,1,1,1,0,0,0,0,0,0,0,0,0,0,0,0,0,-0.0075,0
28770,2034,78,6313,102,3,0,7,3,0,1,4,0,1,1,0,0,0,0,0,0,0,1,0,0,0,0,0,0,-0.0005,0
28770,2034,78,6314,102,3,0,7,4,0,0,5,0,1,1,0,0,0,1,0,0,0,1,0,0,0,0,0,0,-0.0287,0
28770,2034,78,6340,102,3,0,7,3,0,1,3,0,1,1,0,0,0,0,0,0,0,0,0,0,0,0,0,0,-0.1045,0
28770,2034,78,6341,102,3,0,7,3,1,1,3,0,1,1,0,0,0,0,1,0,0,0,0,0,0,0,0,0,-0.0753,0
28770,2034,78,6342,102,3,0,7,4,0,0,4,0,1,1,0,0,0,0,0,0,0,0,0,0,0,0,0,0,-0.1490,0
28770,2034,78,6382,102,3,0,9,3,0,1,4,0,1,1,0,0,0,1,0,0,0,1,0,0,0,0,0,0,-0.0216,0
28770,2034,78,6383,102,3,0,9,6,4,0,6,0,1,1,2,0,0,2,2,0,0,0,0,0,0,0,0,0,0.1281,0
28770,2034,78,6388,102,3,0,9,4,3,0,4,0,1,1,2,0,0,1,0,0,0,0,0,0,0,0,0,0,0.1213,0
28770,2034,78,6389,102,3,0,9,3,2,0,3,0,1,1,0,0,0,0,0,0,0,0,0,0,0,0,0,0,0.1006,0
28770,2034,78,6412,102,3,0,9,3,1,2,5,0,1,1,1,0,0,0,0,0,0,2,0,0,0,0,0,0,0.1151,0
28770,2034,78,6413,102,3,0,9,4,0,0,4,0,1,1,0,0,0,0,0,0,0,0,0,1,0,0,0,0,-0.0793,0
28770,2034,78,6436,102,3,0,9,3,0,0,4,0,1,1,0,0,0,1,0,0,0,1,0,0,0,0,0,0,-0.0197,0
28770,2034,78,6437,102,3,0,9,3,3,0,4,0,1,1,2,0,0,2,1,0,0,1,0,0,0,0,0,0,0.1674,0
28770,2034,78,6463,102,3,0,9,4,2,0,5,0,1,1,1,0,0,2,0,0,0,1,0,0,0,0,0,0,0.0127,0
28770,2034,78,6464,102,3,0,7,4,1,0,4,0,1,1,0,0,0,0,0,0,0,0,0,0,0,0,0,0,-0.0285,0
28770,2034,78,6465,102,3,0,7,4,1,0,4,0,1,1,0,0,0,0,0,0,0,0,0,0,0,0,0,0,-0.0442,0
28770,2034,78,6484,102,3,0,7,2,0,1,4,0,1,1,0,0,0,1,1,0,0,1,0,0,0,1,0,0,0.0306,0
28770,2034,78,6485,102,3,0,7,4,1,1,4,0,1,1,1,0,0,0,0,0,0,0,0,0,0,0,0,0,0.0706,0
28770,2034,78,6486,102,3,0,3,4,0,0,4,0,1,1,0,0,0,0,0,0,0,0,0,1,0,0,0,0,-0.2893,0
28770,2034,78,6493,102,3,0,3,3,0,0,3,0,1,1,0,0,0,0,0,0,0,0,0,1,0,0,0,0,-0.1200,0
28770,2034,78,6494,102,3,0,3,5,1,0,5,0,1,1,0,0,0,1,0,0,0,0,0,0,0,0,0,0,-0.2304,0
28770,2034,78,6495,102,3,0,3,3,0,2,4,0,1,1,0,0,0,0,0,0,0,1,0,0,0,0,0,0,-0.1289,0
28770,2034,78,6529,102,3,0,3,5,1,0,5,0,1,1,0,0,0,1,2,0,0,0,0,0,0,0,0,0,0.1542,0
28770,2034,78,6530,102,3,0,3,4,1,0,4,0,1,1,1,0,0,0,0,0,0,0,0,0,0,0,0,0,-0.0040,0
28770,2034,78,6531,102,3,0,3,5,2,0,5,0,1,1,1,0,0,0,1,0,0,0,0,0,0,0,0,0,0.0405,0
28770,2034,78,6535,102,3,0,3,3,1,0,4,0,1,1,0,1,0,1,1,0,0,1,0,1,0,0,0,0,0.0868,0
28770,2034,78,6536,102,3,0,3,3,1,0,4,0,1,1,0,0,0,0,0,0,0,1,0,0,0,0,0,0,-0.0333,0
28770,2034,78,6537,102,3,0,3,3,1,0,4,0,1,1,0,0,0,1,0,0,0,1,0,0,0,0,0,0,0.0187,0
28790,2034,166,10070,105,6,0,0,2,0,1,2,0,1,0,0,0,0,0,0,0,0,0,0,0,0,0,0,0,-0.0015,0
28790,2034,166,10095,105,6,0,10,4,1,0,4,0,1,1,1,0,0,1,0,0,0,0,0,0,0,0,0,0,0.0277,0
28790,2034,166,10143,105,6,0,10,4,0,0,4,0,1,1,0,0,0,0,0,0,0,0,0,0,0,0,0,0,-0.1185,0
28790,2034,166,10176,105,6,0,10,4,0,1,4,0,1,1,0,0,0,0,0,0,0,0,0,0,0,0,0,0,-0.1010,0
28790,2034,166,10227,105,6,0,10,5,0,2,5,0,1,1,0,0,0,0,0,0,0,0,0,0,0,0,0,0,-0.1625,0
28790,2034,166,10266,105,6,0,10,4,1,0,4,0,1,1,0,0,0,0,0,0,0,0,0,0,0,0,0,0,-0.0259,0
28790,2034,166,10325,105,6,0,0,1,0,0,1,0,1,0,0,0,0,0,0,0,0,0,0,0,0,0,0,0,0.0017,0
28790,2034,166,10326,105,6,0,10,6,4,0,6,0,1,1,0,0,1,1,3,0,0,0,0,0,0,0,0,0,0.2144,0
28790,2034,166,10376,105,6,0,10,5,1,0,5,0,1,1,1,0,0,0,1,0,0,0,0,0,0,0,0,0,0.0048,0
28790,2034,166,10412,105,6,0,10,4,0,1,4,0,1,1,0,0,0,0,0,0,0,0,0,0,0,0,0,0,-0.1539,0
28790,2034,166,10436,105,6,0,10,4,1,0,4,0,1,1,0,0,0,0,0,1,0,0,0,0,0,0,0,0,-0.0962,0
28790,2034,166,10448,105,6,0,10,5,1,1,5,0,1,1,0,0,0,0,1,0,0,0,0,0,0,0,0,0,-0.0927,0
28790,2034,166,10449,105,6,0,5,0,0,0,0,0,1,0,0,0,0,0,0,0,0,0,0,0,0,0,0,0,0.0000,0
28790,2034,166,10475,105,6,0,10,5,1,1,5,0,1,1,0,0,0,1,2,0,0,0,0,0,0,0,0,0,0.0626,0
28790,2034,166,10493,105,6,0,10,3,1,1,3,0,1,1,0,0,0,0,0,0,0,0,0,0,0,0,0,0,-0.0013,0
28790,2034,166,10526,105,6,0,10,3,0,2,3,0,1,1,0,0,0,0,0,0,0,0,0,0,0,0,0,0,-0.0599,0
28790,2034,166,10527,105,6,0,5,4,0,2,4,0,1,1,0,0,0,0,0,0,0,0,0,0,0,0,0,0,-0.0634,0
28790,2034,166,14350,105,6,0,5,0,0,0,0,0,1,0,0,0,0,0,0,0,0,0,0,0,0,0,0,0,0.0000,0
28814,2034,156,9697,105,6,0,0,0,0,0,1,0,1,0,0,0,0,0,0,0,0,1,0,0,0,0,0,0,0.0604,0
28814,2034,156,9698,105,6,0,3,0,0,0,0,0,1,0,0,0,0,0,0,0,0,0,0,0,0,0,0,0,0.0000,0
28814,2034,156,9709,105,6,0,2,4,2,1,5,0,1,1,0,0,0,1,0,0,0,1,0,0,0,0,0,0,0.0867,0
28814,2034,156,9733,105,6,0,2,3,0,0,4,0,1,1,0,0,0,0,0,0,0,1,0,1,0,0,0,0,-0.0709,0
28814,2034,156,9752,105,6,0,2,4,0,1,4,0,1,1,0,0,0,0,0,0,0,0,0,0,0,0,0,0,-0.0820,0
28814,2034,156,9799,105,6,0,2,5,2,0,5,0,1,1,1,0,0,1,0,0,0,0,0,1,0,0,0,0,0.0218,0
28814,2034,156,9845,105,6,0,2,6,3,1,6,0,1,1,0,0,0,2,1,0,0,0,0,0,0,0,0,0,0.2047,0
28814,2034,156,9856,105,6,0,0,1,0,0,1,0,1,0,0,0,0,0,0,0,0,0,0,0,0,0,0,0,-0.1155,0
28814,2034,156,9857,105,6,0,2,3,1,0,4,0,1,1,0,0,0,1,1,0,0,1,0,0,0,0,0,0,0.0060,0
28814,2034,156,9899,105,6,0,2,4,1,0,4,0,1,1,1,0,0,1,0,0,0,0,0,0,0,0,0,0,-0.0538,0
28814,2034,156,9945,105,6,0,2,3,0,0,3,0,1,1,0,0,0,0,0,0,0,0,0,1,0,0,0,0,-0.0384,0
28814,2034,156,9946,105,6,0,3,0,0,0,0,0,1,0,0,0,0,0,0,0,0,0,0,0,0,0,0,0,0.0000,0
28814,2034,156,9966,105,6,0,2,4,1,1,4,0,1,1,1,0,0,0,0,0,0,0,0,0,0,0,0,0,-0.0631,0
28814,2034,156,10031,105,6,0,2,3,0,0,4,0,1,1,0,0,0,0,0,0,0,1,0,0,0,0,0,0,-0.0019,0
28823,2034,127,8579,104,5,0,6,4,0,0,4,0,1,1,0,0,0,0,0,0,0,0,0,0,0,0,0,0,-0.1966,0
28823,2034,127,8602,104,5,0,3,4,0,0,4,0,1,1,0,0,0,0,0,0,0,0,0,0,0,0,0,0,-0.2759,0
28823,2034,127,8615,104,5,0,6,2,0,0,3,0,1,1,0,0,0,0,0,0,0,0,0,0,1,0,0,0,-0.1120,0
28823,2034,127,8651,104,5,0,6,3,2,0,3,0,1,1,0,0,0,0,0,0,0,0,0,1,0,0,0,0,-0.0472,0
28823,2034,127,8687,104,5,0,3,3,0,0,3,0,1,1,0,0,0,0,0,0,0,0,0,0,0,0,0,0,-0.0534,0
28823,2034,127,8689,104,5,0,6,4,0,2,4,0,1,1,0,0,0,0,0,0,0,0,0,0,0,0,0,0,-0.0843,0
28823,2034,127,8706,104,5,0,3,1,0,0,1,0,1,0,0,0,0,0,0,0,0,0,0,0,0,0,0,0,0.0000,0
28823,2034,127,8727,104,5,0,6,4,0,0,4,0,1,1,0,0,0,0,0,0,0,0,0,1,0,0,0,0,-0.1483,0
28823,2034,127,8728,104,5,0,3,4,1,2,4,0,1,1,1,0,0,1,0,0,0,0,0,0,0,0,0,0,-0.0733,0
28823,2034,127,8749,104,5,0,6,2,1,1,3,0,1,1,0,0,0,0,0,0,0,1,0,0,0,0,0,0,0.0981,0
28823,2034,127,8762,104,5,0,7,3,1,1,4,0,1,1,0,0,0,0,0,0,0,1,0,0,0,0,0,0,0.0299,0
28823,2034,162,9864,105,6,0,0,1,0,1,1,0,1,0,0,0,0,0,0,0,0,0,0,0,0,0,0,0,-0.0001,0
28823,2034,162,9906,105,6,0,7,0,0,0,0,0,1,0,0,0,0,0,0,0,0,0,0,0,0,0,0,0,0.0000,0
28823,2034,162,9948,105,6,0,0,2,1,0,2,0,1,0,0,0,0,1,0,0,0,0,0,0,0,0,0,0,-0.0023,0
28823,2034,162,9985,105,6,0,0,2,0,0,2,0,1,0,0,0,0,0,0,0,0,0,0,0,0,0,0,0,-0.0047,0
28823,2034,162,10022,105,6,0,0,2,0,0,2,0,1,0,0,0,0,0,0,0,0,0,0,0,0,0,0,0,-0.0009,0
28823,2034,162,14341,105,6,0,0,2,0,0,2,0,1,0,0,0,0,0,0,0,0,0,0,0,0,0,0,0,-0.0019,0
28838,2034,2,13817,100,1,0,7,1,0,0,1,0,1,0,0,0,0,0,0,0,0,0,0,0,0,0,0,0,-0.0761,0
28838,2034,2,13892,100,1,0,0,1,1,0,1,0,1,0,1,0,0,0,0,0,0,0,0,0,0,0,0,0,0.1199,0
28838,2034,2,13912,100,1,0,0,1,0,0,1,0,1,0,0,0,0,0,0,0,0,0,0,0,0,0,0,0,-0.1242,0
28838,2034,2,13961,100,1,0,9,0,0,0,1,0,1,0,0,0,0,1,0,0,0,1,0,0,0,0,0,0,0.0738,0
28838,2034,32,2432,101,2,0,9,5,1,0,5,0,1,1,0,0,0,0,1,0,0,0,0,0,0,0,0,0,-0.2029,0
28838,2034,32,2447,101,2,0,9,3,1,1,3,0,1,1,0,0,0,0,0,0,0,0,0,0,0,0,0,0,0.0035,0
28838,2034,32,2462,101,2,0,9,3,0,0,4,0,1,1,0,0,0,0,1,0,0,0,0,0,0,1,0,0,-0.1386,0
28838,2034,32,2518,101,2,0,7,3,0,0,3,0,1,1,0,0,0,0,0,0,0,0,0,0,0,0,0,0,-0.0819,0
28838,2034,32,2544,101,2,0,9,3,0,1,3,0,1,1,0,0,0,0,0,0,0,0,0,0,0,0,0,0,-0.0731,0
28838,2034,32,2601,101,2,0,7,5,0,1,5,0,1,1,0,0,0,0,1,0,0,0,0,0,0,0,0,0,-0.0054,0
28838,2034,32,2616,101,2,0,9,3,0,0,5,0,1,1,0,0,0,0,0,0,0,2,0,1,0,0,0,0,-0.0038,0
28838,2034,32,2636,101,2,0,0,1,1,0,1,0,1,0,0,0,0,0,0,0,0,0,0,0,0,0,0,0,0.0504,0
28838,2034,32,2665,101,2,0,7,3,0,0,4,0,1,1,0,0,0,0,0,0,0,1,0,0,0,0,0,0,-0.0177,0
28838,2034,32,2678,101,2,0,9,4,0,1,4,0,1,1,0,0,0,0,0,0,0,0,0,0,0,0,0,0,-0.0892,0
28838,2034,32,2745,101,2,0,7,4,0,0,4,0,1,1,0,0,0,0,0,0,0,0,0,0,0,0,0,0,-0.0755,0
28838,2034,32,2776,101,2,0,9,3,2,0,4,0,1,1,0,0,0,1,0,0,0,1,0,0,0,0,0,0,0.0378,0
28838,2034,32,2791,101,2,0,0,1,0,0,1,0,1,0,0,0,0,0,0,0,0,0,0,0,0,0,0,0,-0.0591,0
28838,2034,32,2832,101,2,0,7,4,0,0,5,0,1,1,0,0,0,0,0,0,0,1,0,0,0,0,0,0,-0.0544,0
28838,2034,32,2847,101,2,0,9,3,1,0,4,0,1,1,0,0,0,0,0,0,0,1,0,0,0,0,0,0,0.1173,0
28838,2034,32,2884,101,2,0,7,0,0,0,0,0,1,0,0,0,0,0,0,0,0,0,0,0,0,0,0,0,0.0000,0
28838,2034,32,2904,101,2,0,7,5,2,0,6,0,1,1,0,0,0,2,0,0,0,0,0,0,1,0,0,0,-0.0775,0
28838,2034,32,2919,101,2,0,9,3,2,0,4,0,1,1,0,0,0,0,0,1,0,1,0,0,0,0,0,0,0.0398,0
28838,2034,32,2975,101,2,0,7,4,1,1,4,0,1,1,0,0,1,1,2,0,0,0,0,1,0,0,0,0,-0.0928,0
28838,2034,32,3008,101,2,0,9,5,2,0,5,0,1,1,0,0,0,0,2,0,0,0,0,0,0,0,0,0,-0.1097,0
28838,2034,32,3059,101,2,0,7,3,1,0,4,0,1,1,0,0,0,1,0,0,0,1,0,0,0,0,0,0,-0.0000,0
28838,2034,32,3074,101,2,0,9,4,2,0,4,0,1,1,1,0,0,0,1,0,0,0,0,0,0,0,0,0,0.2097,0
28838,2034,32,3124,101,2,0,7,3,2,0,4,0,1,1,0,1,0,0,1,0,0,0,0,0,0,0,1,0,0.2045,0
28838,2034,32,3150,101,2,0,9,6,2,1,6,0,1,1,0,0,1,2,4,0,0,0,0,0,0,0,0,0,0.0469,0
28838,2034,32,3165,101,2,0,9,4,0,0,4,0,1,1,0,0,0,0,0,0,0,0,0,0,0,0,0,0,-0.2203,0
28838,2034,32,3178,101,2,0,9,4,1,0,4,0,1,1,0,0,0,0,0,0,0,0,0,0,0,0,0,0,-0.0621,0
28838,2034,32,3191,101,2,0,9,5,1,0,5,0,1,1,0,0,0,1,1,0,0,0,0,0,0,0,0,0,-0.0007,0
28838,2034,32,3206,101,2,0,9,3,1,0,5,0,1,1,0,0,0,0,2,0,0,1,0,0,1,0,0,0,0.0004,0
28838,2034,32,3221,101,2,0,9,4,2,0,4,0,1,1,0,0,0,0,1,0,0,0,0,0,0,0,0,0,-0.0189,0
28838,2034,32,3238,101,2,0,9,3,0,0,3,0,1,1,0,0,0,0,0,0,0,0,0,0,0,0,0,0,-0.0459,0
28838,2034,32,3251,101,2,0,9,5,1,0,6,0,1,1,0,0,1,2,1,0,0,1,0,1,0,0,0,0,0.2054,0
28838,2034,32,3266,101,2,0,9,3,0,1,4,0,1,1,0,0,0,0,0,0,0,1,0,0,0,0,0,0,-0.0203,0
28838,2034,32,3279,101,2,0,9,3,0,0,4,0,1,1,0,0,0,0,0,0,0,1,0,0,0,0,0,0,-0.0889,0
28838,2034,32,3294,101,2,0,9,4,2,0,4,0,1,1,1,0,0,1,0,0,0,0,0,0,0,0,0,0,0.0084,0
28838,2034,32,3309,101,2,0,9,4,0,0,4,0,1,1,0,0,0,0,0,0,0,0,0,0,0,0,0,0,-0.0859,0
28838,2034,32,3324,101,2,0,9,4,1,0,4,0,1,1,0,0,0,1,0,0,0,0,0,0,0,0,0,0,-0.0412,0
28838,2034,32,3335,101,2,0,9,1,0,0,4,0,1,1,0,0,0,0,0,0,0,3,0,0,0,0,0,0,0.0949,0
28838,2034,32,3350,101,2,0,0,0,0,0,0,0,1,0,0,0,0,1,0,0,0,0,0,0,0,0,0,0,0.0000,0
28838,2034,32,3365,101,2,0,9,5,0,0,5,0,1,1,0,0,0,0,0,0,0,0,0,1,0,0,0,0,-0.1092,0
28838,2034,32,3378,101,2,0,9,4,1,0,4,0,1,1,1,0,0,1,0,0,0,0,0,0,0,0,0,0,0.0705,0
28838,2034,32,3393,101,2,0,9,3,1,1,4,0,1,1,0,0,0,0,1,0,0,1,0,0,0,0,0,0,0.1264,0
28838,2034,32,3408,101,2,0,9,5,2,1,5,0,1,1,0,0,0,1,0,0,0,0,0,0,0,0,0,0,0.0175,0
28838,2034,32,3431,101,2,0,9,2,1,0,3,0,1,1,0,0,0,1,1,0,0,1,0,0,0,0,0,0,0.1394,0
28838,2034,32,3446,101,2,0,9,2,1,0,3,0,1,1,0,0,0,0,0,0,0,1,0,0,0,0,0,0,0.0070,0
28838,2034,32,3461,101,2,0,9,4,1,0,5,0,1,1,0,0,0,0,1,1,0,1,0,0,0,0,0,0,0.0188,0
28838,2034,32,3471,101,2,0,9,2,0,0,4,0,1,1,0,0,0,0,0,0,0,2,0,0,0,0,0,0,0.0081,0
28838,2034,32,3486,101,2,0,7,3,0,0,3,0,1,1,0,0,0,0,0,0,0,0,0,0,0,0,0,0,-0.1102,0
28838,2034,32,3501,101,2,0,7,4,1,0,4,0,1,1,0,0,0,0,0,1,0,0,0,0,0,0,0,0,-0.0106,0
28838,2034,32,3522,101,2,0,7,4,1,1,6,0,1,1,1,0,0,0,1,0,0,2,0,0,0,0,0,0,-0.0174,0
28838,2034,32,3537,101,2,0,7,2,0,0,4,0,1,1,0,0,0,0,1,0,0,0,0,0,1,1,0,0,-0.0501,0
28838,2034,32,3552,101,2,0,7,3,2,0,4,0,1,1,0,0,0,1,0,0,0,0,0,0,0,0,1,0,0.0692,0
28838,2034,32,3566,101,2,0,7,5,1,0,5,0,1,1,0,0,0,0,1,0,0,0,0,0,0,0,0,0,-0.0287,0
28838,2034,32,3581,101,2,0,7,4,1,0,4,0,1,1,0,0,0,0,0,0,0,0,0,0,0,0,0,0,-0.0397,0
28838,2034,32,3596,101,2,0,7,3,1,0,4,0,1,1,1,0,0,0,0,0,0,1,0,0,0,0,0,0,0.1521,0
28838,2034,32,3610,101,2,0,7,3,1,0,5,0,1,1,0,0,0,0,1,0,0,2,0,0,0,0,0,0,0.0821,0
28838,2034,32,3625,101,2,0,7,4,1,0,4,0,1,1,1,0,0,0,0,0,0,0,0,0,0,0,0,0,-0.0128,0
28838,2034,32,3640,101,2,0,7,2,0,0,3,0,1,1,0,0,0,0,0,0,0,1,0,0,0,0,0,0,-0.0177,0
28838,2034,32,3662,101,2,0,0,0,0,0,1,0,1,0,0,0,0,0,0,0,0,0,0,0,1,0,0,0,-0.0448,0
28838,2034,32,3677,101,2,0,7,5,1,0,5,0,1,1,1,0,0,0,0,0,0,0,0,1,0,0,0,0,-0.0128,0
28838,2034,32,3691,101,2,0,7,3,0,1,3,0,1,1,0,0,0,0,0,0,0,0,0,0,0,0,0,0,-0.0892,0
28838,2034,32,3721,101,2,0,7,5,2,0,5,0,1,1,2,0,0,2,0,0,0,0,0,0,0,0,0,0,-0.0095,0
28838,2034,32,3736,101,2,0,7,3,1,0,4,0,1,1,0,0,0,0,0,0,0,1,0,1,0,0,0,0,-0.0946,0
28838,2034,32,3757,101,2,0,7,3,0,1,4,0,1,1,0,0,0,0,0,0,0,1,0,0,0,0,0,0,-0.0046,0
28838,2034,32,3772,101,2,0,7,4,0,0,4,0,1,1,0,0,0,0,0,0,0,0,0,0,0,0,0,0,-0.1274,0
28838,2034,32,3784,101,2,0,7,5,2,1,6,0,1,1,1,0,0,0,1,0,0,0,0,0,1,0,0,0,0.0288,0
28838,2034,32,3790,101,2,0,7,3,2,1,4,0,1,1,0,0,0,1,0,0,0,1,0,0,0,0,0,0,0.1622,0
28838,2034,32,3805,101,2,0,7,4,1,1,4,0,1,1,1,0,0,0,0,0,0,0,0,0,0,0,0,0,-0.0307,0
28838,2034,32,3860,101,2,0,7,2,0,0,4,0,1,1,0,0,0,0,0,0,0,2,0,0,0,0,0,0,0.0842,0
28838,2034,32,3875,101,2,0,7,4,0,0,4,0,1,1,0,0,0,0,0,0,0,0,0,0,0,0,0,0,-0.0264,0
28838,2034,32,3887,101,2,0,7,4,0,0,4,0,1,1,0,0,0,0,1,0,0,0,0,0,0,0,0,0,-0.0357,0
28838,2034,32,3902,101,2,0,7,4,3,0,4,0,1,1,1,0,0,0,1,0,0,0,0,0,0,0,0,0,0.0396,0
28838,2034,32,3917,101,2,0,7,5,0,1,5,0,1,1,0,0,0,0,0,0,0,0,0,1,0,0,0,0,-0.3707,0
28838,2034,32,3932,101,2,0,7,4,1,0,4,0,1,1,0,0,0,0,0,0,0,0,0,0,0,0,0,0,0.0521,0
28838,2034,32,3945,101,2,0,7,2,1,0,4,0,1,1,0,0,0,1,0,0,0,2,0,0,0,0,0,0,0.0117,0
28838,2034,32,3960,101,2,0,7,4,4,0,4,0,1,1,0,0,0,0,0,0,0,0,0,0,0,0,0,0,0.1302,0
28838,2034,32,3974,101,2,0,7,5,1,0,5,0,1,1,1,0,0,0,0,0,0,0,0,0,0,0,0,0,-0.2341,0
28838,2034,32,3982,101,2,0,7,3,0,0,4,0,1,1,0,0,0,1,0,0,0,0,0,0,0,0,1,0,0.0072,0
28838,2034,32,3997,101,2,0,7,3,0,0,4,0,1,1,0,0,0,0,0,0,0,0,0,1,1,0,0,0,-0.0967,0
28838,2034,32,4012,101,2,0,7,3,0,0,3,0,1,1,0,0,0,0,0,0,0,0,0,0,0,0,0,0,-0.0600,0
28838,2034,32,4038,101,2,0,7,3,0,0,5,0,1,1,0,0,0,1,0,0,0,1,0,0,1,0,0,0,0.1139,0
28838,2034,32,4053,101,2,0,7,4,0,0,5,0,1,1,0,0,0,1,0,0,0,1,0,0,0,0,0,0,-0.0789,0
28838,2034,32,4082,101,2,0,7,2,0,0,5,0,1,1,0,0,0,0,0,0,1,3,0,0,0,0,0,0,0.0265,0
28838,2034,32,4097,101,2,0,7,6,2,1,7,0,1,1,0,0,0,2,1,0,0,0,0,0,0,1,0,0,-0.0219,0
28838,2034,32,4112,101,2,0,7,4,0,0,4,0,1,1,0,0,0,0,0,0,0,0,0,0,0,0,0,0,-0.0877,0
28838,2034,32,4123,101,2,0,7,3,0,0,4,0,1,1,0,0,0,0,0,0,0,1,0,0,0,0,0,0,-0.0211,0
28838,2034,32,4134,101,2,0,7,3,0,0,4,0,1,1,0,0,0,0,1,0,0,1,0,0,0,0,0,0,0.0553,0
28838,2034,32,4149,101,2,0,7,3,0,0,3,0,1,1,0,0,0,0,0,0,0,0,0,0,0,0,0,0,-0.0697,0
28838,2034,32,4164,101,2,0,7,3,0,0,4,0,1,1,0,0,0,1,0,0,0,1,1,0,0,0,0,0,-0.0216,0
28838,2034,32,4175,101,2,0,7,4,0,0,4,0,1,1,0,0,0,0,0,0,0,0,0,0,0,0,0,0,-0.0758,0
28838,2034,32,4190,101,2,0,7,4,0,0,4,0,1,1,0,0,0,0,0,0,0,0,0,0,0,0,0,0,-0.0746,0
28838,2034,32,4205,101,2,0,7,3,0,0,4,0,1,1,0,0,0,0,0,0,0,1,0,0,0,0,0,0,-0.0607,0
28838,2034,32,4219,101,2,0,7,4,0,1,4,0,1,1,0,0,0,0,0,0,0,0,0,0,0,0,0,0,-0.0596,0
28838,2034,32,4230,101,2,0,7,0,0,0,0,0,1,0,0,0,0,0,0,0,0,0,0,0,0,0,0,0,0.0000,0
28838,2034,32,4260,101,2,0,7,4,1,0,4,0,1,1,0,0,0,0,0,0,0,0,0,0,0,0,0,0,-0.0405,0
28838,2034,32,4269,101,2,0,7,4,1,1,4,0,1,1,0,0,0,0,1,0,0,0,0,0,0,0,0,0,0.0047,0
28838,2034,32,4284,101,2,0,7,4,1,1,4,0,1,1,0,1,0,0,0,0,0,0,0,0,0,0,0,0,-0.2195,0
28838,2034,32,4299,101,2,0,7,4,1,0,5,0,1,1,0,0,0,1,0,0,0,1,0,0,0,0,0,0,0.0005,0
28838,2034,32,4320,101,2,0,7,4,1,1,4,0,1,1,0,1,0,1,0,0,0,0,0,1,0,0,0,0,0.0316,0
28838,2034,86,6487,102,3,0,9,3,0,0,4,0,1,1,0,0,0,0,0,0,0,1,0,0,0,0,0,0,0.0136,0
28838,2034,86,6488,102,3,0,9,4,0,1,4,0,1,1,0,0,0,0,0,0,0,0,0,0,0,0,0,0,-0.1303,0
28838,2034,32,4361,101,2,0,9,3,1,0,5,0,1,1,0,0,0,0,0,0,0,2,0,0,0,0,0,0,-0.0082,0
28838,2034,32,4376,101,2,0,9,4,1,0,5,0,1,1,0,0,0,0,1,0,0,1,0,0,0,0,0,0,0.0499,0
28838,2034,32,4391,101,2,0,9,3,0,1,4,0,1,1,0,0,0,1,0,0,0,1,0,0,0,0,0,0,-0.0279,0
28838,2034,32,4407,101,2,0,9,3,0,1,3,0,1,1,0,0,0,0,0,0,0,0,0,0,0,0,0,0,-0.0578,0
28838,2034,32,4422,101,2,0,9,4,1,0,4,0,1,1,0,0,0,1,0,0,0,0,0,0,0,0,0,0,0.0822,0
28838,2034,32,4437,101,2,0,9,4,0,1,6,0,1,1,0,0,0,1,0,0,0,2,1,0,0,0,0,0,-0.2036,0
28838,2034,32,4454,101,2,0,9,3,0,0,4,0,1,1,0,0,0,0,0,0,0,1,0,0,0,0,0,0,0.0210,0
28838,2034,32,4469,101,2,0,9,4,3,1,4,0,1,1,0,0,0,1,0,0,0,0,0,0,0,0,0,0,0.0519,0
28838,2034,32,4484,101,2,0,9,4,2,0,4,0,1,1,0,0,1,1,1,0,0,0,0,0,0,0,0,0,0.1336,0
28838,2034,32,4507,101,2,0,9,5,3,1,5,0,1,1,0,0,0,0,1,0,0,0,0,0,0,0,0,0,0.0574,0
28838,2034,32,4522,101,2,0,9,4,1,1,4,0,1,1,0,0,0,0,0,0,0,0,0,0,0,0,0,0,-0.0433,0
28838,2034,32,4537,101,2,0,9,3,1,0,4,0,1,1,1,0,0,0,1,0,0,0,0,0,0,1,0,0,-0.0117,0
28838,2034,32,4563,101,2,0,9,4,2,0,4,0,1,1,0,0,0,0,0,0,0,0,0,0,0,0,0,0,-0.2013,0
28838,2034,32,4578,101,2,0,9,3,1,0,4,0,1,1,1,0,0,0,1,0,0,1,0,0,0,0,0,0,0.0009,0
28937,2034,288,14257,107,11,0,6,4,1,1,4,0,1,1,0,0,0,0,0,0,0,0,0,0,0,0,0,0,0.0244,0
28937,2034,288,14258,107,11,0,6,3,0,0,4,0,1,1,0,0,0,0,0,0,0,1,0,0,0,0,0,0,-0.0767,0
28937,2034,288,14282,107,11,0,6,5,2,1,5,0,1,1,0,0,0,1,1,0,0,0,0,0,0,0,0,0,-0.0045,0
28937,2034,288,14283,107,11,0,6,3,1,0,5,0,1,1,0,0,0,0,0,0,0,2,0,1,0,0,0,0,-0.0360,0
28937,2034,288,14288,107,11,0,6,4,0,1,4,0,1,1,0,0,0,0,0,0,0,0,0,0,0,0,0,0,-0.0593,0
28937,2034,288,14289,107,11,0,6,4,1,0,4,0,1,1,1,0,0,1,0,0,0,0,0,0,0,0,0,0,0.0084,0
28937,2034,288,14290,107,11,0,6,4,2,0,4,0,1,1,0,1,0,0,0,0,0,0,0,0,0,0,0,0,0.0310,0
28938,2034,288,14257,107,11,0,10,0,0,0,1,0,1,0,0,0,0,1,0,0,0,1,0,0,0,0,0,0,0.0274,0
29178,2034,335,14318,108,10,0,9,4,2,1,4,0,1,1,0,0,0,0,0,0,0,0,0,0,0,0,0,0,0.0355,0
29178,2034,335,14319,108,10,0,9,4,1,0,4,0,1,1,0,0,0,0,0,0,0,0,0,0,0,0,0,0,-0.0345,0
29178,2034,335,14320,108,10,0,9,5,1,0,5,0,1,1,0,0,0,0,0,0,0,0,0,0,0,0,0,0,-0.0959,0
29178,2034,335,14321,108,10,0,9,3,1,0,4,0,1,1,0,0,0,0,0,0,0,1,0,0,0,0,0,0,-0.0125,0
29762,2034,6,2006,100,1,0,1,0,0,0,0,0,1,0,0,0,0,0,0,0,0,0,0,0,0,0,0,0,0.0000,0
29762,2034,6,2045,100,1,0,1,0,0,0,0,0,1,0,0,0,0,0,0,0,0,0,0,0,0,0,0,0,0.0000,0
29762,2034,6,2066,100,1,0,1,0,0,0,0,0,1,0,0,0,0,0,0,0,0,0,0,0,0,0,0,0,0.0000,0
