29494,223,106,1,12,14,1,16,1,15,3,14,1,16,1,15,3,14,1,16,1,15,3,69,66,18,1,8,3,32,0,0,0,0,1,0,30,0,0,0,0,88,0,0,0,0,17,0,89,0,0,0,0,4,3,115,46,160
29495,196,106,1,12,8,2,20,2,14,3,8,2,20,2,14,3,8,2,19,2,14,3,27,63,20,2,7,3,18,24,19,0,0,0,0,23,0,0,0,0,38,73,74,0,0,0,0,49,0,0,0,0,2,4,182,50,50
29496,193,106,3,0,1,1,11,30,26,15,1,1,10,30,26,15,1,1,12,30,26,15,1,1,11,30,26,15,12,0,0,0,0,0,0,0,0,0,0,0,12,0,0,0,0,0,0,0,0,0,0,0,2,2,1,40,1
29497,215,106,5,0,1,1,14,30,26,15,1,1,14,30,26,15,1,1,13,30,26,15,1,1,14,30,26,15,12,0,0,0,0,0,0,0,0,0,0,0,12,0,0,0,0,0,0,0,0,0,0,0,2,3,1,43,1
29498,208,106,1,11,9,1,21,1,22,5,9,1,22,1,22,5,8,1,20,1,22,5,61,53,21,1,11,5,30,16,0,0,29,1,0,0,0,0,0,0,93,100,0,0,77,20,0,0,0,0,0,0,5,3,111,51,105
29499,198,106,1,11,12,1,19,0,17,7,12,1,19,0,17,7,11,1,18,0,17,7,62,64,19,0,9,7,35,24,18,0,0,13,0,0,0,0,0,0,79,100,83,0,0,121,0,0,0,0,0,0,5,3,78,49,51
29500,236,106,6,0,1,1,18,30,26,15,1,1,19,30,26,15,1,1,18,30,26,15,1,1,18,30,26,15,12,0,0,0,0,0,0,0,0,0,0,0,12,0,0,0,0,0,0,0,0,0,0,0,2,4,1,48,1
29501,237,106,7,0,1,1,18,30,26,15,1,1,20,30,26,15,1,1,16,30,26,15,1,1,18,30,26,15,12,0,0,0,0,0,0,0,0,0,0,0,12,0,0,0,0,0,0,0,0,0,0,0,2,2,1,48,1
29502,239,106,2,0,1,1,14,30,26,15,1,1,15,30,26,15,1,1,14,30,26,15,1,1,14,30,26,15,12,0,0,0,0,0,0,0,0,0,0,0,12,0,0,0,0,0,0,0,0,0,0,0,2,3,1,44,1
29503,247,106,5,0,1,1,14,30,26,15,1,1,15,30,26,15,1,1,14,30,26,15,1,1,14,30,26,15,12,0,0,0,0,0,0,0,0,0,0,0,12,0,0,0,0,0,0,0,0,0,0,0,2,3,1,44,1
29504,254,106,3,0,1,1,13,30,26,15,1,1,12,30,26,15,1,1,13,30,26,15,1,1,13,30,26,15,12,0,0,0,0,0,0,0,0,0,0,0,12,0,0,0,0,0,0,0,0,0,0,0,2,3,1,42,1
29505,242,106,9,0,1,1,11,30,26,15,1,1,11,30,26,15,1,1,10,30,26,15,1,1,11,30,26,15,13,0,0,0,0,0,0,0,0,0,0,0,12,0,0,0,0,0,0,0,0,0,0,0,2,3,1,40,1
29506,244,106,4,0,1,1,16,30,26,15,1,1,17,30,26,15,1,1,16,30,26,15,1,1,16,30,26,15,12,0,0,0,0,0,0,0,0,0,0,0,12,0,0,0,0,0,0,0,0,0,0,0,2,3,1,46,1
29507,234,106,3,0,1,1,16,30,26,15,1,1,17,30,26,15,1,1,16,30,26,15,1,1,16,30,26,15,12,0,0,0,0,0,0,0,0,0,0,0,12,0,0,0,0,0,0,0,0,0,0,0,2,3,1,46,1
29508,252,106,4,0,1,1,15,30,26,15,1,1,16,30,26,15,1,1,15,30,26,15,1,1,15,30,26,15,12,0,0,0,0,0,0,0,0,0,0,0,12,0,0,0,0,0,0,0,0,0,0,0,2,3,1,45,1
29509,225,106,1,11,8,1,22,2,17,3,8,1,22,2,17,3,8,1,22,2,17,3,67,53,22,2,9,3,33,0,16,0,0,0,0,0,0,0,1,0,80,0,111,0,0,0,0,0,0,0,133,0,5,4,81,52,65
29510,231,106,6,0,1,1,16,30,26,15,1,1,17,30,26,15,1,1,16,30,26,15,1,1,16,30,26,15,12,0,0,0,0,0,0,0,0,0,0,0,12,0,0,0,0,0,0,0,0,0,0,0,2,3,1,46,1
29511,241,106,3,0,1,1,14,30,26,15,1,1,15,30,26,15,1,1,14,30,26,15,1,1,14,30,26,15,12,0,0,0,0,0,0,0,0,0,0,0,12,0,0,0,0,0,0,0,0,0,0,0,2,4,1,44,1
29512,238,106,8,0,1,1,15,30,26,15,1,1,16,30,26,15,1,1,15,30,26,15,1,1,15,30,26,15,12,0,0,0,0,0,0,0,0,0,0,0,12,0,0,0,0,0,0,0,0,0,0,0,2,4,1,45,1
29513,226,106,1,12,15,1,22,0,17,6,14,1,21,0,17,6,15,1,22,0,17,6,85,55,26,0,9,5,42,0,15,0,0,1,0,0,0,0,0,0,93,0,124,0,0,10,0,0,0,0,0,0,7,4,152,52,89
29514,243,106,1,12,10,1,22,0,12,5,9,1,21,0,12,5,11,1,24,0,12,5,24,61,22,0,6,5,24,20,0,0,0,8,0,0,0,0,0,0,51,67,0,0,0,82,0,0,0,0,0,0,3,3,110,52,130
29515,229,106,4,0,1,1,13,30,26,15,1,1,13,30,26,15,1,1,13,30,26,15,1,1,13,30,26,15,12,0,0,0,0,0,0,0,0,0,0,0,12,0,0,0,0,0,0,0,0,0,0,0,2,4,1,42,1
29516,246,106,5,0,1,1,14,30,26,15,1,1,14,30,26,15,1,1,13,30,26,15,1,1,14,30,26,15,12,0,0,0,0,0,0,0,0,0,0,0,12,0,0,0,0,0,0,0,0,0,0,0,2,3,1,43,1
29517,253,106,8,0,1,1,13,30,26,15,1,1,13,30,26,15,1,1,12,30,26,15,1,1,13,30,26,15,12,0,0,0,0,0,0,0,0,0,0,0,12,0,0,0,0,0,0,0,0,0,0,0,2,3,1,42,1
29518,255,106,1,12,14,1,21,2,14,4,15,1,22,2,14,4,13,1,19,2,14,4,54,45,21,2,7,4,36,0,0,0,33,1,0,33,0,0,0,0,68,0,0,0,66,4,0,65,0,0,0,0,6,2,117,51,66
29519,230,106,1,13,15,1,20,1,14,4,15,1,20,1,14,4,15,1,20,1,14,4,113,62,20,1,7,4,42,0,15,0,0,1,0,0,0,0,0,0,108,0,151,0,0,26,0,0,0,0,0,0,7,3,69,50,95
29520,227,106,4,0,1,1,14,30,26,15,1,1,15,30,26,15,1,1,14,30,26,15,1,1,14,30,26,15,12,0,0,0,0,0,0,0,0,0,0,0,12,0,0,0,0,0,0,0,0,0,0,0,2,4,1,44,1
29521,250,106,4,0,1,1,11,30,26,15,1,1,11,30,26,15,1,1,10,30,26,15,1,1,11,30,26,15,12,0,0,0,0,0,0,0,0,0,0,0,12,0,0,0,0,0,0,0,0,0,0,0,2,3,1,40,1
29522,251,106,1,11,7,1,19,0,14,4,7,1,18,0,14,4,7,1,19,0,14,4,35,55,19,0,7,4,22,0,16,0,23,10,0,23,0,0,5,0,52,0,90,0,50,84,0,47,0,0,85,0,3,3,165,49,32
29523,235,106,1,11,11,1,19,0,20,5,11,1,19,0,20,5,11,1,19,0,20,5,74,59,19,0,10,5,42,0,15,0,0,1,0,0,0,0,0,0,83,0,96,0,0,127,0,0,0,0,0,0,7,3,57,49,49
29524,245,106,1,12,13,1,21,0,20,4,13,1,20,0,20,4,13,1,21,0,20,4,97,45,25,0,10,4,36,0,13,0,0,1,0,0,0,0,0,0,107,0,124,31,0,15,0,0,0,0,0,0,6,4,123,51,40
29525,232,106,3,11,12,1,23,1,19,5,12,1,25,1,19,5,11,1,22,1,19,5,82,45,25,1,9,5,42,22,0,0,0,1,0,0,0,0,0,0,103,146,0,0,0,27,0,0,0,0,0,0,7,4,147,54,99
29526,233,106,5,0,1,1,15,30,26,15,1,1,16,30,26,15,1,1,15,30,26,15,1,1,15,30,26,15,12,0,0,0,0,0,0,0,0,0,0,0,12,0,0,0,0,0,0,0,0,0,0,0,2,4,1,45,1
29527,228,106,9,0,1,1,17,30,26,15,1,1,17,30,26,15,1,1,18,30,26,15,1,1,17,30,26,15,12,0,0,0,0,0,0,0,0,0,0,0,12,0,0,0,0,0,0,0,0,0,0,0,2,3,1,47,1
29528,240,106,1,12,12,1,20,1,22,3,12,1,20,1,22,3,12,1,20,1,22,3,56,34,23,1,11,3,29,0,0,0,29,6,0,29,0,0,0,0,60,0,0,0,60,99,0,61,0,0,0,0,4,3,119,50,154
29529,248,106,1,13,26,2,34,1,12,4,31,2,41,1,12,4,23,2,27,1,12,4,143,113,112,1,6,4,66,34,0,0,0,1,0,0,0,0,0,0,131,169,0,0,0,7,0,0,0,0,0,0,11,3,112,61,54
29530,249,106,6,0,1,1,12,30,26,15,1,1,12,30,26,15,1,1,11,30,26,15,1,1,12,30,26,15,12,0,0,0,0,0,0,0,0,0,0,0,12,0,0,0,0,0,0,0,0,0,0,0,2,3,1,41,1
29531,256,106,1,12,9,1,17,3,22,7,9,1,18,3,22,7,8,1,17,3,22,7,21,55,21,2,11,7,21,22,22,0,0,11,0,0,0,0,0,0,42,55,62,0,0,74,0,0,0,0,0,0,2,3,149,47,20
29532,199,106,1,11,14,1,23,2,20,5,14,1,24,2,20,5,13,1,21,2,20,5,70,57,25,2,10,5,42,0,15,0,0,0,39,0,0,0,0,0,90,0,111,0,0,0,77,0,0,0,0,0,7,3,101,53,62
29533,199,106,1,11,10,1,21,1,14,5,10,1,21,1,14,5,9,1,20,1,14,5,108,69,28,1,7,5,0,0,29,0,0,2,0,0,0,49,0,0,0,0,157,0,0,23,0,0,0,129,0,0,10,4,137,51,110
29534,195,106,1,11,18,13,25,1,12,4,17,12,25,1,12,4,19,13,27,1,12,4,119,112,59,1,6,4,0,42,0,0,0,1,0,0,0,59,0,0,0,151,0,0,0,16,0,0,0,148,0,0,12,4,132,56,161
29535,210,106,1,12,15,1,21,0,14,3,15,1,21,0,14,3,14,1,20,0,14,3,60,63,21,0,7,3,0,0,31,0,0,0,0,0,0,36,29,0,0,0,101,0,0,0,0,0,0,71,116,0,4,4,117,51,119
29536,210,106,1,11,17,1,15,1,14,5,18,1,16,1,14,5,16,1,14,1,14,5,88,66,15,1,7,5,54,28,0,0,42,1,0,0,0,0,0,0,96,131,0,0,55,102,0,0,0,0,0,0,9,3,172,45,113
29537,209,106,1,12,17,3,22,2,20,4,17,3,22,2,20,4,17,3,22,2,20,4,49,70,23,2,10,4,38,0,25,0,36,15,0,35,0,0,0,19,54,0,76,0,57,62,0,57,0,0,0,56,5,3,177,52,32
29538,209,106,2,0,1,1,12,30,26,15,1,1,12,30,26,15,1,1,11,30,26,15,1,1,12,30,26,15,12,0,0,0,0,0,0,0,0,0,0,0,12,0,0,0,0,0,0,0,0,0,0,0,2,3,1,41,1
29539,0,0,1,11,22,13,27,2,10,4,23,13,31,2,10,4,21,14,26,2,10,4,114,120,103,2,5,4,72,37,25,0,0,1,0,0,0,0,0,0,134,133,39,0,0,152,0,0,0,0,0,0,12,3,92,58,115
29540,202,106,1,12,9,1,24,0,15,5,10,1,25,0,15,5,9,1,23,0,15,5,26,45,24,0,8,5,24,0,9,0,0,0,32,0,0,0,0,0,47,0,59,0,0,0,50,0,0,0,0,0,4,4,174,55,74
29541,202,106,1,12,16,1,15,1,14,5,16,1,15,1,14,5,16,1,15,1,14,5,78,41,15,0,7,5,49,0,0,0,0,21,0,42,0,0,0,0,79,0,0,0,0,108,0,77,0,0,0,0,7,3,91,45,125
29542,202,106,3,12,17,1,14,1,19,5,17,1,14,1,19,5,20,1,16,1,19,5,104,68,14,1,9,5,44,24,0,0,0,0,0,0,0,0,0,0,123,107,0,0,0,0,0,0,0,0,0,0,7,3,49,44,169
29543,222,106,1,11,16,1,18,0,14,5,16,1,18,0,14,5,17,1,19,0,14,5,71,55,18,0,7,5,56,0,34,0,0,33,0,0,0,0,0,0,79,0,86,0,0,128,0,0,0,0,0,0,8,4,116,48,149
29544,222,106,1,12,16,1,14,1,20,5,16,1,14,1,20,5,16,1,15,1,20,5,49,63,16,1,10,5,36,0,35,0,0,4,0,0,0,0,0,0,64,0,101,0,0,15,0,0,0,0,0,0,4,4,42,44,58
29545,212,106,1,12,21,1,20,0,14,3,22,1,21,0,14,3,19,1,18,0,14,3,90,41,21,0,7,3,54,28,0,0,0,1,0,0,0,0,0,0,108,119,0,0,0,18,0,0,0,0,0,0,9,4,146,50,85
29546,212,106,2,0,1,1,17,30,26,15,1,1,17,30,26,15,1,1,16,30,26,15,1,1,16,30,26,15,12,0,0,0,0,0,0,0,0,0,0,0,12,0,0,0,0,0,0,0,0,0,0,0,2,3,1,46,1
29547,0,0,1,11,12,1,14,1,14,5,12,1,14,1,14,5,11,1,14,1,14,5,61,66,14,2,7,5,42,0,18,0,0,1,0,34,0,0,0,0,66,0,81,0,0,78,0,76,0,0,0,0,7,3,66,44,105
29548,206,106,1,11,19,1,21,0,19,4,19,1,21,0,19,4,18,1,20,0,19,4,77,50,21,0,9,4,0,36,0,0,0,0,0,38,52,0,0,0,0,72,0,0,0,0,0,63,151,0,0,0,4,3,137,51,138
29549,0,0,8,0,1,1,11,30,26,15,1,1,12,30,26,15,1,1,11,30,26,15,1,1,11,30,26,15,13,0,0,0,0,0,0,0,0,0,0,0,12,0,0,0,0,0,0,0,0,0,0,0,2,3,1,40,1
29550,203,106,1,12,20,1,16,1,17,5,20,1,16,1,17,5,20,1,16,1,17,5,79,59,16,1,9,5,50,0,33,0,0,3,0,0,0,0,0,0,85,0,121,0,0,16,0,0,0,0,0,0,7,3,129,46,99
29551,213,106,1,12,15,1,14,2,19,5,14,1,13,2,19,5,18,1,17,2,19,5,49,56,16,2,9,5,36,0,0,0,0,4,0,0,0,0,0,31,68,0,0,0,0,17,0,0,0,0,0,97,4,2,147,44,106
29552,201,106,1,12,13,1,17,1,15,4,14,1,18,1,15,4,12,1,16,1,15,4,50,63,21,1,8,4,31,24,22,0,0,0,0,0,0,0,0,0,66,81,94,0,0,0,0,0,0,0,0,0,4,3,82,47,36
29553,201,106,1,11,33,13,37,0,10,2,33,13,37,0,10,2,33,13,37,0,10,2,86,112,138,0,5,2,78,40,0,0,65,1,0,65,0,65,0,0,109,76,0,0,102,56,0,82,0,112,0,0,13,4,102,62,110
29554,204,106,1,12,14,1,14,1,17,5,14,1,14,1,17,5,14,1,14,1,17,5,47,58,14,1,9,5,32,0,23,0,0,27,0,29,0,0,0,0,53,0,74,0,0,81,0,53,0,0,0,0,4,3,117,44,60
29555,204,106,1,11,13,13,31,0,10,3,12,13,30,0,10,3,14,14,39,0,10,3,142,106,114,0,5,3,48,0,0,0,0,1,47,0,0,0,0,0,148,0,0,0,0,29,136,0,0,0,0,0,8,4,112,60,168
29556,204,106,1,12,20,1,21,1,14,5,21,1,21,1,14,5,20,1,20,1,14,5,74,61,21,1,7,5,45,0,36,0,0,37,0,0,0,0,0,0,66,0,89,0,0,107,0,0,0,0,0,0,5,4,176,51,189
29557,224,106,1,12,17,1,17,0,15,3,16,1,17,0,15,3,18,1,19,0,15,3,97,61,20,0,8,3,42,22,0,0,0,1,0,0,0,0,0,0,107,134,0,0,0,11,0,0,0,0,0,0,7,4,86,47,160
29558,211,106,1,12,12,1,20,1,14,5,13,1,20,1,14,5,12,1,20,1,14,5,48,32,20,1,7,5,0,27,11,0,32,20,0,0,0,30,19,0,0,72,22,0,57,83,0,0,0,52,79,0,4,3,166,50,112
29559,214,106,1,11,12,1,20,1,14,4,12,1,20,1,14,4,12,1,19,1,14,4,68,55,20,1,7,4,43,0,0,0,37,3,0,0,0,0,0,15,84,0,0,0,79,105,0,0,0,0,0,32,7,3,131,50,169
29560,214,106,1,12,19,1,26,0,14,5,19,1,27,0,14,5,18,1,25,0,14,5,85,68,26,0,7,5,0,0,0,0,0,1,43,0,0,40,0,0,0,0,0,0,0,25,86,0,0,97,0,0,7,4,111,57,133
29561,221,106,1,12,14,1,17,1,20,5,14,1,18,1,20,5,13,1,16,1,20,5,41,68,17,1,10,5,31,27,22,0,0,0,0,0,0,0,0,0,55,84,70,0,0,0,0,0,0,0,0,0,4,3,108,47,69
29562,221,106,1,12,22,1,19,1,14,4,24,1,20,1,14,4,21,1,17,1,14,4,134,62,28,1,7,4,60,31,0,0,0,0,0,0,0,0,0,0,136,155,0,0,0,0,0,0,0,0,0,0,10,4,133,49,51
29563,221,106,1,11,14,1,20,0,19,5,14,1,21,0,19,5,13,1,19,0,19,5,68,56,21,0,9,5,0,32,26,0,0,0,0,0,0,40,0,0,0,102,106,0,0,0,0,0,0,72,0,0,7,3,134,50,14
29564,221,106,7,0,1,1,15,30,26,15,1,1,15,30,26,15,1,1,16,30,26,15,1,1,15,30,26,15,12,0,0,0,0,0,0,0,0,0,0,0,12,0,0,0,0,0,0,0,0,0,0,0,2,4,1,45,1
29565,217,106,1,12,11,1,20,0,22,3,12,1,21,0,22,3,10,1,18,0,22,3,38,57,20,0,11,3,30,25,0,0,31,2,0,0,0,0,0,0,51,67,0,0,55,10,0,0,0,0,0,0,4,3,118,50,143
29566,223,106,1,12,23,1,14,1,20,5,23,1,14,1,20,5,23,1,14,1,20,5,91,66,14,1,10,5,61,0,31,0,0,2,0,0,0,0,0,0,111,0,121,0,0,14,0,0,0,0,0,0,9,4,92,44,72
29567,223,106,1,11,15,1,16,0,14,7,16,1,17,0,14,7,14,1,15,0,14,7,63,61,17,0,7,7,48,25,0,0,39,1,0,0,0,0,0,0,80,91,0,0,45,96,0,0,0,0,0,0,8,3,159,46,75
29568,215,106,1,11,9,1,17,0,14,4,9,1,18,0,14,4,8,1,16,0,14,4,57,55,17,0,7,4,30,16,11,0,0,0,0,0,0,0,0,0,80,108,110,0,0,0,0,0,0,0,0,0,5,3,147,47,62
29569,215,106,1,12,12,1,17,2,12,5,12,1,17,2,12,5,12,1,17,2,12,5,29,58,21,2,6,4,30,13,0,0,28,14,0,28,0,0,0,0,51,17,0,0,48,68,0,52,0,0,0,0,4,3,78,47,137
29570,198,106,6,0,1,1,13,30,26,15,1,1,13,30,26,15,1,1,13,30,26,15,1,1,13,30,26,15,12,0,0,0,0,0,0,0,0,0,0,0,12,0,0,0,0,0,0,0,0,0,0,0,2,4,1,42,1
29571,236,106,1,12,11,1,22,1,14,4,12,1,23,1,14,4,10,1,20,1,14,4,74,53,27,1,7,4,36,0,0,0,0,1,36,0,0,0,0,0,74,0,0,0,0,117,64,0,0,0,0,0,6,3,109,52,12
29572,236,106,1,12,12,1,21,0,22,5,13,1,22,0,22,5,11,1,19,0,22,5,53,43,22,0,11,5,26,0,0,0,0,1,31,0,0,0,0,0,73,0,0,0,0,18,75,0,0,0,0,0,4,3,56,51,164
29573,236,106,1,11,11,1,21,0,20,3,11,1,21,0,20,3,11,1,21,0,20,3,77,68,21,0,10,3,37,0,0,0,0,1,0,33,0,0,0,0,110,0,0,0,0,14,0,103,0,0,0,0,6,3,112,51,137
29574,236,106,1,12,13,1,17,1,14,7,14,1,18,1,14,7,13,1,16,1,14,7,60,62,18,1,7,7,30,16,0,0,0,1,0,27,0,0,0,0,80,80,0,0,0,7,0,63,0,0,0,0,5,3,158,47,142
29575,236,106,9,0,1,1,12,30,26,15,1,1,12,30,26,15,1,1,11,30,26,15,1,1,12,30,26,15,12,0,0,0,0,0,0,0,0,0,0,0,12,0,0,0,0,0,0,0,0,0,0,0,2,3,1,41,1
29576,237,106,1,11,12,3,20,0,12,4,13,3,21,0,12,4,11,3,18,0,12,4,68,63,25,0,6,4,43,22,0,0,0,1,0,0,0,0,0,0,98,130,0,0,0,23,0,0,0,0,0,0,7,3,154,50,102
29577,0,0,1,11,23,14,24,1,10,3,27,14,26,1,10,3,21,13,22,1,10,3,119,115,110,1,5,3,78,40,0,0,0,1,0,0,0,0,0,27,154,131,0,0,0,32,0,0,0,0,0,116,13,3,57,55,144
29578,239,106,1,11,6,1,23,0,15,5,6,1,21,0,15,5,8,1,27,0,15,5,40,68,23,0,8,5,24,0,9,0,0,0,30,0,0,0,0,0,75,0,108,0,0,0,68,0,0,0,0,0,4,2,138,53,197
29579,247,106,1,11,11,1,18,0,15,5,11,1,18,0,15,5,12,1,20,0,15,5,78,61,24,0,8,5,36,19,0,0,32,1,0,0,0,0,0,0,90,29,0,0,81,125,0,0,0,0,0,0,6,3,116,48,142
29580,254,106,1,12,19,1,20,1,17,3,19,1,20,1,17,3,19,1,20,1,17,3,117,67,20,1,9,3,55,0,20,0,0,1,0,0,0,0,0,0,120,0,152,0,0,14,0,0,0,0,0,0,9,3,107,50,105
29581,0,0,1,11,17,1,26,1,13,5,18,1,28,1,13,5,16,1,25,1,13,5,88,57,26,1,7,5,54,0,19,0,0,0,48,0,0,0,0,0,102,0,131,0,0,0,91,0,0,0,0,0,9,3,191,57,133
29582,244,106,1,12,13,1,20,0,15,5,14,1,21,0,15,5,12,1,18,0,15,5,75,68,20,0,8,5,30,19,0,0,28,1,0,0,0,0,0,0,62,77,0,0,59,112,0,0,0,0,0,0,5,3,125,50,47
29583,244,106,1,11,15,13,34,1,12,3,15,14,34,1,12,3,16,13,35,1,12,3,124,115,120,1,6,3,60,0,21,0,0,1,0,0,0,0,0,0,116,0,133,0,0,179,0,0,0,0,0,0,10,4,158,61,21
29584,234,106,1,12,17,1,16,0,14,4,17,1,16,0,14,4,17,1,16,0,14,4,79,67,16,0,7,4,49,0,18,0,0,1,0,0,0,0,0,0,90,0,115,0,0,16,0,0,0,0,0,0,8,3,168,46,117
29585,234,106,1,11,8,1,16,0,19,5,7,1,16,0,19,5,8,1,18,0,19,5,45,66,18,0,9,5,28,18,15,0,0,0,0,0,0,0,0,0,82,102,111,0,0,0,0,0,0,0,0,0,4,3,119,46,109
29586,234,106,3,0,1,1,17,30,26,15,1,1,18,30,26,15,1,1,17,30,26,15,1,1,17,30,26,15,12,0,0,0,0,0,0,0,0,0,0,0,12,0,0,0,0,0,0,0,0,0,0,0,2,4,1,47,1
29587,225,106,1,12,26,1,16,2,20,6,33,1,18,2,20,6,21,1,14,2,20,6,127,57,18,2,10,5,66,34,0,0,0,1,0,0,0,0,0,0,136,153,0,0,0,11,0,0,0,0,0,0,11,2,118,46,1
29588,225,106,1,12,17,1,16,1,14,5,16,1,15,1,14,5,19,1,18,1,14,5,61,56,16,1,7,5,35,39,0,0,0,5,0,0,0,0,0,0,78,110,0,0,0,14,0,0,0,0,0,0,4,3,68,45,165
29589,0,0,1,12,20,1,20,0,14,5,19,1,19,0,14,5,20,1,20,0,14,5,77,59,21,0,7,5,0,0,40,0,0,6,0,0,0,42,0,0,0,0,114,0,0,19,0,0,0,79,0,0,5,3,113,50,39
29590,231,106,1,12,16,1,22,0,14,5,16,1,22,0,14,5,16,1,21,0,14,5,50,53,22,0,7,5,37,29,26,0,35,19,0,37,0,0,0,0,57,72,70,0,55,72,0,55,0,0,0,0,5,3,96,52,83
29591,0,0,1,12,17,1,23,2,22,5,18,1,24,2,22,5,16,1,21,2,22,5,74,56,23,2,11,5,44,0,0,0,0,24,42,0,0,0,0,0,75,0,0,0,0,115,65,0,0,0,0,0,6,3,95,53,35
29592,226,106,1,12,16,1,17,1,22,5,15,1,17,1,22,5,16,1,17,1,22,5,75,51,18,1,11,5,37,0,33,0,0,2,0,0,0,0,0,0,90,0,132,0,0,12,0,0,0,0,0,0,4,3,121,47,61
29593,243,106,1,11,15,14,25,0,9,2,16,14,27,0,9,2,15,13,24,0,9,2,112,123,99,0,4,2,54,28,0,0,0,1,0,0,0,0,0,0,136,160,0,0,0,17,0,0,0,0,0,0,9,4,102,56,66
29594,243,106,1,11,14,1,17,0,14,5,14,1,17,0,14,5,14,1,17,0,14,5,68,57,19,0,7,5,49,0,18,0,0,3,0,0,0,0,0,17,83,0,102,0,0,95,0,0,0,0,0,21,8,4,93,47,181
29595,246,106,1,13,20,1,21,0,14,5,20,1,21,0,14,5,18,1,20,0,14,5,111,55,21,0,7,5,0,0,36,0,0,3,0,0,0,45,0,0,0,0,146,0,0,16,0,0,0,100,0,0,6,3,176,51,149
29596,253,106,1,12,15,1,14,2,14,3,16,1,15,2,14,3,14,1,13,2,14,3,67,57,17,1,7,3,33,32,0,0,0,22,0,0,0,0,0,0,67,93,0,0,0,111,0,0,0,0,0,0,4,3,183,44,74
29597,253,106,1,12,19,1,13,0,14,5,19,1,13,0,14,5,19,1,13,0,14,5,81,64,13,0,7,5,49,0,28,0,0,3,0,0,0,0,0,0,93,0,116,0,0,19,0,0,0,0,0,0,7,3,72,42,130
29598,253,106,1,12,14,1,16,1,15,3,13,1,16,1,15,3,14,1,16,1,15,3,81,62,18,1,8,3,30,0,0,0,0,0,0,27,0,0,1,0,73,0,0,0,0,0,0,74,0,0,118,0,5,4,84,46,136
29599,253,106,1,12,17,1,22,1,15,4,17,1,22,1,15,4,18,1,22,1,15,4,96,67,22,1,8,4,43,0,26,0,0,1,0,0,0,0,0,0,97,0,140,0,0,11,0,0,0,0,0,0,6,4,119,52,12
29600,230,106,1,12,16,1,21,0,20,4,16,1,21,0,20,4,16,1,20,0,20,4,74,46,21,0,10,4,38,0,27,0,0,25,0,0,0,0,0,0,69,0,88,0,0,118,0,0,0,0,0,0,5,3,132,51,178
29601,0,0,1,12,20,1,19,2,12,4,20,1,19,2,12,4,20,1,19,2,12,4,106,59,21,2,6,4,54,0,30,0,0,1,0,0,0,0,0,0,106,0,148,0,0,14,0,0,0,0,0,0,8,3,131,49,149
29602,230,106,2,0,1,1,12,30,26,15,1,1,12,30,26,15,1,1,11,30,26,15,1,1,12,30,26,15,12,0,0,0,0,0,0,0,0,0,0,0,12,0,0,0,0,0,0,0,0,0,0,0,2,3,1,41,1
29603,227,106,1,12,15,3,14,2,17,5,15,3,14,2,17,5,16,3,15,2,17,5,78,61,14,2,9,5,37,0,23,0,0,2,0,0,0,0,0,0,91,0,115,0,0,20,0,0,0,0,0,0,5,4,103,44,26
29604,245,106,1,12,22,1,22,0,20,4,23,1,22,0,20,4,21,1,22,0,20,4,92,68,24,0,10,4,55,0,37,0,0,4,0,0,0,0,0,0,96,0,136,0,0,23,0,0,0,0,0,0,7,3,185,52,119
29605,245,106,1,12,14,1,18,0,10,6,14,1,19,0,10,6,14,1,18,0,10,6,69,58,18,0,5,5,34,0,28,0,0,0,0,0,0,0,28,0,70,0,101,0,0,0,0,0,0,0,128,0,4,4,158,48,143
29606,245,106,1,12,13,13,24,0,9,3,13,13,23,0,9,3,16,15,31,0,9,3,51,84,74,0,4,3,31,23,21,0,0,0,0,0,0,0,0,0,72,89,96,0,0,0,0,0,0,0,0,0,4,2,128,55,131
29607,245,106,1,12,22,1,24,2,14,5,24,1,26,2,14,5,20,1,22,2,14,5,99,51,24,2,7,5,48,0,0,0,0,1,44,0,0,0,0,0,107,0,0,0,0,19,96,0,0,0,0,0,8,3,192,55,8
29608,233,106,1,12,13,1,21,2,14,3,13,1,21,2,14,3,13,1,21,2,14,3,86,63,21,2,7,3,36,0,0,0,0,21,0,36,0,0,0,0,62,0,0,0,0,128,0,75,0,0,0,0,5,4,90,51,129
29609,228,106,1,12,14,1,20,0,20,4,16,1,21,0,20,4,13,1,18,0,20,4,85,63,25,0,10,4,48,0,0,0,0,1,40,0,0,0,0,0,98,0,0,0,0,23,90,0,0,0,0,0,8,3,91,50,114
29610,228,106,1,11,19,13,24,1,12,5,19,14,24,1,12,5,19,13,24,1,12,5,94,104,92,1,6,5,54,28,19,0,46,1,0,46,0,0,0,0,89,91,65,0,107,77,0,95,0,0,0,0,9,4,115,55,42
29611,228,106,1,11,14,3,22,1,9,5,14,3,21,1,9,5,15,3,22,1,9,5,98,70,67,1,4,5,42,0,0,0,0,0,0,37,0,0,0,15,103,0,0,0,0,0,0,109,0,0,0,144,7,3,82,52,113
29612,240,106,1,11,15,1,20,1,14,5,16,1,21,1,14,5,14,1,19,1,14,5,75,63,20,1,7,5,46,27,21,0,0,0,0,0,0,0,0,0,99,112,118,0,0,0,0,0,0,0,0,0,7,3,138,50,83
29613,240,106,7,0,1,1,15,30,26,15,1,1,16,30,26,15,1,1,15,30,26,15,1,1,15,30,26,15,13,0,0,0,0,0,0,0,0,0,0,0,12,0,0,0,0,0,0,0,0,0,0,0,2,4,1,45,1
29614,15,-100,1,11,18,4,20,2,9,5,20,4,21,2,9,5,16,4,17,2,9,5,55,36,20,2,9,5,51,61,0,0,0,1,0,0,0,0,0,0,90,130,0,0,0,22,0,0,0,0,0,0,5,3,58,50,96
29615,14,-100,1,11,22,14,52,1,4,5,23,14,59,1,4,5,20,13,42,1,4,5,120,123,116,1,4,5,78,40,0,0,0,1,0,0,0,0,0,0,161,160,0,0,0,26,0,0,0,0,0,0,13,3,126,59,126
29616,16,-100,1,11,17,6,21,1,9,5,16,6,20,1,9,5,19,6,24,1,9,5,26,39,22,1,9,5,52,54,0,0,0,1,0,0,0,0,0,0,67,82,0,0,0,9,0,0,0,0,0,0,5,3,75,51,183
29617,329,108,1,12,13,3,19,0,15,5,14,3,20,0,15,5,13,3,18,0,15,5,70,67,21,0,10,5,44,27,20,0,0,7,0,0,0,0,0,0,89,78,75,0,0,87,0,0,0,0,0,0,7,3,165,49,120
29618,323,108,1,11,15,1,19,0,10,4,16,1,20,0,10,4,13,1,17,0,10,4,71,52,19,0,7,4,49,0,0,0,40,1,0,0,0,40,0,17,90,0,0,0,75,21,0,0,0,81,0,90,8,2,112,49,100
29619,334,108,4,0,1,1,14,30,20,15,1,1,15,30,20,15,1,1,14,30,20,15,1,1,14,30,20,15,12,0,0,0,0,0,0,0,0,0,0,0,12,0,0,0,0,0,0,0,0,0,0,0,2,3,1,44,1
29620,328,108,8,0,1,1,13,30,20,15,1,1,13,30,20,15,1,1,12,30,20,15,1,1,13,30,20,15,12,0,0,0,0,0,0,0,0,0,0,0,12,0,0,0,0,0,0,0,0,0,0,0,2,3,1,42,1
29621,327,108,2,0,1,1,15,30,20,15,1,1,16,30,20,15,1,1,15,30,20,15,1,1,15,30,20,15,12,0,0,0,0,0,0,0,0,0,0,0,12,0,0,0,0,0,0,0,0,0,0,0,2,3,1,45,1
29622,333,108,1,12,24,2,21,1,10,3,24,2,21,1,10,3,24,2,21,1,10,3,74,63,21,1,7,4,52,0,0,0,0,7,0,47,0,47,0,0,78,0,0,0,0,100,0,75,0,70,0,0,8,3,108,51,41
29623,326,108,8,0,1,1,15,30,20,15,1,1,15,30,20,15,1,1,16,30,20,15,1,1,15,30,20,15,12,0,0,0,0,0,0,0,0,0,0,0,12,0,0,0,0,0,0,0,0,0,0,0,2,3,1,45,1
29624,322,108,7,0,1,1,16,30,20,15,1,1,15,30,20,15,1,1,19,30,20,15,1,1,16,30,20,15,12,0,0,0,0,0,0,0,0,0,0,0,12,0,0,0,0,0,0,0,0,0,0,0,2,2,1,46,1
29625,325,108,6,0,1,1,14,30,20,15,1,1,15,30,20,15,1,1,14,30,20,15,1,1,14,30,20,15,12,0,0,0,0,0,0,0,0,0,0,0,12,0,0,0,0,0,0,0,0,0,0,0,2,4,1,44,11
29626,324,108,8,0,1,1,15,30,20,15,1,1,16,30,20,15,1,1,15,30,20,15,1,1,15,30,20,15,12,0,0,0,0,0,0,0,0,0,0,0,12,0,0,0,0,0,0,0,0,0,0,0,2,3,1,45,1
29627,331,108,7,0,1,1,14,30,20,15,1,1,14,30,20,15,1,1,13,30,20,15,1,1,14,30,20,15,12,0,0,0,0,0,0,0,0,0,0,0,12,0,0,0,0,0,0,0,0,0,0,0,2,3,1,43,6
29628,330,108,9,0,1,1,14,30,20,15,1,1,13,30,20,15,1,1,14,30,20,15,1,1,14,30,20,15,12,0,0,0,0,0,0,0,0,0,0,0,12,0,0,0,0,0,0,0,0,0,0,0,2,3,1,43,1
29629,332,108,7,11,20,3,18,1,12,5,20,3,18,1,12,5,20,3,19,1,12,5,88,64,18,1,8,5,70,0,38,0,0,1,0,0,0,0,0,0,117,0,156,0,0,14,0,0,0,0,0,0,10,4,195,48,65
29630,321,108,1,11,28,7,41,0,10,3,27,7,38,0,10,3,33,7,48,0,10,3,120,86,134,0,7,3,92,46,0,0,76,1,0,0,0,0,0,0,100,170,0,0,135,14,0,0,0,0,0,0,15,3,98,61,123
29631,343,108,1,12,22,2,18,1,10,4,21,2,17,1,10,4,24,2,20,1,10,4,88,67,18,1,7,4,41,47,0,0,0,25,0,0,0,0,0,0,64,124,0,0,0,98,0,0,0,0,0,0,5,3,129,48,150
29632,336,108,1,12,17,5,17,2,10,3,16,5,16,2,10,3,18,5,19,2,10,3,57,68,20,2,7,3,53,38,0,0,44,2,0,0,0,0,0,0,73,78,0,0,73,17,0,0,0,0,0,0,8,3,100,47,114
29633,335,108,1,12,27,4,23,1,12,3,28,4,23,1,12,3,27,4,23,1,12,3,103,82,24,1,8,2,73,0,0,0,0,37,0,0,0,0,0,0,111,0,0,0,0,145,0,0,0,0,0,0,10,3,36,53,100
29634,345,108,1,12,20,2,23,1,17,5,21,2,23,1,17,5,20,2,22,1,17,5,48,57,28,1,11,5,41,28,24,0,37,2,0,39,0,0,0,0,62,56,69,0,61,75,0,56,0,0,0,0,5,3,144,53,123
29635,337,108,4,0,1,1,14,30,20,15,1,1,15,30,20,15,1,1,14,30,20,15,1,1,14,30,20,15,12,0,0,0,0,0,0,0,0,0,0,0,12,0,0,0,0,0,0,0,0,0,0,0,2,3,1,44,1
29636,344,108,5,0,1,1,17,30,20,15,1,1,18,30,20,15,1,1,17,30,20,15,1,1,17,30,20,15,12,0,0,0,0,0,0,0,0,0,0,0,12,0,0,0,0,0,0,0,0,0,0,0,2,3,1,47,1
29637,339,108,1,11,18,3,18,2,10,5,19,3,19,2,10,5,17,3,17,2,10,5,78,67,22,2,7,5,60,32,21,0,0,1,0,0,0,0,0,0,102,38,107,0,0,102,0,0,0,0,0,0,10,3,88,47,42
29638,342,108,1,12,24,4,15,0,10,5,26,4,16,0,10,5,22,4,14,0,10,5,83,61,15,0,7,5,56,39,18,0,0,15,0,0,0,0,0,0,86,114,39,0,0,94,0,0,0,0,0,0,8,3,115,45,121
29639,340,108,8,0,1,1,18,30,20,15,1,1,18,30,20,15,1,1,19,30,20,15,1,1,18,30,20,15,12,0,0,0,0,0,0,0,0,0,0,0,12,0,0,0,0,0,0,0,0,0,0,0,2,3,1,48,1
29640,346,108,6,0,1,1,17,30,20,15,1,1,18,30,20,15,1,1,17,30,20,15,1,1,17,30,20,15,12,0,0,0,0,0,0,0,0,0,0,0,12,0,0,0,0,0,0,0,0,0,0,0,2,3,1,47,9
29641,341,108,1,12,32,2,18,1,13,3,32,2,18,1,13,3,31,2,18,1,13,3,83,58,21,1,9,3,60,0,50,0,0,41,0,0,0,0,0,0,96,0,117,0,0,26,0,0,0,0,0,0,7,3,114,48,167
29642,348,108,4,0,1,1,17,30,20,15,1,1,18,30,20,15,1,1,17,30,20,15,1,1,17,30,20,15,12,0,0,0,0,0,0,0,0,0,0,0,12,0,0,0,0,0,0,0,0,0,0,0,2,3,1,47,1
29643,347,108,1,12,15,1,13,0,13,5,15,1,13,0,13,5,15,1,13,0,13,5,42,53,13,0,9,5,40,0,17,0,31,6,0,0,0,0,0,0,69,0,55,0,49,57,0,0,0,0,0,0,6,3,113,42,168
29644,338,108,7,0,1,1,14,30,20,15,1,1,14,30,20,15,1,1,13,30,20,15,1,1,14,30,20,15,12,0,0,0,0,0,0,0,0,0,0,0,12,0,0,0,0,0,0,0,0,0,0,0,2,3,1,43,1
29645,329,108,1,12,16,3,18,1,10,5,16,3,19,1,10,5,16,3,18,1,10,5,61,68,18,0,7,5,45,37,18,0,40,25,0,0,0,0,13,0,68,87,34,0,63,78,0,0,0,0,66,0,6,4,100,48,24
29646,323,108,1,11,18,2,23,0,13,6,17,2,22,0,13,6,21,3,28,0,13,6,69,67,32,0,9,6,55,35,0,0,42,6,0,0,0,0,0,0,89,91,0,0,47,104,0,0,0,0,0,0,8,2,77,54,103
29647,334,108,2,0,1,1,13,30,20,15,1,1,13,30,20,15,1,1,12,30,20,15,1,1,13,30,20,15,12,0,0,0,0,0,0,0,0,0,0,0,12,0,0,0,0,0,0,0,0,0,0,0,2,3,1,42,1
29648,328,108,1,11,17,2,24,0,10,3,18,2,25,0,10,3,17,2,24,0,10,3,70,64,32,0,7,3,49,27,25,0,39,9,0,0,0,0,9,0,78,86,81,0,50,86,0,0,0,0,87,0,7,3,181,55,154
29649,327,108,1,11,16,3,24,1,16,7,16,3,24,1,16,7,16,3,24,1,16,7,76,68,32,1,10,7,0,0,30,0,0,0,0,45,0,38,0,35,0,0,103,0,0,0,0,80,0,69,0,101,7,3,111,54,143
29650,333,108,9,0,1,1,14,30,20,15,1,1,14,30,20,15,1,1,15,30,20,15,1,1,14,30,20,15,12,0,0,0,0,0,0,0,0,0,0,0,12,0,0,0,0,0,0,0,0,0,0,0,2,3,1,44,1
29651,326,108,4,0,1,1,15,30,20,15,1,1,16,30,20,15,1,1,15,30,20,15,1,1,15,30,20,15,12,0,0,0,0,0,0,0,0,0,0,0,12,0,0,0,0,0,0,0,0,0,0,0,2,3,1,45,1
29652,322,108,5,0,1,1,15,30,20,15,1,1,16,30,20,15,1,1,15,30,20,15,1,1,15,30,20,15,12,0,0,0,0,0,0,0,0,0,0,0,12,0,0,0,0,0,0,0,0,0,0,0,2,3,1,45,1
29653,325,108,1,11,17,3,22,1,14,2,18,4,23,1,14,2,16,3,21,1,14,2,98,70,34,1,9,3,59,28,28,0,0,0,0,0,0,0,0,0,113,132,138,0,0,0,0,0,0,0,0,0,9,3,137,52,61
29654,324,108,1,11,21,4,21,1,10,5,21,4,20,1,10,5,23,4,22,1,10,5,104,82,21,0,7,5,69,0,0,0,0,20,0,0,0,0,0,44,107,0,0,0,0,146,0,0,0,0,0,141,10,3,113,51,144
29655,331,108,9,0,1,1,17,30,20,15,1,1,18,30,20,15,1,1,17,30,20,15,1,1,17,30,20,15,12,0,0,0,0,0,0,0,0,0,0,0,12,0,0,0,0,0,0,0,0,0,0,0,2,3,1,47,1
29656,330,108,2,11,16,5,20,2,10,5,16,5,20,2,10,5,15,5,19,2,10,5,70,67,20,2,7,5,0,25,0,0,0,0,0,41,0,43,0,22,0,93,0,0,0,0,0,78,0,80,0,93,8,3,120,50,91
29657,332,108,1,11,17,2,23,0,14,3,17,2,23,0,14,3,17,2,22,0,14,3,93,63,23,0,9,3,60,0,21,0,0,1,0,49,0,0,0,0,105,0,118,0,0,123,0,61,0,0,0,0,10,4,63,53,200
29658,321,108,7,0,1,1,18,30,20,15,1,1,19,30,20,15,1,1,18,30,20,15,1,1,18,30,20,15,12,0,0,0,0,0,0,0,0,0,0,0,12,0,0,0,0,0,0,0,0,0,0,0,2,3,1,48,1
29659,343,108,1,11,21,3,32,1,10,5,22,3,35,1,10,5,20,3,28,1,10,5,90,73,46,1,7,5,60,32,0,0,0,1,0,0,0,57,0,0,100,56,53,0,0,115,0,0,0,98,0,0,10,3,166,60,60
29660,336,108,7,0,1,1,15,30,20,15,1,1,15,30,20,15,1,1,16,30,20,15,1,1,15,30,20,15,13,0,0,0,0,0,0,0,0,0,0,0,12,0,0,0,0,0,0,0,0,0,0,0,2,3,1,45,1
29661,335,108,8,0,1,1,15,30,20,15,1,1,15,30,20,15,1,1,16,30,20,15,1,1,15,30,20,15,12,0,0,0,0,0,0,0,0,0,0,0,12,0,0,0,0,0,0,0,0,0,0,0,2,3,1,45,1
29662,345,108,1,13,27,3,19,1,10,5,34,3,22,1,10,5,21,3,16,1,10,5,108,64,51,1,7,5,69,34,0,0,0,1,0,0,0,0,0,0,122,56,0,0,0,141,0,0,0,0,0,0,11,2,130,48,38
29663,337,108,1,12,25,2,12,1,10,5,24,2,12,1,10,5,26,2,12,1,10,5,103,31,12,1,7,5,60,0,39,0,0,7,0,0,0,0,0,0,112,0,143,0,0,13,0,0,0,0,0,0,8,3,162,41,49
29664,344,108,1,11,17,4,18,0,10,5,17,4,19,0,10,5,16,4,18,0,10,5,85,64,19,0,7,5,52,0,38,0,0,17,0,0,0,0,0,0,86,0,117,0,0,130,0,0,0,0,0,0,7,4,81,48,104
29665,339,108,6,12,21,3,15,2,10,5,22,3,16,2,10,5,20,3,14,2,10,5,77,46,23,2,7,5,62,31,25,0,0,1,0,0,0,0,0,0,91,47,97,0,0,98,0,0,0,0,0,0,10,3,147,45,195
29666,342,108,7,0,1,1,13,30,20,15,1,1,12,30,20,15,1,1,13,30,20,15,1,1,13,30,20,15,12,0,0,0,0,0,0,0,0,0,0,0,12,0,0,0,0,0,0,0,0,0,0,0,2,4,1,42,1
29667,340,108,5,0,1,1,14,30,20,15,1,1,14,30,20,15,1,1,13,30,20,15,1,1,14,30,20,15,12,0,0,0,0,0,0,0,0,0,0,0,12,0,0,0,0,0,0,0,0,0,0,0,2,3,1,43,1
29668,346,108,1,12,21,2,18,1,12,3,22,2,19,1,12,3,20,2,17,1,12,3,57,58,18,1,8,3,45,35,0,0,36,22,0,0,0,0,0,0,67,80,0,0,62,89,0,0,0,0,0,0,5,3,117,48,116
29669,341,108,6,0,1,1,16,30,20,15,1,1,17,30,20,15,1,1,16,30,20,15,1,1,16,30,20,15,12,0,0,0,0,0,0,0,0,0,0,0,12,0,0,0,0,0,0,0,0,0,0,0,2,4,1,46,4
29670,348,108,2,0,1,1,16,30,20,15,1,1,17,30,20,15,1,1,16,30,20,15,1,1,16,30,20,15,12,0,0,0,0,0,0,0,0,0,0,0,12,0,0,0,0,0,0,0,0,0,0,0,2,4,1,46,1
29671,347,108,1,11,25,12,26,1,7,2,25,12,26,1,7,2,25,12,26,1,7,2,112,134,94,1,4,2,84,0,29,0,0,1,0,0,0,67,0,0,140,0,100,0,0,103,0,0,0,131,0,0,14,3,139,55,90
29672,338,108,1,12,20,10,18,0,10,5,20,11,18,0,10,5,19,10,18,0,10,5,61,66,21,0,7,5,44,31,27,0,41,1,0,0,0,0,0,0,64,73,81,0,66,63,0,0,0,0,0,0,6,4,84,48,100
29673,323,108,1,12,43,19,18,0,10,5,42,19,18,0,10,5,46,19,19,0,10,5,69,59,18,0,7,5,74,0,52,0,0,62,0,0,0,0,0,0,91,0,85,0,0,89,0,0,0,0,0,0,9,4,164,48,43
29674,323,108,1,11,35,12,19,0,10,5,34,11,18,0,10,5,38,13,19,0,10,5,71,59,19,0,7,5,57,56,64,0,0,57,0,0,0,0,0,0,77,85,103,0,0,101,0,0,0,0,0,0,6,3,136,49,123
29675,327,108,1,12,41,17,21,2,10,5,48,18,23,2,10,5,33,17,18,2,10,5,74,68,22,2,7,5,78,38,0,0,0,56,0,0,0,0,0,0,95,47,0,0,0,99,0,0,0,0,0,0,10,2,174,51,67
29676,326,108,1,12,29,22,20,0,10,5,32,23,21,0,10,5,27,21,19,0,10,5,77,68,20,0,7,5,77,62,0,0,0,47,0,0,0,0,0,0,98,101,0,0,0,97,0,0,0,0,0,0,10,4,154,50,141
29677,326,108,1,12,46,1,21,1,17,5,47,1,22,1,17,5,45,1,21,1,17,5,84,30,21,1,11,5,0,40,0,0,0,55,0,0,0,78,0,0,0,42,0,0,0,106,0,0,0,98,0,0,12,3,112,51,122
29678,0,0,1,12,46,15,17,1,16,5,42,14,16,1,16,5,55,16,19,1,16,5,83,63,17,1,10,5,79,62,0,0,0,0,0,0,0,0,0,0,105,110,0,0,0,0,0,0,0,0,0,0,9,4,44,46,138
29679,0,0,8,0,1,1,14,30,20,15,1,1,15,30,20,15,1,1,14,30,20,15,1,1,14,30,20,15,12,0,0,0,0,0,0,0,0,0,0,0,12,0,0,0,0,0,0,0,0,0,0,0,2,4,1,44,1
29680,324,108,2,0,1,1,14,30,20,15,1,1,14,30,20,15,1,1,13,30,20,15,1,1,14,30,20,15,12,0,0,0,0,0,0,0,0,0,0,0,12,0,0,0,0,0,0,0,0,0,0,0,2,3,1,43,1
29681,324,108,5,0,1,1,16,30,20,15,1,1,17,30,20,15,1,1,16,30,20,15,1,1,16,30,20,15,12,0,0,0,0,0,0,0,0,0,0,0,12,0,0,0,0,0,0,0,0,0,0,0,2,3,1,46,1
29682,330,108,1,11,40,26,22,1,5,5,40,26,21,1,5,5,41,26,22,1,5,5,96,123,21,1,3,5,0,33,72,0,0,60,0,0,0,65,0,0,0,38,123,0,0,132,0,0,0,85,0,0,9,3,169,51,135
29683,332,108,1,12,41,14,19,0,16,5,40,14,19,0,16,5,42,14,19,0,16,5,89,59,19,0,10,5,67,0,77,0,0,48,0,53,0,0,0,0,73,0,126,0,0,91,0,57,0,0,0,0,10,3,126,49,100
29684,343,108,6,0,1,1,14,30,20,15,1,1,14,30,20,15,1,1,13,30,20,15,1,1,14,30,20,15,12,0,0,0,0,0,0,0,0,0,0,0,12,0,0,0,0,0,0,0,0,0,0,0,2,3,1,43,1
29685,0,0,1,12,61,13,25,1,10,5,58,14,24,1,10,5,63,13,25,1,10,5,115,63,31,0,7,5,92,0,80,0,0,8,0,0,0,0,0,0,123,0,151,0,0,17,0,0,0,0,0,0,10,3,156,55,159
29686,345,108,2,0,1,1,16,30,20,15,1,1,17,30,20,15,1,1,16,30,20,15,1,1,16,30,20,15,12,0,0,0,0,0,0,0,0,0,0,0,12,0,0,0,0,0,0,0,0,0,0,0,2,3,1,46,1
29687,344,108,1,11,36,16,24,1,13,5,36,16,24,1,13,5,34,16,23,1,13,5,94,66,31,0,9,5,84,0,51,0,0,40,0,55,0,0,0,0,116,0,112,0,0,127,0,59,0,0,0,0,11,4,79,55,165
29688,344,108,1,12,38,8,16,0,17,5,35,8,16,0,17,5,39,8,17,0,17,5,75,56,16,0,11,5,66,0,62,0,0,0,0,0,0,0,0,0,86,0,114,0,0,0,0,0,0,0,0,0,8,4,76,46,136
29689,339,108,1,12,72,2,19,1,10,5,83,2,21,1,10,5,58,2,16,1,10,5,131,34,18,1,7,5,0,93,0,0,0,5,0,0,0,89,0,0,0,157,0,0,0,9,0,0,0,126,0,0,14,2,64,48,60
29690,346,108,1,11,41,16,18,0,14,5,41,16,18,0,14,5,41,17,18,0,14,5,84,64,24,0,9,5,68,0,0,0,62,58,0,57,0,0,0,0,90,0,0,0,88,113,0,81,0,0,0,0,7,3,106,48,184
29691,341,108,1,12,55,10,14,1,13,5,54,10,14,1,13,5,56,10,14,1,13,5,84,55,16,1,9,5,80,0,74,0,0,10,0,0,0,0,64,0,94,0,104,0,0,17,0,0,0,0,108,0,9,3,148,44,99
29692,348,108,9,0,1,1,16,30,20,15,1,1,16,30,20,15,1,1,17,30,20,15,1,1,16,30,20,15,12,0,0,0,0,0,0,0,0,0,0,0,12,0,0,0,0,0,0,0,0,0,0,0,2,4,1,46,1
29693,20,-100,1,11,23,8,49,0,6,3,23,8,51,0,6,3,23,8,46,0,6,3,103,63,116,0,6,3,76,0,30,0,0,34,0,0,0,0,0,0,141,0,115,0,0,106,0,0,0,0,0,0,10,3,123,62,191
29694,30,-100,1,11,18,5,25,1,7,5,18,5,25,1,7,5,18,5,25,1,7,5,50,52,32,1,7,5,46,0,0,0,0,66,34,0,0,0,0,0,72,0,0,0,0,139,65,0,0,0,0,0,4,4,84,56,119
29695,22,-100,6,0,1,1,14,30,13,15,1,1,15,30,13,15,1,1,14,30,13,15,1,1,14,30,13,15,12,0,0,0,0,0,0,0,0,0,0,0,12,0,0,0,0,0,0,0,0,0,0,0,2,3,1,44,1
29696,22,-100,5,0,1,1,13,30,13,15,1,1,13,30,13,15,1,1,13,30,13,15,1,1,13,30,13,15,13,0,0,0,0,0,0,0,0,0,0,0,12,0,0,0,0,0,0,0,0,0,0,0,2,4,1,42,1
29697,18,-100,1,11,23,6,22,0,8,3,23,6,22,0,8,3,22,6,21,0,8,3,39,40,23,0,8,3,52,0,48,0,0,22,0,48,0,0,0,0,61,0,66,0,0,62,0,54,0,0,0,0,6,3,56,52,193
29698,8,-100,1,11,22,9,42,1,4,2,22,9,45,1,4,2,22,9,39,1,4,2,191,112,110,1,4,2,96,0,0,0,0,3,0,77,0,0,0,0,182,0,0,0,0,27,0,180,0,0,0,0,16,3,195,58,37
29699,28,-100,6,0,1,1,16,30,13,15,1,1,17,30,13,15,1,1,16,30,13,15,1,1,16,30,13,15,12,0,0,0,0,0,0,0,0,0,0,0,12,0,0,0,0,0,0,0,0,0,0,0,2,4,1,46,1
29700,13,-100,2,0,1,1,16,30,13,15,1,1,17,30,13,15,1,1,16,30,13,15,1,1,16,30,13,15,12,0,0,0,0,0,0,0,0,0,0,0,12,0,0,0,0,0,0,0,0,0,0,0,2,3,1,46,1
29701,6,-100,8,0,1,1,13,30,13,15,1,1,13,30,13,15,1,1,13,30,13,15,1,1,13,30,13,15,12,0,0,0,0,0,0,0,0,0,0,0,12,0,0,0,0,0,0,0,0,0,0,0,2,4,1,42,1
29702,10,-100,1,11,21,7,25,0,7,5,21,7,25,0,7,5,22,7,25,0,7,5,105,79,60,0,7,5,0,31,0,0,64,33,0,0,0,63,0,0,0,52,0,0,111,137,0,0,0,109,0,0,10,4,53,53,117
29703,21,-100,9,0,1,1,13,30,13,15,1,1,13,30,13,15,1,1,12,30,13,15,1,1,13,30,13,15,12,0,0,0,0,0,0,0,0,0,0,0,12,0,0,0,0,0,0,0,0,0,0,0,2,3,1,42,1
29704,6,-100,6,0,1,1,11,30,13,15,1,1,11,30,13,15,1,1,10,30,13,15,1,1,11,30,13,15,12,0,0,0,0,0,0,0,0,0,0,0,12,0,0,0,0,0,0,0,0,0,0,0,2,3,1,40,1
29705,21,-100,2,0,1,1,18,30,13,15,1,1,19,30,13,15,1,1,18,30,13,15,1,1,18,30,13,15,12,0,0,0,0,0,0,0,0,0,0,0,12,0,0,0,0,0,0,0,0,0,0,0,2,3,1,48,1
29706,5,-100,8,0,1,1,14,30,13,15,1,1,15,30,13,15,1,1,14,30,13,15,1,1,14,30,13,15,13,0,0,0,0,0,0,0,0,0,0,0,12,0,0,0,0,0,0,0,0,0,0,0,2,4,1,44,1
29707,5,-100,8,0,1,1,16,30,13,15,1,1,17,30,13,15,1,1,16,30,13,15,1,1,16,30,13,15,12,0,0,0,0,0,0,0,0,0,0,0,12,0,0,0,0,0,0,0,0,0,0,0,2,4,1,46,3
29708,25,-100,9,0,1,1,14,30,13,15,1,1,13,30,13,15,1,1,14,30,13,15,1,1,14,30,13,15,12,0,0,0,0,0,0,0,0,0,0,0,12,0,0,0,0,0,0,0,0,0,0,0,2,3,1,43,1
29709,14,-100,6,0,1,1,14,30,13,15,1,1,14,30,13,15,1,1,13,30,13,15,1,1,14,30,13,15,12,0,0,0,0,0,0,0,0,0,0,0,12,0,0,0,0,0,0,0,0,0,0,0,2,3,1,43,1
29710,12,-100,3,0,1,1,14,30,13,15,1,1,15,30,13,15,1,1,14,30,13,15,1,1,14,30,13,15,12,0,0,0,0,0,0,0,0,0,0,0,12,0,0,0,0,0,0,0,0,0,0,0,2,3,1,44,1
29711,9,-100,1,11,22,10,45,0,3,5,23,10,51,0,3,5,20,9,38,0,3,5,112,123,110,0,3,5,72,37,25,0,0,0,0,0,0,0,0,0,142,140,142,0,0,0,0,0,0,0,0,0,12,3,148,58,134
29712,6,-100,6,0,1,1,14,30,13,15,1,1,15,30,13,15,1,1,14,30,13,15,1,1,14,30,13,15,12,0,0,0,0,0,0,0,0,0,0,0,12,0,0,0,0,0,0,0,0,0,0,0,2,3,1,44,1
29713,7,-100,5,0,1,1,15,30,13,15,1,1,16,30,13,15,1,1,15,30,13,15,1,3,15,30,13,15,12,0,0,0,0,0,0,0,0,0,0,0,12,0,0,0,0,0,0,0,0,0,0,0,2,3,1,45,1
29714,29,-100,9,0,1,1,17,30,13,15,1,1,17,30,13,15,1,1,18,30,13,15,1,1,17,30,13,15,12,0,0,0,0,0,0,0,0,0,0,0,12,0,0,0,0,0,0,0,0,0,0,0,2,3,1,47,1
29715,20,-100,6,0,1,1,13,30,13,15,1,1,13,30,13,15,1,1,13,30,13,15,1,1,13,30,13,15,12,0,0,0,0,0,0,0,0,0,0,0,12,0,0,0,0,0,0,0,0,0,0,0,2,4,1,42,1
29716,18,-100,4,0,1,1,14,30,13,15,1,1,15,30,13,15,1,1,12,30,13,15,1,1,14,30,13,15,12,0,0,0,0,0,0,0,0,0,0,0,12,0,0,0,0,0,0,0,0,0,0,0,2,2,1,43,1
29717,12,-100,6,0,1,1,17,30,13,15,1,1,17,30,13,15,1,1,17,30,13,15,1,1,16,30,13,15,12,0,0,0,0,0,0,0,0,0,0,0,12,0,0,0,0,0,0,0,0,0,0,0,2,4,1,46,1
29718,29,-100,4,0,2,1,17,30,13,15,2,1,18,30,13,15,2,1,17,30,13,15,2,1,17,30,13,15,18,0,0,0,0,0,0,0,0,0,0,0,18,0,0,0,0,0,0,0,0,0,0,0,3,4,1,47,1
29719,27,-100,9,0,1,1,15,30,13,15,1,1,15,30,13,15,1,1,18,30,13,15,1,1,15,30,13,15,12,0,0,0,0,0,0,0,0,0,0,0,12,0,0,0,0,0,0,0,0,0,0,0,2,2,1,45,1
29720,19,-100,3,0,1,1,12,30,13,15,1,1,11,30,13,15,1,1,12,30,13,15,1,6,12,30,13,15,12,0,0,0,0,0,0,0,0,0,0,0,12,0,0,0,0,0,0,0,0,0,0,0,2,3,1,41,1
29721,6,-100,4,0,1,1,11,30,13,15,1,1,11,30,13,15,1,1,11,30,13,15,1,1,11,30,13,15,12,0,0,0,0,0,0,0,0,0,0,0,12,0,0,0,0,0,0,0,0,0,0,0,2,4,1,40,1
29722,17,-100,9,0,1,1,16,30,13,15,1,1,16,30,13,15,1,1,17,30,13,15,1,1,16,30,13,15,13,0,0,0,0,0,0,0,0,0,0,0,12,0,0,0,0,0,0,0,0,0,0,0,2,3,1,46,1
29723,8,-100,1,11,29,9,24,1,7,6,33,10,26,1,7,6,25,9,21,1,7,6,88,63,55,1,7,5,79,56,0,0,0,25,0,0,0,0,0,0,108,114,0,0,0,128,0,0,0,0,0,0,10,3,202,52,144
29724,25,-100,2,0,1,1,11,30,13,15,1,1,11,30,13,15,1,1,10,30,13,15,1,1,11,30,13,15,12,0,0,0,0,0,0,0,0,0,0,0,12,0,0,0,0,0,0,0,0,0,0,0,2,3,1,40,1
29725,3,-100,6,0,1,1,13,30,13,15,1,1,13,30,13,15,1,1,13,30,13,15,1,1,13,30,13,15,12,0,0,0,0,0,0,0,0,0,0,0,12,0,0,0,0,0,0,0,0,0,0,0,2,4,1,42,1
29726,22,-100,1,11,17,6,18,0,7,4,16,6,18,0,7,4,17,6,19,0,7,4,35,42,23,0,7,4,44,0,47,0,0,0,0,0,0,0,38,0,51,0,78,0,0,0,0,0,0,0,79,0,5,4,97,48,46
29727,17,-100,1,11,17,6,19,1,7,4,17,6,19,1,7,4,16,6,18,1,7,4,47,58,19,1,7,4,43,40,0,0,41,22,0,0,0,0,0,0,65,79,0,0,64,86,0,0,0,0,0,0,5,4,102,49,113
29728,19,-100,1,11,20,6,17,0,7,5,22,6,19,0,7,5,19,6,15,0,7,5,60,64,18,0,7,5,61,55,0,0,0,1,0,0,0,0,0,0,96,120,0,0,0,14,0,0,0,0,0,0,7,3,198,47,185
29729,5,-100,8,0,1,1,14,30,13,15,1,1,14,30,13,15,1,1,15,30,13,15,1,1,14,30,13,15,12,0,0,0,0,0,0,0,0,0,0,0,12,0,0,0,0,0,0,0,0,0,0,0,2,3,1,44,10
29730,13,-100,1,11,21,6,14,1,9,5,23,6,15,1,9,5,18,6,12,1,9,5,41,50,14,1,9,5,51,74,0,0,26,29,0,0,0,0,0,0,67,102,0,0,27,91,0,0,0,0,0,0,4,2,133,43,20
29731,29,-100,2,0,1,1,14,30,13,15,1,1,15,30,13,15,1,1,14,30,13,15,1,1,14,30,13,15,12,0,0,0,0,0,0,0,0,0,0,0,12,0,0,0,0,0,0,0,0,0,0,0,2,3,1,44,1
29732,6,-100,1,11,28,9,24,0,7,5,29,9,25,0,7,5,27,9,24,0,7,5,85,62,24,0,7,5,56,48,44,0,0,14,0,54,0,0,0,44,79,86,88,0,0,102,0,72,0,0,0,96,7,4,94,55,14
29733,83,102,1,12,108,78,35,0,10,3,121,84,46,0,10,3,93,69,26,0,10,3,108,80,37,0,10,3,116,145,0,0,0,0,0,0,0,0,0,0,115,146,0,0,0,0,0,0,0,0,0,0,10,3,192,51,49
29734,15,-100,1,11,18,6,20,1,9,4,19,6,21,1,9,4,17,6,19,1,9,4,35,62,20,1,9,4,44,51,54,0,0,1,0,0,0,0,0,0,61,83,85,0,0,17,0,0,0,0,0,0,4,3,139,50,148
29735,25,-100,1,11,18,7,35,1,7,5,18,7,35,1,7,5,18,7,35,1,7,5,31,47,41,1,7,5,44,0,36,0,44,36,42,0,0,0,0,0,56,0,56,0,58,60,51,0,0,0,0,0,5,4,63,61,15
29736,11,-100,1,11,20,5,23,1,7,3,20,5,23,1,7,3,21,6,24,1,7,3,97,63,31,1,7,3,0,0,0,0,48,4,0,0,0,45,0,49,0,0,0,0,83,111,0,0,0,75,0,130,6,3,145,53,181
29737,7,-100,9,0,1,1,13,30,13,15,1,1,12,30,13,15,1,1,13,30,13,15,1,1,13,30,13,15,12,0,0,0,0,0,0,0,0,0,0,0,12,0,0,0,0,0,0,0,0,0,0,0,2,3,1,42,1
29738,19,-100,4,0,1,1,14,30,13,15,1,1,15,30,13,15,1,1,14,30,13,15,1,1,14,30,13,15,12,0,0,0,0,0,0,0,0,0,0,0,12,0,0,0,0,0,0,0,0,0,0,0,2,3,1,44,1
29739,23,-100,1,11,24,5,23,2,7,5,24,5,23,2,7,5,23,5,22,2,7,5,91,55,23,2,7,5,64,0,50,0,0,55,0,0,0,0,0,0,86,0,100,0,0,156,0,0,0,0,0,0,8,4,102,54,150
29740,10,-100,1,11,20,7,17,1,7,4,22,7,18,1,7,4,19,7,16,1,7,4,75,68,17,1,7,4,64,50,0,0,0,3,0,0,0,0,0,0,118,136,0,0,0,23,0,0,0,0,0,0,9,4,155,47,29
29741,30,-100,8,0,1,1,14,30,13,15,1,1,14,30,13,15,1,1,13,30,13,15,1,1,14,30,13,15,13,0,0,0,0,0,0,0,0,0,0,0,12,0,0,0,0,0,0,0,0,0,0,0,2,3,1,43,1
29742,23,-100,1,11,20,9,19,0,7,5,21,9,19,0,7,5,20,9,19,0,7,5,78,62,24,0,7,5,58,0,18,0,0,50,0,0,0,0,0,0,86,0,111,0,0,121,0,0,0,0,0,0,7,3,78,49,116
29743,3,-100,1,11,21,6,22,1,7,4,20,6,21,1,7,4,22,6,23,1,7,4,88,46,22,1,7,4,0,0,50,0,0,7,0,0,0,59,0,0,0,0,133,0,0,20,0,0,0,113,0,0,7,4,62,52,5
29744,15,-100,8,0,1,1,14,30,13,15,1,1,13,30,13,15,1,1,14,30,13,15,1,1,14,30,13,15,12,0,0,0,0,0,0,0,0,0,0,0,12,0,0,0,0,0,0,0,0,0,0,0,2,3,1,43,1
29745,4,-100,2,0,1,1,13,30,13,15,1,1,13,30,13,15,1,1,12,30,13,15,1,1,13,30,13,15,12,0,0,0,0,0,0,0,0,0,0,0,12,0,0,0,0,0,0,0,0,0,0,0,2,3,1,42,1
29746,28,-100,9,0,1,1,13,30,13,15,1,1,12,30,13,15,1,1,13,30,13,15,1,1,13,30,13,15,12,0,0,0,0,0,0,0,0,0,0,0,12,0,0,0,0,0,0,0,0,0,0,0,2,3,1,42,1
29747,30,-100,1,11,17,6,21,0,9,4,16,7,20,0,9,4,17,6,21,0,9,4,47,66,21,0,9,4,49,0,66,0,0,1,0,0,0,0,0,0,80,0,139,0,0,22,0,0,0,0,0,0,4,4,156,51,102
29748,8,-100,6,0,1,1,16,30,13,15,1,1,17,30,13,15,1,1,16,30,13,15,1,1,16,30,13,15,12,0,0,0,0,0,0,0,0,0,0,0,12,0,0,0,0,0,0,0,0,0,0,0,2,3,1,46,1
29749,29,-100,1,11,16,5,23,1,9,5,15,5,22,1,9,5,17,6,25,1,9,5,47,62,23,1,9,5,48,0,0,0,0,1,48,0,0,0,0,0,90,0,0,0,0,22,83,0,0,0,0,0,5,4,163,54,136
29750,7,-100,1,11,17,8,21,0,7,5,17,8,21,0,7,5,17,8,20,0,7,5,46,51,21,0,7,5,57,0,83,0,0,1,0,0,0,0,0,0,92,0,152,0,0,4,0,0,0,0,0,0,3,3,93,51,197
29751,5,-100,1,11,20,9,20,1,10,5,20,9,19,1,10,5,21,9,20,1,10,5,69,63,20,0,10,5,58,0,55,0,0,1,0,0,0,0,0,0,102,0,142,0,0,13,0,0,0,0,0,0,6,4,149,50,58
29752,25,-100,1,11,11,6,21,2,9,4,11,6,21,2,9,4,11,6,21,2,9,4,27,41,21,2,9,4,0,18,0,0,0,10,0,0,0,49,0,0,0,92,0,0,0,20,0,0,0,72,0,0,4,4,120,51,159
29753,8,-100,8,0,1,1,16,30,13,15,1,1,17,30,13,15,1,1,16,30,13,15,1,1,16,30,13,15,12,0,0,0,0,0,0,0,0,0,0,0,12,0,0,0,0,0,0,0,0,0,0,0,2,4,1,46,1
29754,10,-100,9,0,1,1,14,30,13,15,1,1,14,30,13,15,1,1,13,30,13,15,1,1,14,30,13,15,12,0,0,0,0,0,0,0,0,0,0,0,12,0,0,0,0,0,0,0,0,0,0,0,2,3,1,43,1
29755,2,-100,1,11,22,6,17,0,9,4,22,6,17,0,9,4,23,6,17,0,9,4,64,68,19,0,9,4,60,0,63,0,0,2,0,0,0,0,0,0,88,0,134,0,0,15,0,0,0,0,0,0,6,3,181,47,64
29756,3,-100,1,11,21,8,21,1,7,6,23,9,22,1,7,6,20,8,19,1,7,6,68,61,21,1,7,5,0,29,36,0,0,3,0,51,0,50,0,0,0,90,87,0,0,12,0,77,0,75,0,0,8,2,134,51,122
29757,10,-100,1,11,18,6,31,0,7,3,19,6,37,0,7,3,17,5,27,0,7,3,81,67,31,0,7,3,48,0,14,0,0,0,42,0,0,0,0,41,76,0,113,0,0,0,56,0,0,0,0,110,6,3,156,60,15
29758,23,-100,2,0,1,1,14,30,13,15,1,1,15,30,13,15,1,1,14,30,13,15,1,1,14,30,13,15,12,0,0,0,0,0,0,0,0,0,0,0,12,0,0,0,0,0,0,0,0,0,0,0,2,3,1,44,1
29759,23,-100,1,11,27,5,17,2,7,5,24,5,16,2,7,5,36,6,20,2,7,5,68,61,17,1,7,5,71,71,0,0,0,1,0,0,0,0,0,0,107,125,0,0,0,15,0,0,0,0,0,0,6,3,52,47,176
29760,1,-100,1,11,16,9,18,1,11,5,16,9,18,1,11,5,17,9,18,1,11,5,53,67,22,1,11,5,53,0,34,0,0,0,0,0,0,0,8,0,82,0,85,0,0,0,0,0,0,0,89,0,7,3,101,48,149
29761,6,-100,1,11,15,6,21,2,10,5,15,6,22,2,10,5,15,6,21,2,10,5,21,52,22,2,10,5,32,26,0,0,39,60,0,0,0,0,0,0,43,59,0,0,52,82,0,0,0,0,0,0,2,3,190,51,37
29762,6,100,1,13,206,66,98,2,11,4,210,66,98,2,11,4,199,66,96,2,11,4,205,61,98,2,11,4,165,0,0,0,0,193,0,0,0,0,0,0,163,0,0,0,0,193,0,0,0,0,0,0,17,3,153,60,188
29763,24,-100,1,11,20,5,17,0,7,3,20,5,17,0,7,3,21,6,18,0,7,3,82,56,20,0,7,3,50,45,43,0,0,0,0,0,0,0,0,0,88,116,124,0,0,0,0,0,0,0,0,0,6,4,186,47,180
29764,1,-100,5,0,1,1,15,30,13,15,1,1,16,30,13,15,1,1,15,30,13,15,1,1,15,30,13,15,12,0,0,0,0,0,0,0,0,0,0,0,12,0,0,0,0,0,0,0,0,0,0,0,2,3,1,45,1
29765,18,-100,1,11,20,6,15,0,7,5,20,6,16,0,7,5,20,6,15,0,7,5,77,64,15,0,7,5,54,26,0,0,48,35,0,0,0,0,0,0,82,37,0,0,80,111,0,0,0,0,0,0,7,3,150,45,114
29766,13,-100,1,11,14,6,23,0,9,5,13,7,23,0,9,5,14,6,24,0,9,5,29,62,23,0,9,5,46,0,50,0,0,1,0,0,0,0,0,0,74,0,107,0,0,19,0,0,0,0,0,0,4,4,163,54,28
29767,25,-100,1,11,16,7,22,1,7,4,16,7,22,1,7,4,16,8,22,1,7,4,62,58,23,1,7,4,57,0,32,0,0,1,0,0,0,0,0,0,105,0,117,0,0,19,0,0,0,0,0,0,8,3,123,52,153
29768,4,-100,1,11,15,6,18,0,7,5,16,7,19,0,7,5,14,6,16,0,7,5,46,62,18,0,7,5,48,57,0,0,0,1,0,0,0,0,0,0,87,129,0,0,0,20,0,0,0,0,0,0,4,4,121,48,87
29769,14,-100,1,11,17,6,22,0,6,5,17,6,21,0,6,5,18,6,22,0,6,5,67,66,22,0,6,5,0,0,43,0,0,1,0,0,0,52,0,0,0,0,128,0,0,11,0,0,0,96,0,0,7,3,115,52,81
29770,9,-100,1,11,17,6,25,2,7,5,16,6,25,2,7,5,17,6,26,2,7,5,50,50,25,2,7,5,48,0,46,0,0,23,0,0,0,0,0,0,76,0,91,0,0,109,0,0,0,0,0,0,5,3,89,56,88
29771,7,-100,1,11,18,6,28,2,9,5,18,6,27,2,9,5,19,6,30,2,9,5,31,57,28,2,9,5,0,0,55,0,0,0,54,0,0,51,0,0,0,0,85,0,0,0,66,0,0,65,0,0,4,3,67,59,102
29772,30,-100,1,11,22,6,17,1,7,4,23,6,18,1,7,4,21,6,17,1,7,4,64,62,18,1,7,4,64,0,77,0,0,1,0,0,0,0,0,0,100,0,146,0,0,15,0,0,0,0,0,0,5,4,112,47,186
29773,2,-100,5,0,1,1,11,30,13,15,1,1,11,30,13,15,1,1,11,30,13,15,1,1,11,30,13,15,12,0,0,0,0,0,0,0,0,0,0,0,12,0,0,0,0,0,0,0,0,0,0,0,2,4,1,40,1
29774,18,-100,8,0,1,1,13,30,13,15,1,1,13,30,13,15,1,1,12,30,13,15,1,1,13,30,13,15,12,0,0,0,0,0,0,0,0,0,0,0,12,0,0,0,0,0,0,0,0,0,0,0,2,3,1,42,1
29775,12,-100,6,0,1,1,12,30,13,15,1,1,12,30,13,15,1,1,12,30,13,15,1,1,12,30,13,15,12,0,0,0,0,0,0,0,0,0,0,0,12,0,0,0,0,0,0,0,0,0,0,0,2,4,1,41,1
29776,8,-100,2,0,1,1,13,30,13,15,1,1,13,30,13,15,1,1,12,30,13,15,1,3,13,30,13,15,12,0,0,0,0,0,0,0,0,0,0,0,12,0,0,0,0,0,0,0,0,0,0,0,2,3,1,42,1
29777,7,-100,1,11,23,7,16,1,7,4,23,7,16,1,7,4,23,7,16,1,7,4,89,57,16,1,7,4,66,0,35,0,0,51,0,0,0,0,0,0,95,0,118,0,0,134,0,0,0,0,0,0,8,3,125,46,163
29778,18,-100,1,11,18,5,21,1,6,4,17,5,20,1,6,4,20,5,23,1,6,4,57,47,21,1,6,4,56,44,0,0,0,1,0,0,0,0,0,0,90,120,0,0,0,11,0,0,0,0,0,0,7,4,163,51,173
29779,30,-100,5,0,2,1,14,30,13,15,2,1,14,30,13,15,2,1,14,30,13,15,2,1,14,30,13,15,19,0,0,0,0,0,0,0,0,0,0,0,18,0,0,0,0,0,0,0,0,0,0,0,3,4,1,43,1
29780,12,-100,1,11,19,5,16,1,7,5,18,5,16,1,7,5,19,5,16,1,7,5,89,61,16,1,7,5,56,0,40,0,49,3,0,0,0,0,0,0,79,0,112,0,81,115,0,0,0,0,0,0,8,3,143,46,99
29781,3,-100,1,11,20,6,22,2,7,3,20,6,22,2,7,3,19,6,21,2,7,3,58,64,22,2,7,3,0,0,48,0,0,44,0,33,0,47,0,0,0,0,101,0,0,107,0,38,0,74,0,0,5,4,128,52,164
29782,25,-100,1,11,22,8,49,1,7,2,23,8,53,1,7,2,22,7,45,1,7,2,114,84,116,1,7,2,84,0,0,0,0,1,0,0,0,70,0,0,151,0,0,0,0,102,0,0,0,147,0,0,14,3,125,60,78
29783,9,-100,1,11,18,6,16,1,5,5,20,7,17,1,5,5,17,6,15,1,5,5,74,66,20,1,6,5,52,45,15,0,0,0,0,0,0,0,0,0,92,115,123,0,0,0,0,0,0,0,0,0,6,3,86,46,144
29784,24,-100,1,11,16,5,19,1,10,4,17,5,20,1,10,4,16,5,18,1,10,4,53,55,19,1,10,4,50,23,33,0,0,0,0,0,0,0,0,0,76,93,82,0,0,0,0,0,0,0,0,0,7,3,133,49,125
29785,30,-100,1,11,22,10,42,0,1,3,23,10,46,0,1,3,20,10,37,0,1,3,148,123,120,0,1,3,78,40,0,0,0,1,0,0,0,0,0,0,169,139,0,0,0,156,0,0,0,0,0,0,13,4,152,55,142
29786,17,-100,1,11,16,5,19,0,7,3,16,5,19,0,7,3,16,5,18,0,7,3,32,62,19,0,7,3,44,0,56,0,42,7,0,0,0,0,0,0,68,0,100,0,63,28,0,0,0,0,0,0,3,3,99,49,160
29787,29,-100,9,0,1,1,13,30,13,15,1,1,12,30,13,15,1,1,13,30,13,15,1,1,13,30,13,15,12,0,0,0,0,0,0,0,0,0,0,0,12,0,0,0,0,0,0,0,0,0,0,0,2,3,1,42,1
29788,18,-100,4,0,1,1,16,30,13,15,1,1,17,30,13,15,1,1,16,30,13,15,1,1,16,30,13,15,12,0,0,0,0,0,0,0,0,0,0,0,12,0,0,0,0,0,0,0,0,0,0,0,2,3,1,46,1
29789,30,-100,1,11,15,5,21,0,8,3,15,5,20,0,8,3,17,6,23,0,8,3,46,61,21,0,8,3,48,49,0,0,0,25,0,0,0,0,0,0,83,101,0,0,0,122,0,0,0,0,0,0,4,3,75,51,157
29790,10,-100,1,11,15,5,18,0,7,5,15,5,18,0,7,5,15,6,18,0,7,5,35,58,18,0,7,5,50,0,59,0,0,1,0,0,0,0,0,0,82,0,120,0,0,14,0,0,0,0,0,0,4,3,103,48,114
29791,17,-100,8,0,1,1,14,30,13,15,1,1,13,30,13,15,1,1,14,30,13,15,1,1,14,30,13,15,12,0,0,0,0,0,0,0,0,0,0,0,12,0,0,0,0,0,0,0,0,0,0,0,2,3,1,43,1
29792,28,-100,1,11,18,7,18,1,6,5,19,8,19,1,6,5,17,7,17,1,6,5,65,75,21,1,6,5,49,25,0,0,0,1,0,0,0,40,0,0,92,42,0,0,0,84,0,0,0,84,0,0,8,3,79,48,131
29793,15,-100,1,11,17,5,16,2,10,5,16,5,15,2,10,5,19,6,19,2,10,5,56,53,16,2,10,5,48,24,0,0,0,1,0,41,0,0,0,0,78,36,0,0,0,91,0,71,0,0,0,0,7,2,107,46,143
29794,8,-100,5,0,1,1,13,30,13,15,1,1,13,30,13,15,1,1,12,30,13,15,1,1,13,30,13,15,12,0,0,0,0,0,0,0,0,0,0,0,12,0,0,0,0,0,0,0,0,0,0,0,2,3,1,42,1
29795,5,-100,1,11,20,6,16,0,7,5,20,7,16,0,7,5,20,6,16,0,7,5,74,62,18,0,7,5,55,0,41,0,45,4,0,0,0,0,0,0,81,0,96,0,67,103,0,0,0,0,0,0,7,3,132,46,149
29796,11,-100,2,0,1,1,14,30,13,15,1,1,15,30,13,15,1,1,14,30,13,15,1,1,14,30,13,15,12,0,0,0,0,0,0,0,0,0,0,0,12,0,0,0,0,0,0,0,0,0,0,0,2,3,1,44,1
29797,6,-100,1,11,14,6,23,0,7,5,15,6,25,0,7,5,13,6,21,0,7,5,38,59,23,0,7,5,45,0,0,0,0,1,44,0,0,0,0,0,87,0,0,0,0,15,76,0,0,0,0,0,5,3,85,53,66
29798,14,-100,1,11,33,8,27,0,7,5,32,8,27,0,7,5,34,9,32,0,7,5,104,83,67,0,7,5,80,34,65,0,0,0,0,0,0,0,0,0,118,132,150,0,0,0,0,0,0,0,0,0,10,3,91,53,164
29799,9,-100,4,0,1,1,17,30,13,15,1,1,18,30,13,15,1,1,17,30,13,15,1,1,17,30,13,15,12,0,0,0,0,0,0,0,0,0,0,0,12,0,0,0,0,0,0,0,0,0,0,0,2,4,1,47,1
29800,10,-100,1,11,14,6,16,2,7,3,14,6,17,2,7,3,13,6,16,2,7,3,49,58,17,2,7,3,39,42,0,0,25,22,0,0,0,0,0,0,66,90,0,0,30,113,0,0,0,0,0,0,4,4,76,46,128
29801,9,-100,8,0,1,1,16,30,13,15,1,1,16,30,13,15,1,1,17,30,13,15,1,1,16,30,13,15,12,0,0,0,0,0,0,0,0,0,0,0,12,0,0,0,0,0,0,0,0,0,0,0,2,4,1,46,1
29802,3,-100,1,11,15,7,35,1,5,3,15,7,31,1,5,3,17,8,48,1,5,3,117,97,101,1,5,3,54,28,0,0,0,1,0,0,0,0,0,0,114,132,0,0,0,172,0,0,0,0,0,0,9,3,88,56,146
29803,13,-100,9,0,1,1,13,30,13,15,1,1,13,30,13,15,1,1,13,30,13,15,1,2,13,30,13,15,12,0,0,0,0,0,0,0,0,0,0,0,12,0,0,0,0,0,0,0,0,0,0,0,2,4,1,42,1
29804,19,-100,1,11,17,6,19,0,7,5,18,6,20,0,7,5,15,6,17,0,7,5,68,67,19,0,7,5,52,41,0,0,0,1,0,0,0,0,0,0,108,122,0,0,0,19,0,0,0,0,0,0,6,3,141,49,145
29805,9,-100,6,0,1,1,12,30,13,15,1,1,12,30,13,15,1,1,11,30,13,15,1,1,12,30,13,15,12,0,0,0,0,0,0,0,0,0,0,0,12,0,0,0,0,0,0,0,0,0,0,0,2,3,1,41,1
29806,13,-100,1,11,22,7,18,1,7,3,23,7,19,1,7,3,22,7,18,1,7,3,92,78,28,1,7,3,60,43,38,0,0,14,0,0,0,0,29,0,94,99,102,0,0,113,0,0,0,0,114,0,8,3,110,48,137
29807,11,-100,1,11,22,6,18,2,9,5,22,6,18,2,9,5,23,6,19,2,9,5,79,59,20,2,9,5,78,0,48,0,0,4,0,0,0,0,0,0,106,0,109,0,0,116,0,0,0,0,0,0,11,4,186,48,59
29808,14,-100,8,0,1,1,13,30,13,15,1,1,12,30,13,15,1,1,13,30,13,15,1,1,13,30,13,15,12,0,0,0,0,0,0,0,0,0,0,0,12,0,0,0,0,0,0,0,0,0,0,0,2,3,1,42,1
29809,16,-100,4,0,1,1,16,30,13,15,1,1,17,30,13,15,1,1,16,30,13,15,1,1,16,30,13,15,12,0,0,0,0,0,0,0,0,0,0,0,12,0,0,0,0,0,0,0,0,0,0,0,2,3,1,46,1
29810,21,-100,8,0,1,1,16,30,13,15,1,1,17,30,13,15,1,1,16,30,13,15,1,1,16,30,13,15,12,0,0,0,0,0,0,0,0,0,0,0,12,0,0,0,0,0,0,0,0,0,0,0,2,4,1,46,1
29811,17,-100,9,0,1,1,17,30,13,15,1,1,17,30,13,15,1,1,18,30,13,15,1,1,17,30,13,15,12,0,0,0,0,0,0,0,0,0,0,0,12,0,0,0,0,0,0,0,0,0,0,0,2,3,1,47,1
