team_id,year,league_id,level_id,split_id,pa,ab,h,k,tb,s,d,t,hr,sb,cs,rbi,r,bb,ibb,hp,sh,sf,ci,gdp,g,gs,ebh,pitches_seen,avg,obp,slg,rc,rc27,iso,woba,ops,sbp,ws
1,2034,100,1,0,6163,5517,1369,1362,0,0,301,24,180,92,31,669,688,510,39,49,51,36,0,129,162,1458,505,0,0.2481,0.3154,0.4093,713.2473,4.3817,0.1611,0.0000,0.7247,74.7967,0.0000
2,2034,100,1,0,6228,5475,1407,1426,0,0,261,18,202,81,43,699,730,612,25,57,48,36,0,145,162,1458,481,0,0.2570,0.3359,0.4219,777.0387,4.8341,0.1649,0.0000,0.7578,65.3226,0.0000
3,2034,100,1,0,6156,5622,1467,1206,0,0,308,33,206,139,33,724,756,372,20,66,51,45,0,132,162,1458,547,0,0.2609,0.3120,0.4374,760.2975,4.6486,0.1764,0.0000,0.7494,80.8140,0.0000
4,2034,100,1,0,6246,5530,1399,1271,0,0,281,23,231,101,35,736,764,553,30,59,57,45,2,122,162,1458,535,0,0.2530,0.3250,0.4374,794.5358,4.8867,0.1844,0.0000,0.7625,74.2647,0.0000
5,2034,100,1,0,6302,5409,1392,1352,0,0,270,28,199,106,63,782,820,707,37,84,54,48,0,135,162,1458,497,0,0.2573,0.3494,0.4280,824.9940,5.1598,0.1706,0.0000,0.7774,62.7219,0.0000
6,2034,100,1,0,6145,5512,1349,1336,0,0,333,16,164,39,9,592,608,471,33,74,47,41,0,160,162,1458,513,0,0.2447,0.3106,0.4002,675.1670,4.1243,0.1555,0.0000,0.7108,81.2500,0.0000
7,2034,100,1,0,6224,5443,1320,1538,0,0,250,29,266,87,21,778,811,635,30,55,51,35,5,126,162,1458,545,0,0.2425,0.3259,0.4457,805.1012,4.9903,0.2032,0.0000,0.7716,80.5556,0.0000
8,2034,100,1,0,6214,5495,1324,1571,0,0,342,15,224,37,20,689,718,560,27,78,44,36,1,120,162,1458,581,0,0.2409,0.3180,0.4309,758.8587,4.6662,0.1900,0.0000,0.7490,64.9123,0.0000
9,2034,100,1,0,6238,5536,1416,1228,0,0,279,23,204,138,29,752,787,518,21,85,50,48,1,133,162,1458,506,0,0.2558,0.3263,0.4250,782.1730,4.8216,0.1693,0.0000,0.7514,82.6347,0.0000
10,2034,100,1,0,6326,5732,1551,1156,0,0,316,23,208,47,22,761,796,445,21,68,44,37,0,150,162,1458,547,0,0.2706,0.3286,0.4426,816.9396,4.9746,0.1720,0.0000,0.7712,68.1159,0.0000
11,2034,100,1,0,6203,5554,1436,1307,0,0,343,36,187,49,16,725,745,450,23,102,43,52,2,159,162,1458,566,0,0.2586,0.3228,0.4343,767.3074,4.7214,0.1757,0.0000,0.7571,75.3846,0.0000
12,2034,100,1,0,6176,5547,1416,1373,0,0,299,27,202,60,22,733,760,483,26,48,63,35,0,124,162,1458,528,0,0.2553,0.3185,0.4282,754.8278,4.6584,0.1729,0.0000,0.7467,73.1707,0.0000
13,2034,100,1,0,6192,5466,1342,1594,0,0,272,30,205,75,41,704,732,562,41,84,33,47,0,114,162,1458,507,0,0.2455,0.3228,0.4188,748.0310,4.6334,0.1733,0.0000,0.7416,64.6552,0.0000
14,2034,100,1,0,6209,5522,1350,1433,0,0,259,34,238,66,19,732,759,527,19,84,42,34,0,118,162,1458,531,0,0.2445,0.3180,0.4330,769.3056,4.7369,0.1885,0.0000,0.7510,77.6471,0.0000
15,2034,100,1,0,6120,5396,1260,1353,0,0,243,26,229,55,22,701,721,578,25,54,47,44,1,119,162,1458,498,0,0.2335,0.3116,0.4155,708.4525,4.3792,0.1820,0.0000,0.7271,71.4286,0.0000
16,2034,100,1,0,6117,5502,1412,1130,0,0,284,25,156,93,35,690,720,459,44,68,48,38,2,131,162,1458,465,0,0.2566,0.3196,0.4024,705.3322,4.3860,0.1458,0.0000,0.7220,72.6563,0.0000
17,2034,100,1,0,6199,5502,1374,1370,0,0,236,28,211,104,42,689,713,556,49,54,50,37,0,128,162,1458,475,0,0.2497,0.3227,0.4178,744.4979,4.5841,0.1681,0.0000,0.7405,71.2329,0.0000
18,2034,100,1,0,6081,5496,1345,1397,0,0,254,28,156,94,46,616,644,454,33,54,39,36,2,125,162,1458,438,0,0.2447,0.3068,0.3863,645.9002,3.9662,0.1416,0.0000,0.6931,67.1429,0.0000
19,2034,100,1,0,6206,5486,1399,1338,0,0,297,21,176,83,40,662,687,570,53,51,59,40,0,145,162,1458,494,0,0.2550,0.3286,0.4131,741.6641,4.5813,0.1580,0.0000,0.7417,67.4797,0.0000
20,2034,100,1,0,6324,5617,1467,1343,0,0,301,16,193,61,16,733,765,544,36,55,67,41,0,119,162,1458,510,0,0.2612,0.3302,0.4235,797.9451,4.9043,0.1624,0.0000,0.7537,79.2208,0.0000
21,2034,100,1,0,6139,5530,1417,1196,0,0,282,27,215,106,43,706,727,473,28,45,57,34,0,103,162,1458,524,0,0.2562,0.3182,0.4336,765.7934,4.7532,0.1774,0.0000,0.7518,71.1409,0.0000
22,2034,100,1,0,6185,5568,1453,1285,0,0,269,32,241,103,33,757,779,476,30,46,44,50,1,120,162,1458,542,0,0.2610,0.3217,0.4506,807.1012,4.9958,0.1897,0.0000,0.7723,75.7353,0.0000
23,2034,100,1,0,6375,5580,1438,1388,0,0,306,20,249,105,35,842,873,645,40,71,50,28,1,120,162,1458,575,0,0.2577,0.3406,0.4536,878.7320,5.4230,0.1959,0.0000,0.7942,75.0000,0.0000
24,2034,100,1,0,6182,5545,1374,1391,0,0,278,25,227,82,28,706,722,504,46,50,50,32,1,106,162,1458,530,0,0.2478,0.3145,0.4298,754.7397,4.6451,0.1820,0.0000,0.7442,74.5455,0.0000
25,2034,100,1,0,6175,5576,1418,1407,0,0,282,25,191,89,34,713,742,462,39,53,50,33,1,126,162,1458,498,0,0.2543,0.3156,0.4166,728.3257,4.4683,0.1623,0.0000,0.7323,72.3577,0.0000
26,2034,100,1,0,6290,5584,1354,1359,0,0,308,23,179,63,11,672,705,537,42,72,50,47,0,126,162,1458,510,0,0.2425,0.3146,0.4020,718.6776,4.3468,0.1596,0.0000,0.7166,85.1351,0.0000
27,2034,100,1,0,6102,5477,1348,1371,0,0,286,23,185,94,35,648,672,475,29,57,53,39,1,108,162,1458,494,0,0.2461,0.3108,0.4081,701.0920,4.3376,0.1619,0.0000,0.7189,72.8682,0.0000
28,2034,100,1,0,6244,5547,1475,1301,0,0,291,33,239,110,50,775,810,541,45,48,70,37,1,138,162,1458,563,0,0.2659,0.3344,0.4595,842.3760,5.2082,0.1936,0.0000,0.7939,68.7500,0.0000
29,2034,100,1,0,6290,5573,1380,1463,0,0,265,19,243,62,18,726,752,590,37,49,43,34,1,137,162,1458,527,0,0.2476,0.3232,0.4328,782.7081,4.7758,0.1852,0.0000,0.7560,77.5000,0.0000
30,2034,100,1,0,6321,5594,1322,1578,0,0,276,23,205,79,28,666,689,578,36,55,56,37,1,101,162,1458,504,0,0.2363,0.3121,0.4038,723.3676,4.3460,0.1675,0.0000,0.7159,73.8318,0.0000
31,2034,101,2,0,5632,5064,1348,470,0,0,232,51,58,62,20,544,577,495,19,19,13,40,1,92,144,1296,341,0,0.2662,0.3314,0.3665,635.3889,4.4204,0.1003,0.0000,0.6979,75.6098,0.0000
32,2034,101,2,0,5615,4961,1230,586,0,0,227,38,84,19,10,537,574,570,29,21,19,43,1,145,144,1296,349,0,0.2479,0.3255,0.3598,585.5750,4.0047,0.1119,0.0000,0.6853,65.5172,0.0000
33,2034,101,2,0,5769,5127,1458,504,0,0,240,47,86,37,10,673,705,552,11,22,17,51,0,112,144,1296,373,0,0.2844,0.3533,0.3998,745.2543,5.2143,0.1155,0.0000,0.7531,78.7234,0.0000
34,2034,101,2,0,5879,5150,1382,560,0,0,274,79,53,57,11,669,709,615,32,28,17,67,2,90,144,1296,406,0,0.2683,0.3456,0.3831,721.9272,4.9309,0.1148,0.0000,0.7287,83.8235,0.0000
35,2034,101,2,0,5707,5053,1297,591,0,0,235,66,71,43,7,618,644,596,15,11,6,39,2,87,144,1296,372,0,0.2567,0.3341,0.3715,658.8590,4.5672,0.1148,0.0000,0.7056,86.0000,0.0000
36,2034,101,2,0,5672,5067,1309,521,0,0,237,66,61,36,17,588,623,539,12,16,10,40,0,93,144,1296,364,0,0.2583,0.3292,0.3673,632.9800,4.3620,0.1089,0.0000,0.6965,67.9245,0.0000
37,2034,101,2,0,5760,5107,1394,481,0,0,244,54,100,52,12,703,745,599,15,12,5,37,0,124,144,1296,398,0,0.2730,0.3484,0.4006,730.0262,5.0657,0.1277,0.0000,0.7490,81.2500,0.0000
38,2034,101,2,0,5722,5046,1373,563,0,0,225,46,61,59,12,611,647,588,36,11,16,60,1,141,144,1296,332,0,0.2721,0.3457,0.3712,664.3849,4.5972,0.0991,0.0000,0.7168,83.0986,0.0000
39,2034,101,2,0,5566,4986,1290,587,0,0,209,37,89,14,7,535,574,519,19,15,9,36,1,141,144,1296,335,0,0.2587,0.3283,0.3690,603.7154,4.1914,0.1103,0.0000,0.6973,66.6667,0.0000
40,2034,101,2,0,5548,4985,1279,547,0,0,217,73,62,43,10,547,582,501,6,14,11,37,0,105,144,1296,352,0,0.2566,0.3240,0.3667,607.5813,4.2400,0.1101,0.0000,0.6907,81.1321,0.0000
41,2034,101,2,0,5765,5108,1389,558,0,0,214,62,111,32,16,679,714,578,18,19,6,53,1,119,144,1296,387,0,0.2719,0.3449,0.4033,725.0692,5.0030,0.1314,0.0000,0.7482,66.6667,0.0000
42,2034,101,2,0,5742,5154,1434,553,0,0,204,76,62,39,16,593,638,511,16,17,6,52,2,128,144,1296,342,0,0.2782,0.3422,0.3834,683.9861,4.7087,0.1052,0.0000,0.7256,70.9091,0.0000
43,2034,101,2,0,5769,5047,1320,624,0,0,227,36,92,29,12,630,667,653,22,13,13,43,0,125,144,1296,355,0,0.2615,0.3450,0.3755,675.1911,4.6506,0.1139,0.0000,0.7205,70.7317,0.0000
44,2034,101,2,0,5729,5133,1426,487,0,0,264,60,48,54,17,591,629,524,30,20,6,44,2,116,144,1296,372,0,0.2778,0.3443,0.3807,686.9809,4.7682,0.1029,0.0000,0.7250,76.0563,0.0000
45,2034,101,2,0,5719,5006,1311,711,0,0,212,70,38,60,18,610,647,644,12,14,15,40,0,83,144,1296,320,0,0.2619,0.3452,0.3550,654.8158,4.5910,0.0931,0.0000,0.7002,76.9231,0.0000
46,2034,101,2,0,5746,5142,1357,559,0,0,236,62,54,45,12,660,687,517,21,24,13,48,2,77,144,1296,352,0,0.2639,0.3312,0.3654,651.7061,4.4717,0.1015,0.0000,0.6966,78.9474,0.0000
47,2034,101,2,0,5720,5092,1360,513,0,0,242,78,57,74,14,615,654,534,28,20,15,57,2,85,144,1296,377,0,0.2671,0.3356,0.3788,679.8092,4.7028,0.1117,0.0000,0.7144,84.0909,0.0000
48,2034,101,2,0,5689,5125,1420,530,0,0,253,47,59,33,10,577,610,485,19,12,13,51,3,151,145,1305,359,0,0.2771,0.3379,0.3793,654.3215,4.4953,0.1022,0.0000,0.7172,76.7442,0.0000
49,2034,101,2,0,5720,5094,1359,470,0,0,259,55,64,42,16,610,651,537,22,16,27,44,2,119,144,1296,378,0,0.2668,0.3360,0.3769,657.8505,4.5070,0.1101,0.0000,0.7129,72.4138,0.0000
50,2034,101,2,0,5706,5029,1305,503,0,0,239,59,56,74,25,614,652,591,17,26,15,44,1,119,144,1296,354,0,0.2595,0.3378,0.3639,640.5039,4.4038,0.1044,0.0000,0.7017,74.7475,0.0000
51,2034,101,2,0,5812,5109,1354,561,0,0,227,88,69,67,32,639,679,618,33,18,15,49,3,85,144,1296,384,0,0.2650,0.3435,0.3844,705.7686,4.8414,0.1194,0.0000,0.7279,67.6768,0.0000
52,2034,101,2,0,5723,5113,1421,542,0,0,245,57,90,36,12,654,681,531,25,28,2,48,1,116,145,1305,392,0,0.2779,0.3462,0.4009,722.9209,5.0436,0.1230,0.0000,0.7471,75.0000,0.0000
53,2034,101,2,0,5625,5017,1290,626,0,0,210,38,67,19,9,551,586,542,19,15,11,39,1,121,144,1296,315,0,0.2571,0.3291,0.3542,596.1751,4.1200,0.0971,0.0000,0.6833,67.8571,0.0000
54,2034,101,2,0,5656,4999,1295,563,0,0,246,73,73,58,20,620,652,568,27,15,14,59,1,109,144,1296,392,0,0.2591,0.3329,0.3813,655.2734,4.5295,0.1222,0.0000,0.7142,74.3590,0.0000
55,2034,101,2,0,5783,5129,1419,563,0,0,250,60,76,40,30,639,687,568,24,14,8,63,1,123,144,1296,386,0,0.2767,0.3466,0.3933,709.4760,4.8693,0.1166,0.0000,0.7398,57.1429,0.0000
56,2034,101,2,0,5928,5186,1449,521,0,0,237,55,66,52,16,678,717,653,39,18,11,57,3,94,144,1296,358,0,0.2794,0.3585,0.3845,753.3582,5.1956,0.1051,0.0000,0.7430,76.4706,0.0000
57,2034,101,2,0,5741,5162,1381,625,0,0,268,54,66,55,13,632,674,499,23,19,11,49,1,113,144,1296,388,0,0.2675,0.3315,0.3787,662.0950,4.5063,0.1112,0.0000,0.7102,80.8824,0.0000
58,2034,101,2,0,5584,4916,1233,568,0,0,199,59,70,41,10,543,579,589,36,17,22,40,0,128,144,1296,328,0,0.2508,0.3306,0.3580,597.5920,4.1553,0.1072,0.0000,0.6887,80.3922,0.0000
59,2034,101,2,0,5897,5140,1429,496,0,0,244,62,59,65,21,697,730,666,29,23,15,53,0,111,144,1296,365,0,0.2780,0.3601,0.3840,745.8900,5.1493,0.1060,0.0000,0.7441,75.5814,0.0000
60,2034,101,2,0,5761,5118,1371,570,0,0,250,46,84,28,9,626,646,580,25,16,9,37,1,121,144,1296,380,0,0.2679,0.3420,0.3839,686.3045,4.7235,0.1161,0.0000,0.7260,75.6757,0.0000
61,2034,102,3,0,5168,4589,1241,489,0,0,200,49,80,42,15,581,624,500,15,19,16,42,2,107,131,1179,329,0,0.2704,0.3417,0.3877,622.1102,4.7610,0.1172,0.0000,0.7294,73.6842,0.0000
62,2034,102,3,0,5134,4597,1222,511,0,0,203,57,38,55,21,491,525,458,17,13,27,39,0,119,131,1179,298,0,0.2658,0.3315,0.3596,554.7604,4.1828,0.0938,0.0000,0.6911,72.3684,0.0000
63,2034,102,3,0,5105,4557,1136,555,0,0,192,31,73,19,4,484,509,490,15,17,4,37,0,142,131,1179,296,0,0.2493,0.3221,0.3531,518.4869,3.8800,0.1038,0.0000,0.6752,82.6087,0.0000
64,2034,102,3,0,5169,4583,1212,545,0,0,238,62,72,58,23,587,616,530,13,15,10,31,0,90,130,1170,372,0,0.2645,0.3406,0.3906,629.6752,4.8230,0.1261,0.0000,0.7311,71.6049,0.0000
65,2034,102,3,0,5242,4688,1325,507,0,0,209,57,76,49,10,599,629,483,19,17,14,40,0,86,131,1179,342,0,0.2826,0.3491,0.4002,677.6875,5.2085,0.1175,0.0000,0.7493,83.0508,0.0000
66,2034,102,3,0,5223,4705,1284,462,0,0,230,78,57,66,8,596,632,466,20,12,4,35,1,87,131,1179,365,0,0.2729,0.3377,0.3913,643.1389,4.8846,0.1184,0.0000,0.7290,89.1892,0.0000
67,2034,102,3,0,5212,4607,1271,457,0,0,217,41,49,41,11,576,608,530,21,14,11,48,2,110,131,1179,307,0,0.2759,0.3491,0.3727,619.3927,4.7564,0.0968,0.0000,0.7218,78.8462,0.0000
68,2034,102,3,0,4980,4380,1074,523,0,0,193,57,57,19,8,479,506,527,12,11,18,44,0,108,127,1143,307,0,0.2452,0.3249,0.3543,519.9591,4.0295,0.1091,0.0000,0.6792,70.3704,0.0000
69,2034,102,3,0,5219,4602,1244,521,0,0,178,59,91,36,16,625,660,528,27,18,19,52,0,79,131,1179,328,0,0.2703,0.3442,0.3940,650.7124,4.9856,0.1236,0.0000,0.7382,69.2308,0.0000
70,2034,102,3,0,5116,4616,1202,443,0,0,197,52,44,47,11,536,574,434,7,21,11,33,1,77,131,1179,293,0,0.2604,0.3246,0.3542,551.7727,4.2013,0.0938,0.0000,0.6789,81.0345,0.0000
71,2034,102,3,0,5268,4569,1230,511,0,0,198,51,76,20,7,598,630,628,17,16,15,40,0,109,131,1179,325,0,0.2692,0.3567,0.3848,654.0841,5.0314,0.1156,0.0000,0.7415,74.0741,0.0000
72,2034,102,3,0,5250,4672,1240,514,0,0,220,53,49,26,11,581,613,502,13,22,13,40,1,94,131,1179,322,0,0.2654,0.3369,0.3667,596.3866,4.4854,0.1012,0.0000,0.7036,70.2703,0.0000
73,2034,102,3,0,5275,4652,1246,509,0,0,202,71,73,49,24,581,606,533,19,22,12,54,2,86,131,1179,346,0,0.2678,0.3423,0.3889,643.9975,4.8543,0.1210,0.0000,0.7312,67.1233,0.0000
74,2034,102,3,0,5296,4809,1376,446,0,0,230,41,66,44,15,623,656,419,17,15,6,47,0,92,131,1179,337,0,0.2861,0.3422,0.3922,657.5522,4.9412,0.1061,0.0000,0.7343,74.5763,0.0000
75,2034,102,3,0,5142,4611,1252,457,0,0,244,70,66,45,16,591,631,479,22,9,7,36,0,103,131,1179,380,0,0.2715,0.3389,0.3977,630.7840,4.8370,0.1262,0.0000,0.7366,73.7705,0.0000
76,2034,102,3,0,5246,4653,1208,567,0,0,213,55,38,39,12,516,556,524,22,10,23,36,0,110,131,1179,306,0,0.2596,0.3335,0.3535,564.8322,4.2059,0.0939,0.0000,0.6871,76.4706,0.0000
77,2034,102,3,0,5329,4655,1216,555,0,0,223,53,37,62,17,563,594,603,33,12,11,48,0,109,131,1179,313,0,0.2612,0.3443,0.3557,598.3785,4.4581,0.0945,0.0000,0.7000,78.4810,0.0000
78,2034,102,3,0,5245,4562,1199,457,0,0,199,46,46,30,9,558,588,596,15,20,14,51,2,132,131,1179,291,0,0.2628,0.3471,0.3569,585.4562,4.4291,0.0940,0.0000,0.7040,76.9231,0.0000
79,2034,102,3,0,5271,4623,1300,485,0,0,219,48,91,42,16,667,706,577,16,15,9,47,0,110,131,1179,358,0,0.2812,0.3596,0.4084,699.8064,5.3908,0.1272,0.0000,0.7680,72.4138,0.0000
80,2034,102,3,0,5261,4694,1289,541,0,0,199,48,68,53,21,587,612,499,22,18,9,40,1,117,131,1179,315,0,0.2746,0.3439,0.3809,624.6248,4.6951,0.1063,0.0000,0.7248,71.6216,0.0000
81,2034,102,3,0,5120,4575,1136,534,0,0,218,64,54,36,17,511,537,476,30,25,20,24,0,96,131,1179,336,0,0.2483,0.3210,0.3593,538.1804,4.0408,0.1110,0.0000,0.6803,67.9245,0.0000
82,2034,102,3,0,5330,4645,1214,438,0,0,230,46,57,52,15,576,620,583,21,21,27,52,2,92,131,1179,333,0,0.2614,0.3430,0.3675,618.7282,4.6187,0.1061,0.0000,0.7104,77.6119,0.0000
83,2034,102,3,0,5335,4710,1290,495,0,0,230,54,48,33,8,613,644,539,21,19,13,53,1,100,131,1179,332,0,0.2739,0.3473,0.3762,640.3813,4.8109,0.1023,0.0000,0.7235,80.4878,0.0000
84,2034,102,3,0,5211,4613,1186,531,0,0,176,47,59,22,9,479,523,528,16,11,26,32,1,122,131,1179,282,0,0.2571,0.3328,0.3540,553.9471,4.1362,0.0969,0.0000,0.6868,70.9677,0.0000
85,2034,102,3,0,5294,4694,1263,444,0,0,233,41,66,59,18,588,626,519,11,21,17,43,0,68,132,1188,340,0,0.2691,0.3417,0.3784,640.6868,4.8360,0.1093,0.0000,0.7200,76.6234,0.0000
86,2034,102,3,0,5207,4576,1158,585,0,0,192,54,75,48,7,552,573,560,42,14,16,41,0,83,131,1179,321,0,0.2531,0.3337,0.3678,591.5615,4.4803,0.1147,0.0000,0.7014,87.2727,0.0000
87,2034,102,3,0,5340,4673,1258,468,0,0,199,46,86,53,16,593,629,587,30,19,14,47,0,107,131,1179,331,0,0.2692,0.3500,0.3867,657.2894,4.9310,0.1175,0.0000,0.7367,76.8116,0.0000
88,2034,102,3,0,5132,4475,1180,447,0,0,241,49,69,62,19,573,601,569,17,22,16,49,1,100,127,1143,359,0,0.2637,0.3462,0.3857,625.0233,4.8507,0.1220,0.0000,0.7319,76.5432,0.0000
89,2034,102,3,0,5179,4603,1270,419,0,0,196,55,50,71,20,554,601,505,26,18,14,37,2,111,131,1179,301,0,0.2759,0.3473,0.3750,615.9577,4.7314,0.0991,0.0000,0.7223,78.0220,0.0000
90,2034,102,3,0,5141,4590,1140,492,0,0,213,54,77,25,11,509,534,484,26,19,9,39,0,105,131,1179,344,0,0.2484,0.3201,0.3686,550.6764,4.1141,0.1203,0.0000,0.6888,69.4444,0.0000
91,2034,103,4,0,5141,4524,1254,411,0,0,189,55,84,47,6,638,669,561,9,13,9,34,0,80,127,1143,328,0,0.2772,0.3562,0.3990,677.2487,5.3797,0.1218,0.0000,0.7552,88.6792,0.0000
92,2034,103,4,0,5438,4717,1354,477,0,0,201,58,94,89,21,722,764,640,12,15,9,56,1,82,131,1179,353,0,0.2870,0.3701,0.4140,771.3253,5.8980,0.1270,0.0000,0.7842,80.9091,0.0000
93,2034,103,4,0,5171,4647,1241,454,0,0,226,50,43,49,11,568,595,451,22,12,21,40,0,97,131,1179,319,0,0.2671,0.3309,0.3650,576.5045,4.3540,0.0979,0.0000,0.6958,81.6667,0.0000
94,2034,103,4,0,5108,4551,1154,428,0,0,177,51,47,36,12,501,527,472,13,15,15,54,1,90,131,1179,275,0,0.2536,0.3223,0.3459,527.9189,3.9949,0.0923,0.0000,0.6681,75.0000,0.0000
95,2034,103,4,0,5228,4599,1172,487,0,0,203,40,54,41,7,568,596,562,13,6,8,51,2,100,131,1179,297,0,0.2548,0.3335,0.3516,566.6129,4.2579,0.0968,0.0000,0.6851,85.4167,0.0000
96,2034,103,4,0,5219,4650,1229,467,0,0,212,82,69,25,15,579,607,487,23,17,16,48,1,64,131,1179,363,0,0.2643,0.3331,0.3897,628.6785,4.7627,0.1254,0.0000,0.7228,62.5000,0.0000
97,2034,103,4,0,5292,4580,1216,437,0,0,190,59,57,45,18,627,664,613,19,17,27,55,0,109,130,1170,306,0,0.2655,0.3506,0.3701,623.6410,4.7127,0.1046,0.0000,0.7207,71.4286,0.0000
98,2034,103,4,0,5237,4675,1341,453,0,0,205,56,83,20,5,651,686,483,10,23,6,49,1,107,131,1179,344,0,0.2868,0.3532,0.4079,687.5584,5.3025,0.1211,0.0000,0.7611,80.0000,0.0000
99,2034,103,4,0,5258,4532,1138,441,0,0,175,48,75,68,25,595,631,643,17,23,8,51,1,90,131,1179,298,0,0.2511,0.3437,0.3605,600.4127,4.5435,0.1094,0.0000,0.7042,73.1183,0.0000
100,2034,103,4,0,5390,4666,1284,435,0,0,208,59,52,35,11,668,711,645,23,14,8,56,1,90,131,1179,319,0,0.2752,0.3611,0.3785,677.7494,5.1591,0.1033,0.0000,0.7396,76.0870,0.0000
101,2034,103,4,0,5171,4604,1236,434,0,0,172,42,43,44,18,551,583,492,12,14,26,35,0,103,131,1179,257,0,0.2685,0.3386,0.3521,565.5287,4.3012,0.0836,0.0000,0.6907,70.9677,0.0000
102,2034,103,4,0,5351,4638,1171,474,0,0,209,57,64,35,15,590,629,635,8,18,12,48,0,92,131,1179,330,0,0.2525,0.3416,0.3635,610.6565,4.5371,0.1110,0.0000,0.7052,70.0000,0.0000
103,2034,103,4,0,5155,4586,1163,411,0,0,192,72,56,45,20,544,580,498,16,17,20,31,3,86,131,1179,320,0,0.2536,0.3270,0.3635,563.4607,4.2496,0.1099,0.0000,0.6905,69.2308,0.0000
104,2034,103,4,0,5328,4654,1277,399,0,0,236,58,56,52,14,640,679,591,12,12,12,58,1,104,131,1179,350,0,0.2744,0.3537,0.3861,666.1994,5.0455,0.1117,0.0000,0.7398,78.7879,0.0000
105,2034,103,4,0,5281,4661,1281,398,0,0,214,53,72,33,17,625,655,534,4,23,10,53,0,113,131,1179,339,0,0.2748,0.3487,0.3898,650.3078,4.9142,0.1150,0.0000,0.7385,66.0000,0.0000
106,2034,103,4,0,5168,4602,1143,623,0,0,217,48,50,22,7,498,522,494,20,19,13,40,0,93,131,1179,315,0,0.2484,0.3212,0.3490,533.8754,3.9908,0.1006,0.0000,0.6702,75.8621,0.0000
107,2034,103,4,0,5201,4615,1223,517,0,0,183,44,70,49,10,553,583,502,26,10,24,48,2,102,131,1179,297,0,0.2650,0.3353,0.3692,591.0355,4.4625,0.1042,0.0000,0.7045,83.0508,0.0000
108,2034,103,4,0,5231,4619,1226,496,0,0,222,61,33,65,25,598,632,545,11,15,8,43,1,86,132,1188,316,0,0.2654,0.3420,0.3613,599.5603,4.5536,0.0959,0.0000,0.7033,72.2222,0.0000
109,2034,103,4,0,5306,4659,1246,539,0,0,185,46,64,27,14,573,600,577,17,19,14,36,1,135,131,1179,295,0,0.2674,0.3481,0.3681,608.1333,4.5458,0.1007,0.0000,0.7162,65.8537,0.0000
110,2034,103,4,0,5326,4637,1192,450,0,0,229,63,53,37,14,604,633,607,27,15,16,50,1,91,131,1179,345,0,0.2571,0.3417,0.3679,614.3606,4.5873,0.1108,0.0000,0.7096,72.5490,0.0000
111,2034,103,4,0,5271,4607,1213,489,0,0,185,58,81,37,15,637,667,584,9,18,6,56,0,76,131,1179,324,0,0.2633,0.3447,0.3814,641.9324,4.8864,0.1181,0.0000,0.7261,71.1538,0.0000
112,2034,103,4,0,5194,4565,1154,518,0,0,210,35,41,75,19,489,511,561,28,20,25,23,0,93,131,1179,286,0,0.2528,0.3357,0.3411,551.4388,4.1694,0.0883,0.0000,0.6767,79.7872,0.0000
113,2034,103,4,0,5275,4589,1133,463,0,0,206,40,67,52,14,551,596,601,29,7,26,52,0,76,131,1179,313,0,0.2469,0.3317,0.3530,575.3117,4.2863,0.1061,0.0000,0.6847,78.7879,0.0000
114,2034,103,4,0,5141,4577,1189,493,0,0,217,51,59,44,11,499,532,476,14,25,18,45,0,111,131,1179,327,0,0.2598,0.3299,0.3681,569.5125,4.3036,0.1084,0.0000,0.6980,80.0000,0.0000
115,2034,103,4,0,5275,4635,1199,507,0,0,204,66,70,44,9,593,626,557,25,16,15,51,1,71,131,1179,340,0,0.2587,0.3369,0.3765,623.8905,4.7027,0.1178,0.0000,0.7134,83.0189,0.0000
116,2034,103,4,0,5091,4572,1146,534,0,0,184,43,50,55,7,461,495,462,27,8,14,35,0,93,131,1179,277,0,0.2507,0.3183,0.3425,516.7264,3.9025,0.0919,0.0000,0.6608,88.7097,0.0000
117,2034,103,4,0,5204,4567,1233,430,0,0,189,63,91,46,24,626,649,566,19,8,16,47,0,92,131,1179,343,0,0.2700,0.3483,0.3987,657.0269,5.0497,0.1287,0.0000,0.7470,65.7143,0.0000
118,2034,103,4,0,5115,4601,1185,498,0,0,210,81,33,52,10,541,584,435,22,8,16,54,1,60,130,1170,324,0,0.2576,0.3193,0.3599,557.1815,4.2306,0.1024,0.0000,0.6793,83.8710,0.0000
119,2034,103,4,0,4989,4479,1150,482,0,0,216,56,54,46,14,518,550,432,25,21,14,43,0,87,127,1143,326,0,0.2568,0.3222,0.3662,543.3693,4.2073,0.1094,0.0000,0.6884,76.6667,0.0000
120,2034,103,4,0,5281,4613,1189,481,0,0,185,60,70,61,14,578,617,588,15,11,14,55,0,79,132,1188,315,0,0.2577,0.3395,0.3694,617.3510,4.6482,0.1116,0.0000,0.7089,81.3333,0.0000
121,2034,104,5,0,2872,2508,673,293,0,0,142,35,43,17,6,376,395,323,8,4,2,34,1,19,70,630,220,0,0.2683,0.3486,0.4043,381.8835,5.4382,0.1360,0.0000,0.7529,73.9130,0.0000
122,2034,104,5,0,2845,2495,694,267,0,0,140,37,64,26,3,388,400,308,5,13,7,21,1,35,70,630,241,0,0.2782,0.3578,0.4409,415.7540,6.0125,0.1627,0.0000,0.7987,89.6552,0.0000
123,2034,104,5,0,2789,2430,613,281,0,0,118,31,27,35,9,302,317,319,4,6,6,28,0,52,70,630,176,0,0.2523,0.3370,0.3597,312.3554,4.4109,0.1074,0.0000,0.6967,79.5455,0.0000
124,2034,104,5,0,2783,2461,633,229,0,0,108,33,44,43,7,334,362,294,14,6,8,14,0,28,70,630,185,0,0.2572,0.3362,0.3816,337.8907,4.8398,0.1243,0.0000,0.7178,86.0000,0.0000
125,2034,104,5,0,2820,2466,632,220,0,0,106,28,49,24,4,318,332,304,13,10,13,27,0,47,71,639,183,0,0.2563,0.3370,0.3816,334.0508,4.6854,0.1253,0.0000,0.7186,85.7143,0.0000
126,2034,104,5,0,2863,2562,734,259,0,0,142,33,48,21,11,370,398,261,6,8,4,26,2,21,70,630,223,0,0.2865,0.3511,0.4239,400.7878,5.7255,0.1374,0.0000,0.7750,65.6250,0.0000
127,2034,104,5,0,2937,2600,693,232,0,0,126,37,41,22,4,354,377,296,20,10,9,20,2,41,71,639,204,0,0.2665,0.3414,0.3908,363.0336,4.9480,0.1242,0.0000,0.7322,84.6154,0.0000
128,2034,104,5,0,2894,2562,637,246,0,0,121,29,35,17,5,307,332,291,5,9,3,29,0,45,73,657,185,0,0.2486,0.3241,0.3595,313.6008,4.2188,0.1109,0.0000,0.6836,77.2727,0.0000
129,2034,104,5,0,3090,2644,708,232,0,0,108,36,39,13,6,345,369,394,11,12,16,24,0,56,73,657,183,0,0.2678,0.3624,0.3801,386.5028,5.1205,0.1123,0.0000,0.7425,68.4211,0.0000
130,2034,104,5,0,2901,2498,654,251,0,0,125,25,45,11,4,341,357,358,14,12,9,24,0,54,70,630,195,0,0.2618,0.3541,0.3859,359.4412,5.0155,0.1241,0.0000,0.7400,73.3333,0.0000
131,2034,104,5,0,3056,2617,781,277,0,0,130,42,46,26,9,420,439,390,19,9,8,31,1,47,71,639,218,0,0.2984,0.3873,0.4329,465.6414,6.5108,0.1345,0.0000,0.8202,74.2857,0.0000
132,2034,104,5,0,2890,2493,712,226,0,0,129,34,35,38,11,370,387,361,10,8,4,24,0,62,71,639,198,0,0.2856,0.3746,0.4067,398.1984,5.7127,0.1211,0.0000,0.7813,77.5510,0.0000
133,2034,104,5,0,2970,2621,708,273,0,0,130,33,30,14,2,366,388,306,8,12,8,23,0,56,73,657,193,0,0.2701,0.3464,0.3792,357.8667,4.8264,0.1091,0.0000,0.7256,87.5000,0.0000
134,2034,104,5,0,2856,2523,684,312,0,0,132,26,47,24,5,329,359,299,6,1,6,27,0,47,70,630,205,0,0.2711,0.3453,0.3999,363.8846,5.1065,0.1288,0.0000,0.7452,82.7586,0.0000
135,2034,104,5,0,2945,2585,705,276,0,0,132,35,45,28,4,357,370,325,9,6,1,28,0,53,73,657,212,0,0.2727,0.3519,0.4031,384.0738,5.2747,0.1304,0.0000,0.7550,87.5000,0.0000
136,2034,104,5,0,2778,2444,627,286,0,0,98,25,36,28,5,290,303,295,9,7,6,25,1,46,70,630,159,0,0.2565,0.3353,0.3613,312.9626,4.4497,0.1047,0.0000,0.6966,84.8485,0.0000
137,2034,104,5,0,2818,2512,640,270,0,0,89,31,20,21,5,277,290,263,13,11,14,18,0,65,70,630,140,0,0.2548,0.3260,0.3388,283.4558,3.8771,0.0840,0.0000,0.6647,80.7692,0.0000
138,2034,104,5,0,2908,2599,720,271,0,0,111,20,38,18,4,295,316,276,13,8,4,21,0,68,73,657,169,0,0.2770,0.3457,0.3790,345.4361,4.7200,0.1020,0.0000,0.7247,81.8182,0.0000
139,2034,104,5,0,2855,2525,634,296,0,0,110,19,35,12,6,313,329,295,12,6,8,21,0,51,73,657,164,0,0.2511,0.3284,0.3513,302.4441,4.1305,0.1002,0.0000,0.6797,66.6667,0.0000
140,2034,104,5,0,2788,2412,632,261,0,0,114,30,33,22,10,310,324,332,13,12,5,27,0,57,70,630,177,0,0.2620,0.3507,0.3752,332.2806,4.7747,0.1132,0.0000,0.7259,68.7500,0.0000
141,2034,104,5,0,2815,2485,673,234,0,0,117,25,34,7,5,303,317,279,17,17,10,24,0,85,71,639,176,0,0.2708,0.3455,0.3791,323.4533,4.5110,0.1082,0.0000,0.7245,58.3333,0.0000
142,2034,104,5,0,2830,2479,673,283,0,0,117,23,51,9,1,327,349,310,13,8,9,23,1,56,70,630,191,0,0.2715,0.3514,0.3990,359.7402,5.1256,0.1275,0.0000,0.7504,90.0000,0.0000
143,2034,104,5,0,2824,2466,645,297,0,0,91,22,43,27,1,300,312,319,10,9,9,21,0,48,70,630,156,0,0.2616,0.3456,0.3686,334.1713,4.7487,0.1071,0.0000,0.7143,96.4286,0.0000
144,2034,104,5,0,2864,2571,679,257,0,0,111,31,35,15,10,307,334,250,9,8,9,26,0,54,73,657,177,0,0.2641,0.3282,0.3722,319.3705,4.3310,0.1081,0.0000,0.7004,60.0000,0.0000
145,2034,104,5,0,2816,2486,611,257,0,0,109,26,44,33,10,315,332,300,15,5,3,22,0,40,72,648,179,0,0.2458,0.3256,0.3636,310.4684,4.2988,0.1179,0.0000,0.6893,76.7442,0.0000
146,2034,104,5,0,2957,2596,708,288,0,0,124,48,38,35,14,382,403,309,10,9,8,35,0,34,73,657,210,0,0.2727,0.3479,0.4014,384.5323,5.2463,0.1287,0.0000,0.7493,71.4286,0.0000
147,2034,104,5,0,2894,2573,629,303,0,0,113,47,24,27,9,278,299,279,15,11,2,29,0,47,73,657,184,0,0.2445,0.3178,0.3529,301.0838,4.0026,0.1084,0.0000,0.6707,75.0000,0.0000
148,2034,104,5,0,2898,2496,722,210,0,0,127,31,46,15,14,381,406,349,16,9,17,26,1,54,70,630,204,0,0.2893,0.3750,0.4203,408.0418,5.8446,0.1310,0.0000,0.7953,51.7241,0.0000
149,2034,104,5,0,2731,2466,665,242,0,0,108,43,24,24,9,278,293,227,13,10,12,16,0,40,70,630,175,0,0.2697,0.3317,0.3775,317.4247,4.5636,0.1079,0.0000,0.7093,72.7273,0.0000
150,2034,104,5,0,2748,2414,614,250,0,0,128,26,38,29,4,285,297,298,8,9,1,25,1,56,70,630,192,0,0.2543,0.3354,0.3761,317.9275,4.5515,0.1218,0.0000,0.7115,87.8788,0.0000
151,2034,105,6,0,2497,2201,577,228,0,0,106,32,27,24,3,290,310,255,17,4,8,29,0,48,62,558,165,0,0.2622,0.3359,0.3762,290.0570,4.5745,0.1140,0.0000,0.7121,88.8889,0.0000
152,2034,105,6,0,2517,2234,597,193,0,0,109,15,22,27,12,266,276,257,30,3,10,13,0,57,62,558,146,0,0.2672,0.3418,0.3590,277.9445,4.3404,0.0918,0.0000,0.7008,69.2308,0.0000
153,2034,105,6,0,2715,2307,625,235,0,0,113,22,40,12,2,352,375,367,10,8,1,31,1,65,65,585,175,0,0.2709,0.3686,0.3910,350.5729,5.3147,0.1201,0.0000,0.7596,85.7143,0.0000
154,2034,105,6,0,2849,2412,787,176,0,0,132,31,61,13,6,494,520,384,18,7,7,39,0,55,65,585,224,0,0.3263,0.4145,0.4826,506.4178,7.8945,0.1563,0.0000,0.8971,68.4211,0.0000
155,2034,105,6,0,2610,2325,650,258,0,0,87,34,33,31,5,322,337,254,16,4,8,18,1,29,65,585,154,0,0.2796,0.3491,0.3888,333.8419,5.1952,0.1092,0.0000,0.7379,86.1111,0.0000
156,2034,105,6,0,2468,2196,596,184,0,0,80,24,47,22,7,276,288,237,15,7,7,21,0,43,62,558,151,0,0.2714,0.3413,0.3939,304.2652,4.8958,0.1225,0.0000,0.7352,75.8621,0.0000
157,2034,105,6,0,2615,2343,625,219,0,0,100,27,28,9,10,298,312,245,18,7,2,17,1,43,65,585,155,0,0.2668,0.3358,0.3683,295.8078,4.4619,0.1016,0.0000,0.7041,47.3684,0.0000
158,2034,105,6,0,2554,2237,572,226,0,0,99,34,32,34,20,283,295,272,27,5,9,31,0,24,65,585,165,0,0.2557,0.3336,0.3733,295.8013,4.5664,0.1176,0.0000,0.7069,62.9630,0.0000
159,2034,105,6,0,2494,2144,570,200,0,0,118,28,22,27,10,295,305,325,26,6,2,17,0,39,61,549,168,0,0.2659,0.3616,0.3778,311.9741,5.1299,0.1119,0.0000,0.7394,72.9730,0.0000
160,2034,105,6,0,2388,2151,492,251,0,0,82,19,19,18,6,202,218,201,12,8,9,18,1,29,62,558,120,0,0.2287,0.2948,0.3110,207.4784,3.2550,0.0823,0.0000,0.6058,75.0000,0.0000
161,2034,105,6,0,2653,2334,638,258,0,0,97,37,20,23,10,288,304,280,12,14,6,19,0,48,65,585,154,0,0.2734,0.3521,0.3723,318.6591,4.8363,0.0990,0.0000,0.7244,69.6970,0.0000
162,2034,105,6,0,2647,2250,642,191,0,0,112,39,21,37,12,374,390,364,18,7,3,23,0,31,62,558,172,0,0.2853,0.3831,0.3978,373.6131,6.0152,0.1124,0.0000,0.7809,75.5102,0.0000
163,2034,105,6,0,2642,2328,643,223,0,0,110,35,27,27,12,304,321,272,13,7,9,23,3,45,65,585,172,0,0.2762,0.3506,0.3883,329.0343,5.0079,0.1121,0.0000,0.7389,69.2308,0.0000
164,2034,105,6,0,2731,2350,656,220,0,0,115,26,48,17,5,349,363,340,17,10,1,28,2,56,66,594,189,0,0.2791,0.3688,0.4115,373.1174,5.6470,0.1323,0.0000,0.7803,77.2727,0.0000
165,2034,105,6,0,2500,2194,590,230,0,0,97,32,33,26,6,288,313,265,22,6,12,23,0,52,62,558,162,0,0.2689,0.3461,0.3874,304.0030,4.8368,0.1185,0.0000,0.7335,81.2500,0.0000
166,2034,105,6,0,2572,2338,609,256,0,0,124,39,26,44,13,284,298,208,15,4,5,17,0,27,65,585,189,0,0.2605,0.3198,0.3802,295.9237,4.4612,0.1198,0.0000,0.7001,77.1930,0.0000
167,2034,105,6,0,2449,2196,558,233,0,0,89,29,24,14,6,249,267,229,11,7,5,12,0,36,62,558,142,0,0.2541,0.3249,0.3538,261.5019,4.1606,0.0997,0.0000,0.6787,70.0000,0.0000
168,2034,105,6,0,2639,2370,627,225,0,0,110,40,42,12,2,307,321,233,13,5,1,30,0,43,66,594,192,0,0.2646,0.3279,0.3979,318.1376,4.7222,0.1333,0.0000,0.7258,85.7143,0.0000
169,2034,105,6,0,2491,2232,590,250,0,0,91,32,33,10,6,275,296,230,8,6,2,21,0,38,62,558,156,0,0.2643,0.3319,0.3781,288.9539,4.5651,0.1138,0.0000,0.7100,62.5000,0.0000
170,2034,105,6,0,2654,2344,600,252,0,0,109,34,30,26,8,281,303,265,20,11,11,23,0,34,65,585,173,0,0.2560,0.3314,0.3699,303.1687,4.4976,0.1139,0.0000,0.7013,76.4706,0.0000
171,2034,105,6,0,2577,2293,675,208,0,0,116,26,32,29,5,349,369,247,9,12,2,23,0,46,62,558,174,0,0.2944,0.3627,0.4095,353.6386,5.6365,0.1151,0.0000,0.7722,85.2941,0.0000
172,2034,105,6,0,2692,2378,645,204,0,0,110,25,45,11,7,319,345,276,15,10,3,25,0,43,66,594,180,0,0.2712,0.3462,0.3953,337.3261,5.0292,0.1241,0.0000,0.7415,61.1111,0.0000
173,2034,105,6,0,2496,2225,581,237,0,0,71,38,21,33,12,269,286,237,15,3,6,24,1,41,62,558,130,0,0.2611,0.3299,0.3555,271.5734,4.2458,0.0944,0.0000,0.6854,73.3333,0.0000
174,2034,105,6,0,2580,2314,603,230,0,0,101,34,31,11,9,284,303,226,10,15,8,17,0,56,65,585,166,0,0.2606,0.3281,0.3738,284.9630,4.2721,0.1132,0.0000,0.7020,55.0000,0.0000
175,2034,105,6,0,2477,2204,611,187,0,0,110,25,27,2,2,296,311,245,10,6,6,15,1,61,61,549,162,0,0.2772,0.3490,0.3866,299.0183,4.8142,0.1093,0.0000,0.7356,50.0000,0.0000
176,2034,105,6,0,2693,2356,668,202,0,0,121,40,21,19,7,322,346,288,10,8,9,31,1,57,65,585,182,0,0.2835,0.3593,0.3956,346.7073,5.2238,0.1121,0.0000,0.7549,73.0769,0.0000
177,2034,105,6,0,2511,2206,623,218,0,0,101,28,44,9,2,317,334,270,11,4,6,25,0,44,61,549,173,0,0.2824,0.3581,0.4134,339.3087,5.5189,0.1310,0.0000,0.7715,81.8182,0.0000
178,2034,105,6,0,2630,2359,633,267,0,0,117,30,39,16,5,285,310,240,11,11,4,16,0,60,65,585,186,0,0.2683,0.3366,0.3930,313.9355,4.6804,0.1246,0.0000,0.7296,76.1905,0.0000
179,2034,105,6,0,2542,2240,651,233,0,0,130,25,43,29,5,339,361,268,9,10,5,19,0,39,62,558,198,0,0.2906,0.3662,0.4286,368.1697,5.9991,0.1379,0.0000,0.7948,85.2941,0.0000
180,2034,105,6,0,2673,2337,662,211,0,0,94,28,31,18,6,304,322,288,6,9,11,26,2,43,65,585,153,0,0.2833,0.3605,0.3872,343.8512,5.2720,0.1040,0.0000,0.7478,75.0000,0.0000
181,0,0,0,0,0,0,0,0,0,0,0,0,0,0,0,0,0,0,0,0,0,0,0,0,0,0,0,0,0.0000,0.0000,0.0000,0.0000,0.0000,0.0000,0.0000,0.0000,0.0000,0.0000
182,0,0,0,0,0,0,0,0,0,0,0,0,0,0,0,0,0,0,0,0,0,0,0,0,0,0,0,0,0.0000,0.0000,0.0000,0.0000,0.0000,0.0000,0.0000,0.0000,0.0000,0.0000
183,0,0,0,0,0,0,0,0,0,0,0,0,0,0,0,0,0,0,0,0,0,0,0,0,0,0,0,0,0.0000,0.0000,0.0000,0.0000,0.0000,0.0000,0.0000,0.0000,0.0000,0.0000
184,0,0,0,0,0,0,0,0,0,0,0,0,0,0,0,0,0,0,0,0,0,0,0,0,0,0,0,0,0.0000,0.0000,0.0000,0.0000,0.0000,0.0000,0.0000,0.0000,0.0000,0.0000
185,0,0,0,0,0,0,0,0,0,0,0,0,0,0,0,0,0,0,0,0,0,0,0,0,0,0,0,0,0.0000,0.0000,0.0000,0.0000,0.0000,0.0000,0.0000,0.0000,0.0000,0.0000
186,0,0,0,0,0,0,0,0,0,0,0,0,0,0,0,0,0,0,0,0,0,0,0,0,0,0,0,0,0.0000,0.0000,0.0000,0.0000,0.0000,0.0000,0.0000,0.0000,0.0000,0.0000
187,0,0,0,0,0,0,0,0,0,0,0,0,0,0,0,0,0,0,0,0,0,0,0,0,0,0,0,0,0.0000,0.0000,0.0000,0.0000,0.0000,0.0000,0.0000,0.0000,0.0000,0.0000
188,0,0,0,0,0,0,0,0,0,0,0,0,0,0,0,0,0,0,0,0,0,0,0,0,0,0,0,0,0.0000,0.0000,0.0000,0.0000,0.0000,0.0000,0.0000,0.0000,0.0000,0.0000
189,0,0,0,0,0,0,0,0,0,0,0,0,0,0,0,0,0,0,0,0,0,0,0,0,0,0,0,0,0.0000,0.0000,0.0000,0.0000,0.0000,0.0000,0.0000,0.0000,0.0000,0.0000
190,0,0,0,0,0,0,0,0,0,0,0,0,0,0,0,0,0,0,0,0,0,0,0,0,0,0,0,0,0.0000,0.0000,0.0000,0.0000,0.0000,0.0000,0.0000,0.0000,0.0000,0.0000
191,0,0,0,0,0,0,0,0,0,0,0,0,0,0,0,0,0,0,0,0,0,0,0,0,0,0,0,0,0.0000,0.0000,0.0000,0.0000,0.0000,0.0000,0.0000,0.0000,0.0000,0.0000
192,0,0,0,0,0,0,0,0,0,0,0,0,0,0,0,0,0,0,0,0,0,0,0,0,0,0,0,0,0.0000,0.0000,0.0000,0.0000,0.0000,0.0000,0.0000,0.0000,0.0000,0.0000
193,2034,106,11,0,1816,1581,436,163,0,0,62,28,16,30,7,268,285,202,12,3,12,17,1,8,42,378,106,0,0.2758,0.3555,0.3808,235.5209,5.3482,0.1050,0.0000,0.7363,81.0811,0.0000
194,2034,106,11,0,1565,1408,364,182,0,0,51,7,21,4,2,153,162,134,6,5,5,13,0,39,40,360,79,0,0.2585,0.3224,0.3494,158.8276,3.8879,0.0909,0.0000,0.6719,66.6667,0.0000
195,2034,106,11,0,1513,1404,326,275,0,0,56,17,23,6,7,141,149,91,5,2,3,13,0,16,40,360,96,0,0.2322,0.2775,0.3454,135.9225,3.2855,0.1132,0.0000,0.6229,46.1538,0.0000
196,2034,106,11,0,1679,1462,390,141,0,0,74,26,17,24,2,206,234,196,7,3,2,16,0,22,40,360,117,0,0.2668,0.3512,0.3878,214.9490,5.2097,0.1211,0.0000,0.7390,92.3077,0.0000
197,2034,106,11,0,1602,1443,370,200,0,0,57,5,6,6,3,161,182,138,5,3,4,14,0,29,40,360,68,0,0.2564,0.3198,0.3153,150.3498,3.6148,0.0589,0.0000,0.6351,66.6667,0.0000
198,2034,106,11,0,1614,1446,369,135,0,0,49,23,10,46,11,169,181,143,7,2,5,18,0,20,40,360,82,0,0.2552,0.3195,0.3416,169.3074,4.0418,0.0864,0.0000,0.6611,80.7018,0.0000
199,2034,106,11,0,1681,1469,400,162,0,0,77,22,11,12,3,202,226,182,17,7,5,18,0,26,40,360,110,0,0.2723,0.3514,0.3771,205.5177,4.9500,0.1048,0.0000,0.7286,80.0000,0.0000
200,2034,106,11,0,1698,1493,406,128,0,0,59,9,27,16,0,219,238,192,13,4,1,8,0,37,40,360,95,0,0.2719,0.3547,0.3778,207.8255,4.9526,0.1058,0.0000,0.7325,100.0000,0.0000
201,2034,106,11,0,1662,1484,411,172,0,0,70,25,15,11,10,198,208,155,9,4,5,14,0,24,40,360,110,0,0.2770,0.3440,0.3881,203.3704,4.8766,0.1112,0.0000,0.7321,52.3810,0.0000
202,2034,106,11,0,1752,1515,432,133,0,0,73,16,22,16,4,252,277,206,12,5,7,19,0,29,40,360,111,0,0.2851,0.3685,0.3980,235.5672,5.5695,0.1129,0.0000,0.7665,80.0000,0.0000
203,2034,106,11,0,1712,1501,422,100,0,0,88,14,11,26,5,224,243,184,13,7,5,15,0,30,40,360,113,0,0.2811,0.3591,0.3804,216.4799,5.1543,0.0993,0.0000,0.7395,83.8710,0.0000
204,2034,106,11,0,1658,1439,365,182,0,0,66,13,24,15,8,231,249,198,8,3,2,15,1,24,40,360,103,0,0.2536,0.3420,0.3676,192.0144,4.6166,0.1140,0.0000,0.7096,65.2174,0.0000
205,2034,106,11,0,1600,1416,365,170,0,0,72,11,13,9,0,174,190,166,8,1,2,14,1,29,40,360,96,0,0.2578,0.3331,0.3517,173.7505,4.2803,0.0939,0.0000,0.6848,100.0000,0.0000
206,2034,106,11,0,1602,1410,345,175,0,0,64,14,19,6,2,174,187,168,9,3,1,19,1,23,40,360,97,0,0.2447,0.3225,0.3504,168.5654,4.1002,0.1057,0.0000,0.6729,75.0000,0.0000
207,2034,106,11,0,1525,1381,315,134,0,0,47,20,8,3,4,115,130,119,10,7,7,10,1,25,40,360,75,0,0.2281,0.2907,0.3085,126.1304,3.0625,0.0804,0.0000,0.5992,42.8571,0.0000
208,2034,106,11,0,1538,1418,347,187,0,0,51,13,7,13,4,129,139,99,6,3,5,13,0,26,40,360,71,0,0.2447,0.2929,0.3138,132.4236,3.1952,0.0691,0.0000,0.6067,76.4706,0.0000
209,2034,106,11,0,1603,1438,366,166,0,0,58,10,18,3,2,161,179,149,6,3,4,8,1,28,40,360,86,0,0.2545,0.3242,0.3463,165.6398,4.0146,0.0918,0.0000,0.6705,60.0000,0.0000
210,2034,106,11,0,1585,1458,353,207,0,0,46,12,8,10,2,159,171,116,2,3,1,7,0,33,40,360,66,0,0.2421,0.2980,0.3066,134.2100,3.1565,0.0645,0.0000,0.6046,83.3333,0.0000
211,2034,106,11,0,1648,1435,395,160,0,0,70,18,14,6,4,207,226,189,11,1,5,17,1,30,40,360,102,0,0.2753,0.3563,0.3784,202.1002,4.9787,0.1031,0.0000,0.7347,60.0000,0.0000
212,2034,106,11,0,1659,1450,355,141,0,0,69,21,17,9,0,190,203,178,14,6,9,14,2,24,40,360,107,0,0.2448,0.3271,0.3566,179.5942,4.2461,0.1117,0.0000,0.6836,100.0000,0.0000
213,2034,106,11,0,1708,1475,420,158,0,0,87,22,21,25,7,266,288,203,11,5,3,22,0,24,41,369,130,0,0.2847,0.3683,0.4163,241.6032,5.8715,0.1315,0.0000,0.7846,78.1250,0.0000
214,2034,106,11,0,1671,1418,396,120,0,0,64,15,19,28,8,222,246,223,12,4,4,22,0,32,40,360,98,0,0.2793,0.3737,0.3858,220.1444,5.4631,0.1065,0.0000,0.7595,77.7778,0.0000
215,2034,106,11,0,1654,1480,397,199,0,0,62,19,12,20,5,184,194,144,3,4,9,17,0,24,40,360,93,0,0.2682,0.3313,0.3601,185.5042,4.4012,0.0919,0.0000,0.6914,80.0000,0.0000
216,2034,106,11,0,1675,1476,397,142,0,0,67,19,16,17,2,214,236,173,5,6,9,11,0,25,40,360,102,0,0.2690,0.3457,0.3726,201.4027,4.8294,0.1037,0.0000,0.7184,89.4737,0.0000
217,2034,106,11,0,1702,1485,404,147,0,0,56,19,21,23,7,211,225,203,7,2,2,10,0,30,41,369,96,0,0.2721,0.3582,0.3778,211.9559,5.0644,0.1057,0.0000,0.7360,76.6667,0.0000
218,2034,106,11,0,1522,1367,322,130,0,0,50,19,11,7,7,134,144,135,9,4,4,12,0,28,40,360,80,0,0.2356,0.3037,0.3241,136.8014,3.3701,0.0885,0.0000,0.6278,50.0000,0.0000
219,2034,106,11,0,1710,1521,448,151,0,0,78,40,23,27,2,255,282,152,12,6,4,27,0,24,40,360,141,0,0.2945,0.3552,0.4438,252.0524,6.0225,0.1492,0.0000,0.7990,93.1034,0.0000
220,2034,106,11,0,1614,1433,364,177,0,0,74,15,11,11,3,188,215,161,3,2,4,14,0,34,40,360,100,0,0.2540,0.3273,0.3496,169.3081,4.0670,0.0956,0.0000,0.6769,78.5714,0.0000
221,2034,106,11,0,1642,1453,409,154,0,0,80,21,14,22,2,226,247,160,12,2,4,23,0,22,40,360,115,0,0.2815,0.3486,0.3944,212.3639,5.2364,0.1129,0.0000,0.7430,91.6667,0.0000
222,2034,106,11,0,1677,1463,408,166,0,0,72,8,29,12,1,214,233,190,12,8,0,15,1,26,40,360,109,0,0.2789,0.3616,0.3985,222.9634,5.4877,0.1196,0.0000,0.7601,92.3077,0.0000
223,2034,106,11,0,1640,1455,383,199,0,0,76,17,11,11,3,187,198,167,6,1,1,16,0,23,40,360,104,0,0.2632,0.3362,0.3615,186.5287,4.5168,0.0983,0.0000,0.6977,78.5714,0.0000
224,2034,106,11,0,1621,1459,412,154,0,0,65,18,17,7,3,179,198,145,14,3,6,8,0,29,40,360,100,0,0.2824,0.3467,0.3866,198.6140,4.9063,0.1042,0.0000,0.7333,70.0000,0.0000
225,2034,106,11,0,1663,1466,401,156,0,0,51,16,21,6,3,205,230,176,4,7,5,9,0,26,40,360,88,0,0.2735,0.3522,0.3731,201.5554,4.9115,0.0996,0.0000,0.7254,66.6667,0.0000
226,2034,106,11,0,1577,1411,347,142,0,0,65,20,12,8,0,152,172,141,6,5,6,14,0,32,40,360,97,0,0.2459,0.3138,0.3459,157.5527,3.8118,0.0999,0.0000,0.6597,100.0000,0.0000
227,2034,106,11,0,1685,1493,410,154,0,0,76,21,10,4,5,184,205,158,11,5,9,19,1,24,40,360,107,0,0.2746,0.3421,0.3737,198.3985,4.6989,0.0991,0.0000,0.7158,44.4444,0.0000
228,2034,106,11,0,1670,1465,384,177,0,0,68,15,15,19,3,197,214,189,12,1,5,10,0,20,40,360,98,0,0.2621,0.3447,0.3597,194.9814,4.7046,0.0976,0.0000,0.7045,86.3636,0.0000
229,2034,106,11,0,1525,1420,358,177,0,0,58,7,7,12,2,127,141,87,2,4,4,10,0,38,40,360,72,0,0.2521,0.2952,0.3176,130.7888,3.1642,0.0655,0.0000,0.6128,85.7143,0.0000
230,2034,106,11,0,1639,1458,396,136,0,0,68,25,22,22,4,226,247,153,7,6,6,16,0,16,40,360,115,0,0.2716,0.3399,0.3978,209.6913,5.1283,0.1262,0.0000,0.7377,84.6154,0.0000
231,2034,106,11,0,1588,1426,386,161,0,0,67,12,9,16,0,169,188,145,4,2,6,8,1,37,40,360,88,0,0.2707,0.3371,0.3534,174.0157,4.3065,0.0827,0.0000,0.6906,100.0000,0.0000
232,2034,106,11,0,1669,1474,385,155,0,0,55,17,12,22,2,197,211,170,5,6,2,17,0,28,40,360,84,0,0.2612,0.3365,0.3460,183.1870,4.3463,0.0848,0.0000,0.6825,91.6667,0.0000
233,2034,106,11,0,1577,1405,354,224,0,0,52,16,17,5,3,169,182,147,2,3,9,13,0,34,40,360,85,0,0.2520,0.3214,0.3480,160.3613,3.9007,0.0961,0.0000,0.6695,62.5000,0.0000
234,2034,106,11,0,1633,1448,367,191,0,0,60,17,15,10,2,169,187,170,10,0,5,9,1,37,40,360,92,0,0.2535,0.3301,0.3494,170.9068,4.0692,0.0960,0.0000,0.6795,83.3333,0.0000
235,2034,106,11,0,1586,1397,357,138,0,0,66,12,20,23,7,183,190,159,20,3,8,19,0,21,40,360,98,0,0.2555,0.3289,0.3629,176.4380,4.3505,0.1074,0.0000,0.6918,76.6667,0.0000
236,2034,106,11,0,1638,1446,366,139,0,0,68,18,13,13,5,174,189,172,11,3,7,9,1,24,40,360,99,0,0.2531,0.3319,0.3520,177.2515,4.2540,0.0989,0.0000,0.6839,72.2222,0.0000
237,2034,106,11,0,1625,1450,402,123,0,0,69,16,16,16,2,205,222,157,8,3,5,10,0,29,40,360,101,0,0.2772,0.3469,0.3800,198.2313,4.8924,0.1028,0.0000,0.7269,88.8889,0.0000
238,2034,106,11,0,1634,1470,380,167,0,0,78,13,19,14,6,183,193,139,12,3,7,15,0,28,40,360,110,0,0.2585,0.3208,0.3680,177.2569,4.1762,0.1095,0.0000,0.6889,70.0000,0.0000
239,2034,106,11,0,1612,1444,379,155,0,0,65,6,16,5,4,169,184,151,6,2,4,9,2,26,40,360,87,0,0.2625,0.3313,0.3490,171.9833,4.1909,0.0866,0.0000,0.6803,55.5556,0.0000
240,2034,106,11,0,1577,1422,352,177,0,0,72,9,11,4,2,138,149,138,9,2,2,13,0,51,40,360,92,0,0.2475,0.3124,0.3340,144.4608,3.4275,0.0865,0.0000,0.6464,66.6667,0.0000
241,2034,106,11,0,1694,1467,400,168,0,0,78,16,14,10,2,246,260,201,10,4,6,16,0,22,40,360,108,0,0.2727,0.3584,0.3763,212.4183,5.1530,0.1036,0.0000,0.7347,83.3333,0.0000
242,2034,106,11,0,1604,1424,390,128,0,0,74,26,15,17,3,195,218,159,6,3,2,16,0,28,40,360,115,0,0.2739,0.3446,0.3940,201.3061,5.0187,0.1201,0.0000,0.7385,85.0000,0.0000
243,2034,106,11,0,1653,1457,377,161,0,0,76,24,32,26,7,202,220,174,9,5,4,12,1,15,40,360,132,0,0.2588,0.3374,0.4097,214.3241,5.1760,0.1510,0.0000,0.7471,78.7879,0.0000
244,2034,106,11,0,1634,1476,391,142,0,0,58,12,13,7,3,169,181,140,15,2,7,9,0,33,40,360,83,0,0.2649,0.3276,0.3469,169.4119,4.0230,0.0820,0.0000,0.6745,70.0000,0.0000
245,2034,106,11,0,1641,1430,372,158,0,0,79,14,23,17,5,204,218,184,11,6,7,14,0,25,40,360,116,0,0.2601,0.3439,0.3832,199.1515,4.8486,0.1231,0.0000,0.7272,77.2727,0.0000
246,2034,106,11,0,1674,1468,401,147,0,0,81,9,22,11,2,215,239,178,10,4,4,20,0,25,40,360,112,0,0.2732,0.3491,0.3856,208.8886,5.0447,0.1124,0.0000,0.7347,84.6154,0.0000
247,2034,106,11,0,1721,1487,443,153,0,0,84,32,30,20,10,291,304,200,11,8,4,22,0,21,40,360,146,0,0.2979,0.3791,0.4580,272.4037,6.6802,0.1601,0.0000,0.8371,66.6667,0.0000
248,2034,106,11,0,1598,1467,354,199,0,0,60,9,15,16,2,137,154,114,6,3,5,9,0,48,40,360,84,0,0.2413,0.2957,0.3252,137.3809,3.1515,0.0838,0.0000,0.6208,88.8889,0.0000
249,2034,106,11,0,1660,1445,396,152,0,0,70,16,24,7,6,228,241,185,11,4,7,19,0,28,40,360,110,0,0.2740,0.3539,0.3945,210.2563,5.1190,0.1204,0.0000,0.7484,53.8462,0.0000
250,2034,106,11,0,1624,1471,406,160,0,0,67,11,27,13,2,202,219,133,7,2,2,16,0,22,40,360,105,0,0.2760,0.3335,0.3916,199.0959,4.8560,0.1156,0.0000,0.7251,86.6667,0.0000
251,2034,106,11,0,1689,1473,403,140,0,0,56,12,29,13,3,231,244,190,4,3,7,16,0,28,40,360,97,0,0.2736,0.3543,0.3870,213.3753,5.1256,0.1134,0.0000,0.7413,81.2500,0.0000
252,2034,106,11,0,1641,1456,403,175,0,0,67,17,13,5,5,181,196,155,16,6,5,19,0,35,40,360,97,0,0.2768,0.3447,0.3729,190.2430,4.5985,0.0962,0.0000,0.7177,50.0000,0.0000
253,2034,106,11,0,1610,1436,369,180,0,0,66,31,12,35,12,203,221,153,11,6,5,10,0,25,40,360,109,0,0.2570,0.3290,0.3712,182.2128,4.3966,0.1142,0.0000,0.7001,74.4681,0.0000
254,2034,106,11,0,1667,1476,418,148,0,0,59,20,18,25,7,189,219,172,11,2,4,13,0,24,40,360,97,0,0.2832,0.3560,0.3869,213.7723,5.2187,0.1037,0.0000,0.7428,78.1250,0.0000
255,2034,106,11,0,1657,1452,407,115,0,0,65,28,14,21,3,225,245,183,8,4,3,15,0,15,40,360,107,0,0.2803,0.3591,0.3926,221.3689,5.5291,0.1123,0.0000,0.7517,87.5000,0.0000
256,2034,106,11,0,1643,1458,400,112,0,0,73,19,12,26,6,190,210,166,13,2,7,10,0,31,40,360,104,0,0.2743,0.3472,0.3752,197.0356,4.7841,0.1008,0.0000,0.7224,81.2500,0.0000
257,2034,107,11,0,1732,1513,410,158,0,0,71,18,17,23,6,233,246,191,12,6,6,15,1,15,40,360,106,0,0.2710,0.3519,0.3754,216.3156,5.1009,0.1044,0.0000,0.7273,79.3103,0.0000
258,2034,107,11,0,1497,1391,327,198,0,0,66,15,8,4,2,124,136,89,2,3,4,10,0,25,40,360,89,0,0.2351,0.2806,0.3214,125.6285,3.0697,0.0863,0.0000,0.6020,66.6667,0.0000
259,2034,107,11,0,1663,1456,420,146,0,0,52,23,24,14,3,221,245,184,13,2,2,19,0,30,40,360,99,0,0.2885,0.3648,0.4052,225.0584,5.5748,0.1168,0.0000,0.7701,82.3529,0.0000
260,2034,107,11,0,1619,1425,383,147,0,0,68,16,16,6,5,202,224,178,12,1,5,10,0,30,40,360,100,0,0.2688,0.3482,0.3726,190.5338,4.7110,0.1039,0.0000,0.7208,54.5455,0.0000
261,2034,107,11,0,1660,1473,398,142,0,0,73,23,15,22,3,222,232,173,12,2,3,9,0,20,40,360,111,0,0.2702,0.3458,0.3815,206.1042,5.0133,0.1113,0.0000,0.7273,88.0000,0.0000
262,2034,107,11,0,1645,1468,382,136,0,0,66,20,19,13,5,203,221,158,10,3,3,13,0,19,40,360,105,0,0.2602,0.3307,0.3713,189.0927,4.5342,0.1110,0.0000,0.7019,72.2222,0.0000
263,2034,107,11,0,1631,1405,362,159,0,0,56,19,22,29,4,208,225,196,10,6,7,16,1,15,40,360,97,0,0.2577,0.3475,0.3715,200.2658,4.9836,0.1139,0.0000,0.7190,87.8788,0.0000
264,2034,107,11,0,1626,1392,330,164,0,0,75,15,16,20,3,199,220,207,19,4,7,16,0,34,40,360,106,0,0.2371,0.3342,0.3470,172.1163,4.1418,0.1099,0.0000,0.6811,86.9565,0.0000
265,2034,107,11,0,1645,1455,389,177,0,0,68,16,17,14,6,204,227,160,4,8,2,20,0,24,40,360,101,0,0.2674,0.3390,0.3711,192.6545,4.6527,0.1038,0.0000,0.7101,70.0000,0.0000
266,2034,107,11,0,1656,1428,377,150,0,0,52,7,12,15,4,199,216,193,10,11,8,14,2,24,40,360,71,0,0.2640,0.3530,0.3354,183.4462,4.4987,0.0714,0.0000,0.6884,78.9474,0.0000
267,2034,107,11,0,1717,1500,436,155,0,0,62,22,20,10,4,249,274,188,10,9,2,18,0,19,40,360,104,0,0.2907,0.3691,0.4013,236.6885,5.7729,0.1107,0.0000,0.7704,71.4286,0.0000
268,2034,107,11,0,1673,1455,391,181,0,0,84,20,16,16,7,203,220,188,4,4,9,17,0,24,40,360,120,0,0.2687,0.3504,0.3869,209.0935,5.0362,0.1182,0.0000,0.7373,69.5652,0.0000
269,2034,107,11,0,1627,1451,395,143,0,0,69,15,10,14,5,207,224,148,6,10,2,16,0,26,40,360,94,0,0.2722,0.3403,0.3611,186.1362,4.5481,0.0889,0.0000,0.7014,73.6842,0.0000
270,2034,107,11,0,1510,1402,313,267,0,0,51,12,9,8,1,129,148,98,3,2,1,7,0,31,40,360,72,0,0.2233,0.2737,0.2960,113.1747,2.7066,0.0728,0.0000,0.5697,88.8889,0.0000
271,2034,107,11,0,1616,1458,388,158,0,0,74,13,16,12,2,196,201,132,8,4,6,14,2,22,40,360,103,0,0.2661,0.3259,0.3676,181.5118,4.3993,0.1015,0.0000,0.6935,85.7143,0.0000
272,2034,107,11,0,1628,1425,380,146,0,0,76,25,20,15,1,227,240,179,11,2,2,19,1,19,40,360,121,0,0.2667,0.3452,0.3972,209.1246,5.1992,0.1305,0.0000,0.7424,93.7500,0.0000
273,2034,107,11,0,1593,1424,349,149,0,0,54,12,20,11,1,191,202,149,4,2,2,16,0,36,40,360,86,0,0.2451,0.3143,0.3420,157.0363,3.7522,0.0969,0.0000,0.6563,91.6667,0.0000
274,2034,107,11,0,1703,1488,415,143,0,0,87,25,23,11,6,238,252,183,17,5,14,13,0,28,41,369,135,0,0.2789,0.3570,0.4173,228.9431,5.4510,0.1384,0.0000,0.7744,64.7059,0.0000
275,2034,107,11,0,1588,1421,355,192,0,0,71,13,11,7,0,154,168,140,8,3,10,13,1,32,40,360,95,0,0.2498,0.3158,0.3413,157.3007,3.7887,0.0915,0.0000,0.6571,100.0000,0.0000
276,2034,107,11,0,1562,1387,341,166,0,0,58,19,19,20,12,158,169,157,12,4,0,14,0,25,40,360,96,0,0.2459,0.3214,0.3562,163.8574,4.0330,0.1103,0.0000,0.6775,62.5000,0.0000
277,2034,107,11,0,1658,1463,405,162,0,0,61,12,23,15,4,213,230,179,11,3,1,12,0,31,40,360,96,0,0.2768,0.3543,0.3821,205.7582,5.0230,0.1053,0.0000,0.7363,78.9474,0.0000
278,2034,107,11,0,1662,1449,394,153,0,0,68,11,13,14,2,212,233,188,7,5,5,14,1,30,40,360,92,0,0.2719,0.3545,0.3609,196.6458,4.8006,0.0890,0.0000,0.7154,87.5000,0.0000
279,2034,107,11,0,1671,1461,394,146,0,0,58,13,18,10,3,214,232,176,8,6,8,20,0,28,41,369,89,0,0.2697,0.3464,0.3641,194.7127,4.6690,0.0945,0.0000,0.7105,76.9231,0.0000
280,2034,107,11,0,1697,1483,415,131,0,0,65,29,25,22,5,246,267,184,11,5,5,18,2,9,40,360,119,0,0.2798,0.3574,0.4134,237.6290,5.8063,0.1335,0.0000,0.7707,81.4815,0.0000
281,2034,107,11,0,1629,1416,392,139,0,0,60,25,17,10,4,233,241,183,19,4,6,20,0,18,40,360,102,0,0.2768,0.3567,0.3905,210.4222,5.2998,0.1137,0.0000,0.7473,71.4286,0.0000
282,2034,107,11,0,1619,1447,409,191,0,0,69,18,10,17,2,183,208,146,13,4,7,15,0,36,40,360,97,0,0.2827,0.3468,0.3760,193.0500,4.7471,0.0933,0.0000,0.7227,89.4737,0.0000
283,2034,107,11,0,1652,1455,384,119,0,0,72,14,21,5,5,188,216,172,12,6,7,12,0,35,40,360,107,0,0.2639,0.3416,0.3759,190.4226,4.5499,0.1120,0.0000,0.7176,50.0000,0.0000
284,2034,107,11,0,1647,1435,393,120,0,0,76,19,24,16,4,245,260,192,4,4,2,14,0,22,40,360,119,0,0.2739,0.3581,0.4035,220.6741,5.4965,0.1296,0.0000,0.7615,80.0000,0.0000
285,2034,107,11,0,1558,1447,362,175,0,0,63,10,5,11,9,140,147,96,1,4,3,8,0,23,40,360,78,0,0.2502,0.2971,0.3179,137.2191,3.2845,0.0677,0.0000,0.6150,55.0000,0.0000
286,2034,107,11,0,1691,1499,401,130,0,0,78,26,22,26,2,199,217,167,15,11,0,14,0,26,40,360,126,0,0.2675,0.3424,0.3983,215.1148,5.0948,0.1308,0.0000,0.7407,92.8571,0.0000
287,2034,107,11,0,1571,1374,320,147,0,0,65,12,15,24,4,162,183,170,14,8,8,11,0,35,40,360,92,0,0.2329,0.3186,0.3304,151.6365,3.6818,0.0975,0.0000,0.6490,85.7143,0.0000
288,2034,107,11,0,1678,1488,432,103,0,0,72,14,38,7,1,244,264,165,9,6,7,12,0,27,40,360,124,0,0.2903,0.3609,0.4341,240.4309,5.8854,0.1438,0.0000,0.7950,87.5000,0.0000
289,2034,107,11,0,1540,1397,351,161,0,0,72,10,10,5,3,153,165,123,4,3,2,15,0,29,40,360,92,0,0.2513,0.3101,0.3386,149.1501,3.6777,0.0873,0.0000,0.6487,62.5000,0.0000
290,2034,107,11,0,1706,1518,427,143,0,0,86,19,13,8,2,216,230,152,12,2,10,23,1,22,40,360,118,0,0.2813,0.3428,0.3887,211.7711,4.9807,0.1074,0.0000,0.7314,80.0000,0.0000
291,2034,107,11,0,1728,1493,415,157,0,0,79,25,20,22,0,279,307,211,6,7,1,16,0,17,40,360,124,0,0.2780,0.3665,0.4046,242.1935,5.8806,0.1266,0.0000,0.7711,100.0000,0.0000
292,2034,107,11,0,1649,1446,408,133,0,0,71,20,30,11,6,220,235,171,9,7,5,19,1,26,40,360,121,0,0.2822,0.3567,0.4212,225.6138,5.5682,0.1390,0.0000,0.7778,64.7059,0.0000
293,2034,107,11,0,1636,1457,419,160,0,0,65,15,23,9,6,213,232,154,1,5,2,18,0,34,40,360,103,0,0.2876,0.3537,0.4001,210.1883,5.1686,0.1126,0.0000,0.7539,60.0000,0.0000
294,2034,107,11,0,1601,1433,373,123,0,0,63,15,14,14,5,177,195,146,10,5,1,16,0,30,40,360,92,0,0.2603,0.3275,0.3545,171.2813,4.1588,0.0942,0.0000,0.6820,73.6842,0.0000
295,2034,107,11,0,1685,1497,427,157,0,0,74,15,7,8,4,216,234,164,6,7,3,14,0,33,40,360,96,0,0.2852,0.3555,0.3687,202.3928,4.8617,0.0835,0.0000,0.7243,66.6667,0.0000
296,2034,107,11,0,1663,1463,425,151,0,0,68,17,20,13,7,208,226,169,7,7,4,20,0,31,40,360,105,0,0.2905,0.3623,0.4012,220.1151,5.4028,0.1107,0.0000,0.7635,65.0000,0.0000
297,2034,107,11,0,1680,1474,400,153,0,0,58,16,18,22,7,203,222,179,9,5,7,15,0,29,40,360,92,0,0.2714,0.3491,0.3691,199.7525,4.7644,0.0977,0.0000,0.7181,75.8621,0.0000
298,2034,107,11,0,1572,1451,359,175,0,0,51,5,15,2,3,152,155,103,2,4,4,10,0,26,40,360,71,0,0.2474,0.2972,0.3205,139.1673,3.3106,0.0731,0.0000,0.6177,40.0000,0.0000
299,2034,107,11,0,1681,1480,411,145,0,0,65,34,25,26,8,234,252,174,9,6,3,18,0,29,40,360,124,0,0.2777,0.3522,0.4182,226.7083,5.4313,0.1405,0.0000,0.7704,76.4706,0.0000
300,2034,107,11,0,1657,1456,383,195,0,0,66,16,18,7,4,199,218,178,2,10,3,10,0,31,40,360,100,0,0.2630,0.3452,0.3674,192.0672,4.6261,0.1044,0.0000,0.7127,63.6364,0.0000
301,2034,107,11,0,1643,1430,390,150,0,0,66,9,34,4,2,196,210,185,7,4,4,20,0,35,40,360,109,0,0.2727,0.3533,0.4028,210.4266,5.1603,0.1301,0.0000,0.7561,66.6667,0.0000
302,2034,107,11,0,1681,1462,382,172,0,0,64,10,19,21,2,203,221,197,8,5,1,16,0,11,40,360,93,0,0.2613,0.3476,0.3577,201.4974,4.9013,0.0964,0.0000,0.7053,91.3043,0.0000
303,2034,107,11,0,1614,1420,370,146,0,0,60,14,14,6,4,197,211,166,11,9,6,13,0,43,40,360,88,0,0.2606,0.3389,0.3521,171.4428,4.1478,0.0915,0.0000,0.6910,60.0000,0.0000
304,2034,107,11,0,1667,1478,406,173,0,0,61,13,22,10,2,202,226,168,5,3,2,16,0,26,40,360,96,0,0.2747,0.3465,0.3782,203.1069,4.9051,0.1035,0.0000,0.7248,83.3333,0.0000
305,2034,107,11,0,1619,1471,373,168,0,0,74,16,15,6,0,175,191,130,4,3,2,11,2,32,40,360,105,0,0.2536,0.3133,0.3562,166.3309,3.9291,0.1027,0.0000,0.6695,100.0000,0.0000
306,2034,107,11,0,1570,1402,324,157,0,0,55,10,9,19,5,143,156,147,5,6,4,10,1,23,40,360,74,0,0.2311,0.3048,0.3039,137.8307,3.3227,0.0728,0.0000,0.6086,79.1667,0.0000
307,2034,107,11,0,1653,1433,380,161,0,0,67,20,21,12,6,218,230,197,10,5,3,15,0,19,40,360,108,0,0.2652,0.3527,0.3838,207.4075,5.1095,0.1186,0.0000,0.7365,66.6667,0.0000
308,2034,107,11,0,1531,1373,328,172,0,0,48,7,18,6,3,131,138,138,3,1,8,11,0,37,40,360,73,0,0.2389,0.3066,0.3234,137.3205,3.3584,0.0845,0.0000,0.6300,66.6667,0.0000
309,2034,107,11,0,1658,1448,402,141,0,0,52,21,23,17,2,231,243,192,12,4,7,7,0,23,40,360,96,0,0.2776,0.3622,0.3902,217.3668,5.4091,0.1126,0.0000,0.7524,89.4737,0.0000
310,2034,107,11,0,1593,1437,373,153,0,0,69,10,11,16,5,148,165,135,9,6,6,9,0,24,40,360,90,0,0.2596,0.3239,0.3445,166.0630,4.0467,0.0849,0.0000,0.6683,76.1905,0.0000
311,2034,107,11,0,1719,1490,461,136,0,0,91,21,21,8,0,277,294,196,5,10,3,20,0,27,40,360,133,0,0.3094,0.3887,0.4409,270.0659,6.7579,0.1315,0.0000,0.8296,100.0000,0.0000
312,2034,107,11,0,1757,1538,449,115,0,0,72,15,23,10,2,224,236,192,11,6,7,13,1,29,40,360,110,0,0.2919,0.3699,0.4031,240.0225,5.6847,0.1112,0.0000,0.7730,83.3333,0.0000
313,2034,107,11,0,1669,1475,394,160,0,0,74,16,25,2,2,198,209,164,12,9,10,11,0,35,40,360,115,0,0.2671,0.3418,0.3898,199.6852,4.7335,0.1227,0.0000,0.7316,50.0000,0.0000
314,2034,107,11,0,1527,1433,368,141,0,0,58,16,13,9,1,152,162,83,8,0,4,7,0,31,40,360,87,0,0.2568,0.2961,0.3468,144.5783,3.5231,0.0900,0.0000,0.6430,90.0000,0.0000
315,2034,107,11,0,1595,1466,373,190,0,0,59,9,9,2,1,171,186,113,3,7,3,6,0,29,40,360,77,0,0.2544,0.3097,0.3254,148.9554,3.5528,0.0709,0.0000,0.6350,66.6667,0.0000
316,2034,107,11,0,1711,1498,413,152,0,0,66,25,35,42,7,251,274,190,6,4,1,18,0,15,40,360,126,0,0.2757,0.3550,0.4232,244.3255,5.8586,0.1475,0.0000,0.7782,85.7143,0.0000
317,2034,107,11,0,1572,1436,327,194,0,0,64,17,7,7,2,144,155,114,7,6,6,9,1,26,40,360,88,0,0.2277,0.2856,0.3106,129.8393,3.0431,0.0829,0.0000,0.5962,77.7778,0.0000
318,2034,107,11,0,1642,1503,426,172,0,0,57,23,8,10,5,194,206,117,4,4,5,13,0,28,40,360,88,0,0.2834,0.3341,0.3679,187.1874,4.4805,0.0845,0.0000,0.7021,66.6667,0.0000
319,2034,107,11,0,1701,1488,433,132,0,0,66,12,26,10,3,229,256,194,3,6,3,10,0,33,40,360,104,0,0.2910,0.3728,0.4039,233.1073,5.7010,0.1129,0.0000,0.7767,76.9231,0.0000
320,2034,107,11,0,1689,1474,405,143,0,0,71,10,20,7,1,230,251,187,8,7,3,17,1,23,40,360,101,0,0.2748,0.3555,0.3772,210.6517,5.1101,0.1024,0.0000,0.7327,87.5000,0.0000
321,2034,108,10,0,2006,1778,494,183,0,0,83,34,20,26,8,257,273,205,14,3,5,15,0,20,50,450,137,0,0.2778,0.3508,0.3965,261.8587,5.3079,0.1187,0.0000,0.7473,76.4706,0.0000
322,2034,108,10,0,2073,1816,499,202,0,0,91,26,19,15,6,252,261,225,9,6,6,20,0,23,50,450,136,0,0.2748,0.3532,0.3849,263.0999,5.1776,0.1101,0.0000,0.7381,71.4286,0.0000
323,2034,108,10,0,2112,1876,537,208,0,0,103,17,38,17,3,285,298,199,13,11,9,17,0,30,51,459,158,0,0.2862,0.3552,0.4200,291.2728,5.6254,0.1338,0.0000,0.7752,85.0000,0.0000
324,2034,108,10,0,2025,1777,454,221,0,0,62,26,30,18,8,206,210,216,9,10,4,18,0,29,50,450,118,0,0.2555,0.3365,0.3703,233.4550,4.5610,0.1148,0.0000,0.7068,69.2308,0.0000
325,2034,108,10,0,1975,1756,452,194,0,0,59,28,30,13,7,198,207,202,12,3,2,12,0,38,50,450,117,0,0.2574,0.3330,0.3741,223.4869,4.4271,0.1167,0.0000,0.7071,65.0000,0.0000
326,2034,108,10,0,2012,1765,462,191,0,0,64,23,27,23,4,238,247,217,15,5,9,16,0,34,50,450,114,0,0.2618,0.3415,0.3700,234.9552,4.6441,0.1082,0.0000,0.7115,85.1852,0.0000
327,2034,108,10,0,2000,1757,483,202,0,0,69,20,36,21,12,238,247,212,9,6,8,17,0,28,50,450,125,0,0.2749,0.3519,0.3984,257.2149,5.1866,0.1235,0.0000,0.7503,63.6364,0.0000
328,2034,108,10,0,2074,1798,506,189,0,0,91,22,34,26,7,261,277,240,11,6,4,25,1,41,50,450,147,0,0.2814,0.3635,0.4132,282.7886,5.5773,0.1318,0.0000,0.7767,78.7879,0.0000
329,2034,108,10,0,2030,1790,489,167,0,0,92,31,29,14,6,247,266,200,17,11,10,19,0,33,50,450,152,0,0.2732,0.3465,0.4078,261.4043,5.1555,0.1346,0.0000,0.7544,70.0000,0.0000
330,2034,108,10,0,2136,1876,531,202,0,0,92,28,23,21,4,283,300,228,18,6,6,20,0,19,51,459,143,0,0.2830,0.3592,0.3987,287.8376,5.5750,0.1157,0.0000,0.7579,84.0000,0.0000
331,2034,108,10,0,2075,1825,525,181,0,0,99,18,34,17,1,264,282,228,11,3,1,18,0,28,51,459,151,0,0.2877,0.3645,0.4175,293.5749,5.8802,0.1299,0.0000,0.7820,94.4444,0.0000
332,2034,108,10,0,2049,1795,508,213,0,0,102,19,25,5,3,259,274,226,11,7,3,18,0,45,50,450,146,0,0.2830,0.3622,0.4028,268.6229,5.3487,0.1198,0.0000,0.7650,62.5000,0.0000
333,2034,108,10,0,2101,1858,554,161,0,0,77,27,25,8,9,278,295,205,15,5,14,18,1,33,51,459,129,0,0.2982,0.3663,0.4090,285.8776,5.6014,0.1109,0.0000,0.7753,47.0588,0.0000
334,2034,108,10,0,2126,1846,544,192,0,0,94,27,26,15,5,274,285,252,14,9,3,16,0,41,50,450,147,0,0.2947,0.3792,0.4171,304.1355,6.0071,0.1224,0.0000,0.7963,75.0000,0.0000
335,2034,108,10,0,2128,1828,520,188,0,0,96,32,20,16,2,286,303,264,24,7,12,17,0,41,50,450,148,0,0.2845,0.3738,0.4048,290.9115,5.6917,0.1204,0.0000,0.7786,88.8889,0.0000
336,2034,108,10,0,2079,1838,517,193,0,0,86,19,28,11,4,250,264,211,20,7,6,17,0,29,50,450,133,0,0.2813,0.3546,0.3945,268.1579,5.2580,0.1132,0.0000,0.7490,73.3333,0.0000
337,2034,108,10,0,2093,1833,532,182,0,0,93,20,25,18,3,254,268,226,20,11,8,15,0,33,50,450,138,0,0.2902,0.3688,0.4037,286.3848,5.6856,0.1135,0.0000,0.7725,85.7143,0.0000
338,2034,108,10,0,2016,1776,494,207,0,0,77,15,25,11,4,229,241,219,11,6,7,8,0,30,50,450,117,0,0.2782,0.3579,0.3806,253.1918,5.1361,0.1025,0.0000,0.7385,73.3333,0.0000
339,2034,108,10,0,2011,1805,491,190,0,0,89,25,14,18,2,226,244,181,12,6,3,16,0,29,50,450,128,0,0.2720,0.3376,0.3723,237.0317,4.6920,0.1003,0.0000,0.7099,90.0000,0.0000
340,2034,108,10,0,2131,1890,541,201,0,0,80,26,24,21,3,281,298,205,12,5,6,23,2,25,50,450,130,0,0.2862,0.3537,0.3942,279.3110,5.3637,0.1079,0.0000,0.7479,87.5000,0.0000
341,2034,108,10,0,2072,1828,508,213,0,0,69,22,19,26,2,242,254,201,14,9,11,23,0,27,50,450,110,0,0.2779,0.3484,0.3709,252.7752,4.9349,0.0930,0.0000,0.7193,92.8571,0.0000
342,2034,108,10,0,2106,1855,531,177,0,0,83,18,27,30,8,261,282,216,11,9,5,21,0,27,50,450,128,0,0.2863,0.3598,0.3941,279.2797,5.4444,0.1078,0.0000,0.7539,78.9474,0.0000
343,2034,108,10,0,1943,1714,440,171,0,0,65,26,23,16,4,196,213,203,16,7,3,16,0,36,50,450,114,0,0.2567,0.3351,0.3652,218.0805,4.4172,0.1085,0.0000,0.7003,80.0000,0.0000
344,2034,108,10,0,2014,1783,476,189,0,0,79,27,21,19,3,243,262,204,13,4,2,20,1,38,50,450,127,0,0.2670,0.3401,0.3769,237.6577,4.6838,0.1099,0.0000,0.7170,86.3636,0.0000
345,2034,108,10,0,2005,1762,496,176,0,0,103,14,27,15,5,228,247,208,18,6,9,20,0,33,50,450,144,0,0.2815,0.3557,0.4018,262.0431,5.3077,0.1203,0.0000,0.7575,75.0000,0.0000
346,2034,108,10,0,2050,1780,482,194,0,0,96,9,39,14,6,273,288,231,17,15,5,19,0,32,50,450,144,0,0.2708,0.3560,0.4006,266.6766,5.2943,0.1298,0.0000,0.7566,70.0000,0.0000
347,2034,108,10,0,1975,1761,445,195,0,0,74,11,15,9,2,175,193,191,13,3,8,12,0,62,50,450,100,0,0.2527,0.3249,0.3328,188.6990,3.6392,0.0801,0.0000,0.6576,81.8182,0.0000
348,2034,108,10,0,2037,1798,525,178,0,0,61,21,20,10,6,250,271,197,12,11,9,21,1,29,50,450,102,0,0.2920,0.3616,0.3826,260.4678,5.2561,0.0907,0.0000,0.7443,62.5000,0.0000
349,0,0,0,0,0,0,0,0,0,0,0,0,0,0,0,0,0,0,0,0,0,0,0,0,0,0,0,0,0.0000,0.0000,0.0000,0.0000,0.0000,0.0000,0.0000,0.0000,0.0000,0.0000
350,0,0,0,0,0,0,0,0,0,0,0,0,0,0,0,0,0,0,0,0,0,0,0,0,0,0,0,0,0.0000,0.0000,0.0000,0.0000,0.0000,0.0000,0.0000,0.0000,0.0000,0.0000
351,0,0,0,0,0,0,0,0,0,0,0,0,0,0,0,0,0,0,0,0,0,0,0,0,0,0,0,0,0.0000,0.0000,0.0000,0.0000,0.0000,0.0000,0.0000,0.0000,0.0000,0.0000
352,0,0,0,0,0,0,0,0,0,0,0,0,0,0,0,0,0,0,0,0,0,0,0,0,0,0,0,0,0.0000,0.0000,0.0000,0.0000,0.0000,0.0000,0.0000,0.0000,0.0000,0.0000
353,0,0,0,0,0,0,0,0,0,0,0,0,0,0,0,0,0,0,0,0,0,0,0,0,0,0,0,0,0.0000,0.0000,0.0000,0.0000,0.0000,0.0000,0.0000,0.0000,0.0000,0.0000
354,0,0,0,0,0,0,0,0,0,0,0,0,0,0,0,0,0,0,0,0,0,0,0,0,0,0,0,0,0.0000,0.0000,0.0000,0.0000,0.0000,0.0000,0.0000,0.0000,0.0000,0.0000
