team_id,gate_revenue,season_ticket_revenue,media_revenue,merchandising_revenue,revenue_sharing,playoff_revenue,cash,cash_owner,cash_trades,previous_balance,player_expenses,staff_expenses,stadium_expenses,season_tickets,attendance,fan_interest,fan_loyalty,fan_modifier,ticket_price,local_media_contract,local_media_contract_expires,national_media_contract,national_media_contract_expires,scouting_budget,development_budget,draft_budget,draft_expenses,intl_fa_budget,spent_in_intl,budget,market,owner_expectation,total_revenue,total_expenses,financial_balance,budget_balance,player_payroll,player_payroll_next_season,player_payroll_offered,mode
1,0,6304025,50500000,0,3975287,0,-10000000,15148760,0,-29124047,0,0,0,3459,0,51,3,0,22.5000,26000000,3,24500000,1,4000000,6000000,14060000,0,3750000,0,102000000,4,3,56804025,10000000,36804025,64190000,101565000.0000,76065000.0000,950000.0000,0
2,0,10592590,85250000,0,3970229,0,5800000,-26930527,-200000,28960298,0,0,0,4799,0,57,6,4,27.2500,45000000,2,40250000,1,8770000,13160000,10280000,0,2740000,0,168000000,7,3,95842590,21930000,79712590,138850000,93425000.0000,116480000.0000,19590000.0000,0
3,0,16574541,77500000,0,0,0,-2800000,3847971,0,-6647971,0,0,0,6496,0,74,8,3,31.5000,42500000,1,35000000,3,4000000,6810000,14060000,0,3750000,0,192000000,6,3,94074541,10810000,80464541,160580000,170290000.0000,168550000.0000,1000000.0000,0
4,0,9087791,62250000,0,3975164,0,0,7282849,0,-11258013,0,0,0,4724,0,55,5,10,23.7500,32500000,2,29750000,2,4000000,6000000,4680000,0,1250000,0,150000000,5,4,71337791,10000000,61337791,134070000,107265000.0000,106175000.0000,21430000.0000,0
5,0,7134922,40250000,0,3970226,0,10000000,-24482897,0,31057671,0,0,0,4097,0,54,4,5,21.5000,21000000,1,19250000,1,9310000,10350000,8080000,0,2150000,0,118000000,3,4,47384922,19660000,37724922,98110000,65070000.0000,81330000.0000,8770000.0000,0
6,0,11438251,64750000,0,0,0,0,29908419,0,-29908419,0,0,0,5484,0,72,6,0,25.7500,35000000,2,29750000,1,9110000,13220000,12210000,0,2750000,0,154000000,5,1,76188251,22330000,53858251,116710000,95160000.0000,71960000.0000,14830000.0000,2
7,0,14380027,42250000,0,3975781,0,6000000,-14624509,0,16648728,0,0,0,6175,0,72,7,5,28.7500,23000000,1,19250000,3,5760000,12350000,9650000,0,2570000,0,132000000,3,4,56630027,18110000,44520027,107670000,87105000.0000,79975000.0000,8290000.0000,0
8,0,23608884,161500000,0,-12536661,0,10000000,-14893284,0,38161056,0,0,0,7721,0,92,8,2,37.7500,95000000,2,66500000,1,8910000,17820000,13920000,0,3710000,0,282000000,12,1,185108884,26730000,168378884,247640000,191630000.0000,195145000.0000,46440000.0000,0
9,0,23574135,87750000,0,3975905,0,6000000,-78366042,0,81263717,0,0,0,7415,0,82,9,5,39.2500,47500000,1,40250000,1,4520000,10180000,6780000,0,2120000,0,216000000,7,5,111324135,14700000,102624135,198400000,139595000.0000,165650000.0000,30460000.0000,1
10,0,23470050,105500000,0,5061,0,6000000,-31457630,0,43076026,0,0,0,8105,0,93,8,8,35.7500,60000000,3,45500000,1,12770000,15330000,11970000,0,3190000,0,234000000,8,4,128970050,28100000,106870050,196740000,171840000.0000,132210000.0000,17700000.0000,0
11,0,15763952,67250000,0,3974979,0,10000000,-12295752,0,18825773,0,0,0,6329,0,73,7,6,30.7500,37500000,1,29750000,3,11510000,13290000,10380000,0,2760000,0,178000000,5,2,83013952,24800000,68213952,150060000,110630000.0000,98690000.0000,32300000.0000,0
12,0,11203920,85250000,0,-3,0,10000000,-117149,0,10117152,0,0,0,4940,0,65,6,-2,28.0000,45000000,2,40250000,1,10230000,15350000,11990000,0,3190000,0,180000000,7,4,96453920,25580000,80873920,149240000,103280000.0000,80365000.0000,31630000.0000,0
13,0,15952950,67250000,0,3974608,0,2879636,0,0,-1094972,0,0,0,6565,0,79,7,1,30.0000,37500000,2,29750000,3,11445800,15607900,12193700,0,3251600,0,182000000,5,3,83202950,27053700,59028886,142380636,118110700.0000,140465000.0000,18860000.0000,0
14,0,20671524,105500000,0,-7947152,0,0,15755137,0,-7807985,0,0,0,7089,0,88,7,3,36.0000,60000000,2,45500000,1,7200000,13500000,9000000,0,2810000,0,292000000,8,4,126171524,20700000,105471524,259490000,175275000.0000,138770000.0000,54530000.0000,0
15,0,24197778,120750000,0,-9373399,0,10000000,-34368752,0,54223231,0,0,0,8074,0,99,8,13,37.0000,70000000,1,50750000,1,13200000,18000000,14060000,0,3750000,0,280000000,9,5,144947778,31200000,123747778,240990000,163420000.0000,163600000.0000,45200000.0000,0
16,0,14501833,90250000,0,0,0,9080000,-25755785,1080000,35295785,0,0,0,5870,0,78,7,-5,30.5000,50000000,2,40250000,2,12300000,16770000,13100000,0,3490000,0,188000000,7,3,104751833,29070000,84761833,151420000,88840000.0000,75310000.0000,43570000.0000,0
17,0,19439595,115750000,0,-4804495,0,5955878,0,0,10760373,0,0,0,6857,0,81,7,7,35.0000,65000000,2,50750000,1,12160000,14590000,11400000,0,3040000,0,238000000,9,3,135189595,26750000,114395473,202765878,131735000.0000,99175000.0000,25630000.0000,0
18,0,12489590,52500000,0,3970226,0,10000000,-29181860,0,36301634,0,0,0,5607,0,67,7,1,27.5000,28000000,3,24500000,1,10700000,16060000,12540000,0,3340000,0,146000000,4,2,64989590,26760000,48229590,113360000,66289999.0000,68789999.0000,35770000.0000,0
19,0,22255884,90250000,0,0,0,10000000,-20932282,0,37846603,0,0,0,6542,0,81,7,6,42.0000,50000000,1,40250000,1,8400000,13500000,9000000,0,2810000,0,258000000,7,3,112505884,21900000,100605884,234290000,157890000.0000,109970000.0000,26250000.0000,1
20,0,21590064,105500000,0,-6667379,0,8000000,-2707770,0,17797371,0,0,0,7404,0,86,7,10,36.0000,60000000,1,45500000,1,7260000,13630000,10640000,0,2830000,0,240000000,8,4,127090064,20890000,114200064,213640000,149591500.0000,139025000.0000,24390000.0000,0
21,0,12751096,67250000,0,0,0,-1900000,7158085,0,-9058085,0,0,0,5204,0,76,5,-2,30.2500,37500000,2,29750000,1,12240000,14130000,1760000,0,2940000,0,176000000,5,3,80001096,26370000,51731096,143030000,101235000.0000,93830000.0000,29450000.0000,0
22,0,16555791,67250000,0,0,0,-750000,1748967,0,-2498967,0,0,0,6289,0,80,7,-1,32.5000,37500000,2,29750000,1,4800000,6000000,4680000,0,1250000,0,180000000,5,4,83805791,31800000,51255791,141520000,117310000.0000,106565000.0000,17850000.0000,0
23,0,32168664,120750000,0,-18224306,0,6000000,-18244240,0,43714225,0,0,0,9026,0,87,10,27,44.0000,70000000,2,50750000,3,7910000,10480000,6980000,0,2180000,0,308000000,9,5,152918664,18390000,140528664,286450000,263115000.0000,255020000.0000,15460000.0000,1
24,0,13426884,67250000,0,3970226,0,10200000,-4693491,200000,11066413,0,0,0,5716,0,70,7,0,29.0000,37500000,2,29750000,1,6890000,10880000,8500000,0,2260000,0,168000000,5,1,80676884,17770000,73106884,149670000,116804925.0000,91155000.0000,9920000.0000,0
25,0,7725776,62250000,0,3970226,0,2000000,-13571613,0,11601387,0,0,0,4016,0,55,4,3,23.7500,32500000,1,29750000,2,4000000,6000000,4680000,0,1250000,0,116000000,5,3,69975776,10000000,61975776,102070000,88390000.0000,108535000.0000,7680000.0000,0
26,0,16608318,67250000,0,3970226,0,10000000,0,0,10782072,0,0,0,6668,0,81,7,4,30.7500,37500000,2,29750000,2,6260000,11750000,9180000,0,2440000,0,170000000,5,4,83858318,19257702,74600616,149122298,124570000.0000,100345000.0000,19670000.0000,0
27,0,10440187,41250000,0,3970226,0,4920000,-9424286,-1080000,12713319,0,0,0,5427,0,65,7,1,23.7500,22000000,2,19250000,1,4420000,6020000,4710000,0,1250000,0,114000000,3,1,51690187,10440000,46170187,102520000,75769500.0000,82860000.0000,14260000.0000,0
28,0,6077914,50500000,0,3970226,0,6000000,-29168406,0,31198180,0,0,0,3848,0,50,5,0,19.5000,26000000,1,24500000,2,4130000,6890000,5390000,0,1430000,0,99000000,4,5,56577914,11020000,51557914,87160000,58992500.0000,77385000.0000,23080000.0000,0
29,0,16553521,54500000,0,3970226,0,10000000,-14681717,0,21038158,850000,0,0,6646,0,79,7,6,30.7500,30000000,1,24500000,3,6710000,12580000,9830000,0,2620000,0,160000000,4,3,71053521,20140000,60913521,137410000,101395000.0000,99030000.0000,14300000.0000,0
30,0,20418192,110750000,0,0,0,0,15497954,0,-15497954,0,1148000,0,7254,0,74,7,20,34.7500,60000000,1,50750000,2,13800000,18000000,14060000,0,3750000,0,260000000,9,4,131168192,49748000,81420192,192442000,153785000.0000,129005000.0000,31500000.0000,0
31,0,0,0,0,0,0,0,0,0,0,0,0,0,0,0,99,0,0,0.0000,0,0,0,0,0,0,0,0,0,0,0,0,0,0,0,0,0,0.0000,0.0000,0.0000,0
32,0,0,0,0,0,0,0,0,0,0,0,0,0,0,0,66,0,0,0.0000,0,0,0,0,0,0,0,0,0,0,0,0,0,0,0,0,0,1540000.0000,0.0000,0.0000,0
33,0,0,0,0,0,0,0,0,0,0,0,0,0,0,0,59,0,0,0.0000,0,0,0,0,0,0,0,0,0,0,0,0,0,0,0,0,0,900000.0000,0.0000,0.0000,0
34,0,0,0,0,0,0,0,0,0,0,0,0,0,0,0,62,0,0,0.0000,0,0,0,0,0,0,0,0,0,0,0,0,0,0,0,0,0,900000.0000,0.0000,0.0000,0
35,0,0,0,0,0,0,0,0,0,0,0,0,0,0,0,66,0,0,0.0000,0,0,0,0,0,0,0,0,0,0,0,0,0,0,0,0,0,0.0000,0.0000,0.0000,2
36,0,0,0,0,0,0,0,0,0,0,0,0,0,0,0,81,0,0,0.0000,0,0,0,0,0,0,0,0,0,0,0,0,0,0,0,0,0,1040000.0000,0.0000,0.0000,0
37,0,0,0,0,0,0,0,0,0,0,0,0,0,0,0,75,0,0,0.0000,0,0,0,0,0,0,0,0,0,0,0,0,0,0,0,0,0,1100000.0000,0.0000,0.0000,0
38,0,0,0,0,0,0,0,0,0,0,0,0,0,0,0,69,0,0,0.0000,0,0,0,0,0,0,0,0,0,0,0,0,0,0,0,0,0,0.0000,0.0000,0.0000,2
39,0,0,0,0,0,0,0,0,0,0,0,0,0,0,0,73,0,0,0.0000,0,0,0,0,0,0,0,0,0,0,0,0,0,0,0,0,0,0.0000,0.0000,0.0000,0
40,0,0,0,0,0,0,0,0,0,0,0,0,0,0,0,69,0,0,0.0000,0,0,0,0,0,0,0,0,0,0,0,0,0,0,0,0,0,0.0000,0.0000,0.0000,2
41,0,0,0,0,0,0,0,0,0,0,0,0,0,0,0,76,0,0,0.0000,0,0,0,0,0,0,0,0,0,0,0,0,0,0,0,0,0,4530000.0000,0.0000,0.0000,0
42,0,0,0,0,0,0,0,0,0,0,0,0,0,0,0,87,0,0,0.0000,0,0,0,0,0,0,0,0,0,0,0,0,0,0,0,0,0,0.0000,0.0000,0.0000,0
43,0,0,0,0,0,0,0,0,0,0,0,0,0,0,0,63,0,0,0.0000,0,0,0,0,0,0,0,0,0,0,0,0,0,0,0,0,0,1850000.0000,0.0000,0.0000,2
44,0,0,0,0,0,0,0,0,0,0,0,0,0,0,0,92,0,0,0.0000,0,0,0,0,0,0,0,0,0,0,0,0,0,0,0,0,0,0.0000,0.0000,0.0000,0
45,0,0,0,0,0,0,0,0,0,0,0,0,0,0,0,70,0,0,0.0000,0,0,0,0,0,0,0,0,0,0,0,0,0,0,0,0,0,2180000.0000,0.0000,0.0000,0
46,0,0,0,0,0,0,0,0,0,0,0,0,0,0,0,69,0,0,0.0000,0,0,0,0,0,0,0,0,0,0,0,0,0,0,0,0,0,1700000.0000,0.0000,0.0000,0
47,0,0,0,0,0,0,0,0,0,0,0,0,0,0,0,91,1,0,0.0000,0,0,0,0,0,0,0,0,0,0,0,0,0,0,0,0,0,1946500.0000,0.0000,0.0000,0
48,0,0,0,0,0,0,0,0,0,0,0,0,0,0,0,70,0,0,0.0000,0,0,0,0,0,0,0,0,0,0,0,0,0,0,0,0,0,900000.0000,0.0000,0.0000,0
49,0,0,0,0,0,0,0,0,0,0,0,0,0,0,0,81,0,0,0.0000,0,0,0,0,0,0,0,0,0,0,0,0,0,0,0,0,0,0.0000,0.0000,0.0000,2
50,0,0,0,0,0,0,0,0,0,0,0,0,0,0,0,90,0,0,0.0000,0,0,0,0,0,0,0,0,0,0,0,0,0,0,0,0,0,0.0000,0.0000,0.0000,0
51,0,0,0,0,0,0,0,0,0,0,0,0,0,0,0,62,0,0,0.0000,0,0,0,0,0,0,0,0,0,0,0,0,0,0,0,0,0,1540000.0000,0.0000,0.0000,2
52,0,0,0,0,0,0,0,0,0,0,0,0,0,0,0,76,0,0,0.0000,0,0,0,0,0,0,0,0,0,0,0,0,0,0,0,0,0,997500.0000,0.0000,0.0000,0
53,0,0,0,0,0,0,0,0,0,0,0,0,0,0,0,52,0,0,0.0000,0,0,0,0,0,0,0,0,0,0,0,0,0,0,0,0,0,2800000.0000,0.0000,0.0000,2
54,0,0,0,0,0,0,0,0,0,0,0,0,0,0,0,85,1,0,0.0000,0,0,0,0,0,0,0,0,0,0,0,0,0,0,0,0,0,900000.0000,0.0000,0.0000,0
55,0,0,0,0,0,0,0,0,0,0,0,0,0,0,0,92,0,0,0.0000,0,0,0,0,0,0,0,0,0,0,0,0,0,0,0,0,0,0.0000,0.0000,0.0000,0
56,0,0,0,0,0,0,0,0,0,0,0,0,0,0,0,84,0,0,0.0000,0,0,0,0,0,0,0,0,0,0,0,0,0,0,0,0,0,2470000.0000,0.0000,0.0000,0
57,0,0,0,0,0,0,0,0,0,0,0,0,0,0,0,82,0,0,0.0000,0,0,0,0,0,0,0,0,0,0,0,0,0,0,0,0,0,0.0000,0.0000,0.0000,0
58,0,0,0,0,0,0,0,0,0,0,0,0,0,0,0,54,0,0,0.0000,0,0,0,0,0,0,0,0,0,0,0,0,0,0,0,0,0,0.0000,0.0000,0.0000,2
59,0,0,0,0,0,0,0,0,0,0,0,0,0,0,0,92,0,0,0.0000,0,0,0,0,0,0,0,0,0,0,0,0,0,0,0,0,0,0.0000,0.0000,0.0000,0
60,0,0,0,0,0,0,0,0,0,0,0,0,0,0,0,67,0,0,0.0000,0,0,0,0,0,0,0,0,0,0,0,0,0,0,0,0,0,0.0000,0.0000,0.0000,0
61,0,0,0,0,0,0,0,0,0,0,0,0,0,0,0,74,0,0,0.0000,0,0,0,0,0,0,0,0,0,0,0,0,0,0,0,0,0,0.0000,0.0000,0.0000,2
62,0,0,0,0,0,0,0,0,0,0,0,0,0,0,0,79,0,0,0.0000,0,0,0,0,0,0,0,0,0,0,0,0,0,0,0,0,0,0.0000,0.0000,0.0000,2
63,0,0,0,0,0,0,0,0,0,0,0,0,0,0,0,74,0,0,0.0000,0,0,0,0,0,0,0,0,0,0,0,0,0,0,0,0,0,0.0000,0.0000,0.0000,0
64,0,0,0,0,0,0,0,0,0,0,0,0,0,0,0,83,0,0,0.0000,0,0,0,0,0,0,0,0,0,0,0,0,0,0,0,0,0,0.0000,0.0000,0.0000,0
65,0,0,0,0,0,0,0,0,0,0,0,0,0,0,0,76,0,0,0.0000,0,0,0,0,0,0,0,0,0,0,0,0,0,0,0,0,0,950000.0000,0.0000,0.0000,2
66,0,0,0,0,0,0,0,0,0,0,0,0,0,0,0,73,0,0,0.0000,0,0,0,0,0,0,0,0,0,0,0,0,0,0,0,0,0,0.0000,0.0000,0.0000,2
67,0,0,0,0,0,0,0,0,0,0,0,0,0,0,0,80,0,0,0.0000,0,0,0,0,0,0,0,0,0,0,0,0,0,0,0,0,0,0.0000,0.0000,0.0000,0
68,0,0,0,0,0,0,0,0,0,0,0,0,0,0,0,68,0,0,0.0000,0,0,0,0,0,0,0,0,0,0,0,0,0,0,0,0,0,0.0000,0.0000,0.0000,0
69,0,0,0,0,0,0,0,0,0,0,0,0,0,0,0,67,0,0,0.0000,0,0,0,0,0,0,0,0,0,0,0,0,0,0,0,0,0,0.0000,0.0000,0.0000,0
70,0,0,0,0,0,0,0,0,0,0,0,0,0,0,0,79,0,0,0.0000,0,0,0,0,0,0,0,0,0,0,0,0,0,0,0,0,0,0.0000,0.0000,0.0000,0
71,0,0,0,0,0,0,0,0,0,0,0,0,0,0,0,59,0,0,0.0000,0,0,0,0,0,0,0,0,0,0,0,0,0,0,0,0,0,1314500.0000,0.0000,0.0000,0
72,0,0,0,0,0,0,0,0,0,0,0,0,0,0,0,72,0,0,0.0000,0,0,0,0,0,0,0,0,0,0,0,0,0,0,0,0,0,0.0000,0.0000,0.0000,0
73,0,0,0,0,0,0,0,0,0,0,0,0,0,0,0,87,0,0,0.0000,0,0,0,0,0,0,0,0,0,0,0,0,0,0,0,0,0,0.0000,0.0000,0.0000,0
74,0,0,0,0,0,0,0,0,0,0,0,0,0,0,0,67,0,0,0.0000,0,0,0,0,0,0,0,0,0,0,0,0,0,0,0,0,0,0.0000,0.0000,0.0000,0
75,0,0,0,0,0,0,0,0,0,0,0,0,0,0,0,85,0,0,0.0000,0,0,0,0,0,0,0,0,0,0,0,0,0,0,0,0,0,0.0000,0.0000,0.0000,0
76,0,0,0,0,0,0,0,0,0,0,0,0,0,0,0,51,0,0,0.0000,0,0,0,0,0,0,0,0,0,0,0,0,0,0,0,0,0,0.0000,0.0000,0.0000,0
77,0,0,0,0,0,0,0,0,0,0,0,0,0,0,0,83,0,0,0.0000,0,0,0,0,0,0,0,0,0,0,0,0,0,0,0,0,0,0.0000,0.0000,0.0000,0
78,0,0,0,0,0,0,0,0,0,0,0,0,0,0,0,72,0,0,0.0000,0,0,0,0,0,0,0,0,0,0,0,0,0,0,0,0,0,0.0000,0.0000,0.0000,0
79,0,0,0,0,0,0,0,0,0,0,0,0,0,0,0,65,0,0,0.0000,0,0,0,0,0,0,0,0,0,0,0,0,0,0,0,0,0,0.0000,0.0000,0.0000,0
80,0,0,0,0,0,0,0,0,0,0,0,0,0,0,0,75,0,0,0.0000,0,0,0,0,0,0,0,0,0,0,0,0,0,0,0,0,0,0.0000,0.0000,0.0000,0
81,0,0,0,0,0,0,0,0,0,0,0,0,0,0,0,88,0,0,0.0000,0,0,0,0,0,0,0,0,0,0,0,0,0,0,0,0,0,0.0000,0.0000,0.0000,0
82,0,0,0,0,0,0,0,0,0,0,0,0,0,0,0,55,0,0,0.0000,0,0,0,0,0,0,0,0,0,0,0,0,0,0,0,0,0,0.0000,0.0000,0.0000,2
83,0,0,0,0,0,0,0,0,0,0,0,0,0,0,0,97,0,0,0.0000,0,0,0,0,0,0,0,0,0,0,0,0,0,0,0,0,0,0.0000,0.0000,0.0000,0
84,0,0,0,0,0,0,0,0,0,0,0,0,0,0,0,51,0,0,0.0000,0,0,0,0,0,0,0,0,0,0,0,0,0,0,0,0,0,0.0000,0.0000,0.0000,2
85,0,0,0,0,0,0,0,0,0,0,0,0,0,0,0,90,0,0,0.0000,0,0,0,0,0,0,0,0,0,0,0,0,0,0,0,0,0,0.0000,0.0000,0.0000,2
86,0,0,0,0,0,0,0,0,0,0,0,0,0,0,0,71,0,0,0.0000,0,0,0,0,0,0,0,0,0,0,0,0,0,0,0,0,0,0.0000,0.0000,0.0000,0
87,0,0,0,0,0,0,0,0,0,0,0,0,0,0,0,63,0,0,0.0000,0,0,0,0,0,0,0,0,0,0,0,0,0,0,0,0,0,0.0000,0.0000,0.0000,0
88,0,0,0,0,0,0,0,0,0,0,0,0,0,0,0,100,0,0,0.0000,0,0,0,0,0,0,0,0,0,0,0,0,0,0,0,0,0,1100000.0000,0.0000,0.0000,0
89,0,0,0,0,0,0,0,0,0,0,0,0,0,0,0,75,0,0,0.0000,0,0,0,0,0,0,0,0,0,0,0,0,0,0,0,0,0,0.0000,0.0000,0.0000,0
90,0,0,0,0,0,0,0,0,0,0,0,0,0,0,0,72,0,0,0.0000,0,0,0,0,0,0,0,0,0,0,0,0,0,0,0,0,0,1200000.0000,0.0000,0.0000,0
91,0,0,0,0,0,0,0,0,0,0,0,0,0,0,0,81,0,0,0.0000,0,0,0,0,0,0,0,0,0,0,0,0,0,0,0,0,0,0.0000,0.0000,0.0000,0
92,0,0,0,0,0,0,0,0,0,0,0,0,0,0,0,99,0,0,0.0000,0,0,0,0,0,0,0,0,0,0,0,0,0,0,0,0,0,0.0000,0.0000,0.0000,2
93,0,0,0,0,0,0,0,0,0,0,0,0,0,0,0,92,0,0,0.0000,0,0,0,0,0,0,0,0,0,0,0,0,0,0,0,0,0,0.0000,0.0000,0.0000,0
94,0,0,0,0,0,0,0,0,0,0,0,0,0,0,0,50,0,0,0.0000,0,0,0,0,0,0,0,0,0,0,0,0,0,0,0,0,0,0.0000,0.0000,0.0000,0
95,0,0,0,0,0,0,0,0,0,0,0,0,0,0,0,59,0,0,0.0000,0,0,0,0,0,0,0,0,0,0,0,0,0,0,0,0,0,0.0000,0.0000,0.0000,2
96,0,0,0,0,0,0,0,0,0,0,0,0,0,0,0,90,0,0,0.0000,0,0,0,0,0,0,0,0,0,0,0,0,0,0,0,0,0,0.0000,0.0000,0.0000,0
97,0,0,0,0,0,0,0,0,0,0,0,0,0,0,0,75,0,0,0.0000,0,0,0,0,0,0,0,0,0,0,0,0,0,0,0,0,0,0.0000,0.0000,0.0000,0
98,0,0,0,0,0,0,0,0,0,0,0,0,0,0,0,64,0,0,0.0000,0,0,0,0,0,0,0,0,0,0,0,0,0,0,0,0,0,0.0000,0.0000,0.0000,0
99,0,0,0,0,0,0,0,0,0,0,0,0,0,0,0,82,0,0,0.0000,0,0,0,0,0,0,0,0,0,0,0,0,0,0,0,0,0,0.0000,0.0000,0.0000,0
100,0,0,0,0,0,0,0,0,0,0,0,0,0,0,0,77,0,0,0.0000,0,0,0,0,0,0,0,0,0,0,0,0,0,0,0,0,0,0.0000,0.0000,0.0000,0
101,0,0,0,0,0,0,0,0,0,0,0,0,0,0,0,59,0,0,0.0000,0,0,0,0,0,0,0,0,0,0,0,0,0,0,0,0,0,0.0000,0.0000,0.0000,0
102,0,0,0,0,0,0,0,0,0,0,0,0,0,0,0,80,0,0,0.0000,0,0,0,0,0,0,0,0,0,0,0,0,0,0,0,0,0,0.0000,0.0000,0.0000,0
103,0,0,0,0,0,0,0,0,0,0,0,0,0,0,0,88,0,0,0.0000,0,0,0,0,0,0,0,0,0,0,0,0,0,0,0,0,0,0.0000,0.0000,0.0000,0
104,0,0,0,0,0,0,0,0,0,0,0,0,0,0,0,51,0,0,0.0000,0,0,0,0,0,0,0,0,0,0,0,0,0,0,0,0,0,0.0000,0.0000,0.0000,2
105,0,0,0,0,0,0,0,0,0,0,0,0,0,0,0,89,0,0,0.0000,0,0,0,0,0,0,0,0,0,0,0,0,0,0,0,0,0,0.0000,0.0000,0.0000,0
106,0,0,0,0,0,0,0,0,0,0,0,0,0,0,0,88,0,0,0.0000,0,0,0,0,0,0,0,0,0,0,0,0,0,0,0,0,0,0.0000,0.0000,0.0000,0
107,0,0,0,0,0,0,0,0,0,0,0,0,0,0,0,80,0,0,0.0000,0,0,0,0,0,0,0,0,0,0,0,0,0,0,0,0,0,0.0000,0.0000,0.0000,2
108,0,0,0,0,0,0,0,0,0,0,0,0,0,0,0,80,0,0,0.0000,0,0,0,0,0,0,0,0,0,0,0,0,0,0,0,0,0,0.0000,0.0000,0.0000,0
109,0,0,0,0,0,0,0,0,0,0,0,0,0,0,0,79,0,0,0.0000,0,0,0,0,0,0,0,0,0,0,0,0,0,0,0,0,0,0.0000,0.0000,0.0000,0
110,0,0,0,0,0,0,0,0,0,0,0,0,0,0,0,75,0,0,0.0000,0,0,0,0,0,0,0,0,0,0,0,0,0,0,0,0,0,0.0000,0.0000,0.0000,0
111,0,0,0,0,0,0,0,0,0,0,0,0,0,0,0,53,0,0,0.0000,0,0,0,0,0,0,0,0,0,0,0,0,0,0,0,0,0,0.0000,0.0000,0.0000,0
112,0,0,0,0,0,0,0,0,0,0,0,0,0,0,0,79,0,0,0.0000,0,0,0,0,0,0,0,0,0,0,0,0,0,0,0,0,0,0.0000,0.0000,0.0000,0
113,0,0,0,0,0,0,0,0,0,0,0,0,0,0,0,89,0,0,0.0000,0,0,0,0,0,0,0,0,0,0,0,0,0,0,0,0,0,0.0000,0.0000,0.0000,2
114,0,0,0,0,0,0,0,0,0,0,0,0,0,0,0,50,0,0,0.0000,0,0,0,0,0,0,0,0,0,0,0,0,0,0,0,0,0,0.0000,0.0000,0.0000,0
115,0,0,0,0,0,0,0,0,0,0,0,0,0,0,0,69,0,0,0.0000,0,0,0,0,0,0,0,0,0,0,0,0,0,0,0,0,0,0.0000,0.0000,0.0000,2
116,0,0,0,0,0,0,0,0,0,0,0,0,0,0,0,65,0,0,0.0000,0,0,0,0,0,0,0,0,0,0,0,0,0,0,0,0,0,0.0000,0.0000,0.0000,2
117,0,0,0,0,0,0,0,0,0,0,0,0,0,0,0,77,0,0,0.0000,0,0,0,0,0,0,0,0,0,0,0,0,0,0,0,0,0,0.0000,0.0000,0.0000,2
118,0,0,0,0,0,0,0,0,0,0,0,0,0,0,0,72,0,0,0.0000,0,0,0,0,0,0,0,0,0,0,0,0,0,0,0,0,0,0.0000,0.0000,0.0000,0
119,0,0,0,0,0,0,0,0,0,0,0,0,0,0,0,82,0,0,0.0000,0,0,0,0,0,0,0,0,0,0,0,0,0,0,0,0,0,0.0000,0.0000,0.0000,0
120,0,0,0,0,0,0,0,0,0,0,0,0,0,0,0,72,0,0,0.0000,0,0,0,0,0,0,0,0,0,0,0,0,0,0,0,0,0,0.0000,0.0000,0.0000,0
121,0,0,0,0,0,0,0,0,0,0,0,0,0,0,0,61,0,0,0.0000,0,0,0,0,0,0,0,0,0,0,0,0,0,0,0,0,0,0.0000,0.0000,0.0000,0
122,0,0,0,0,0,0,0,0,0,0,0,0,0,0,0,81,0,0,0.0000,0,0,0,0,0,0,0,0,0,0,0,0,0,0,0,0,0,0.0000,0.0000,0.0000,0
123,0,0,0,0,0,0,0,0,0,0,0,0,0,0,0,75,0,0,0.0000,0,0,0,0,0,0,0,0,0,0,0,0,0,0,0,0,0,0.0000,0.0000,0.0000,0
124,0,0,0,0,0,0,0,0,0,0,0,0,0,0,0,89,0,0,0.0000,0,0,0,0,0,0,0,0,0,0,0,0,0,0,0,0,0,0.0000,0.0000,0.0000,0
125,0,0,0,0,0,0,0,0,0,0,0,0,0,0,0,67,0,0,0.0000,0,0,0,0,0,0,0,0,0,0,0,0,0,0,0,0,0,0.0000,0.0000,0.0000,0
126,0,0,0,0,0,0,0,0,0,0,0,0,0,0,0,64,0,0,0.0000,0,0,0,0,0,0,0,0,0,0,0,0,0,0,0,0,0,0.0000,0.0000,0.0000,0
127,0,0,0,0,0,0,0,0,0,0,0,0,0,0,0,76,0,0,0.0000,0,0,0,0,0,0,0,0,0,0,0,0,0,0,0,0,0,0.0000,0.0000,0.0000,0
128,0,0,0,0,0,0,0,0,0,0,0,0,0,0,0,70,0,0,0.0000,0,0,0,0,0,0,0,0,0,0,0,0,0,0,0,0,0,0.0000,0.0000,0.0000,0
129,0,0,0,0,0,0,0,0,0,0,0,0,0,0,0,79,0,0,0.0000,0,0,0,0,0,0,0,0,0,0,0,0,0,0,0,0,0,0.0000,0.0000,0.0000,0
130,0,0,0,0,0,0,0,0,0,0,0,0,0,0,0,86,0,0,0.0000,0,0,0,0,0,0,0,0,0,0,0,0,0,0,0,0,0,0.0000,0.0000,0.0000,0
131,0,0,0,0,0,0,0,0,0,0,0,0,0,0,0,71,0,0,0.0000,0,0,0,0,0,0,0,0,0,0,0,0,0,0,0,0,0,0.0000,0.0000,0.0000,0
132,0,0,0,0,0,0,0,0,0,0,0,0,0,0,0,71,0,0,0.0000,0,0,0,0,0,0,0,0,0,0,0,0,0,0,0,0,0,0.0000,0.0000,0.0000,0
133,0,0,0,0,0,0,0,0,0,0,0,0,0,0,0,75,0,0,0.0000,0,0,0,0,0,0,0,0,0,0,0,0,0,0,0,0,0,0.0000,0.0000,0.0000,0
134,0,0,0,0,0,0,0,0,0,0,0,0,0,0,0,65,0,0,0.0000,0,0,0,0,0,0,0,0,0,0,0,0,0,0,0,0,0,0.0000,0.0000,0.0000,0
135,0,0,0,0,0,0,0,0,0,0,0,0,0,0,0,83,0,0,0.0000,0,0,0,0,0,0,0,0,0,0,0,0,0,0,0,0,0,0.0000,0.0000,0.0000,0
136,0,0,0,0,0,0,0,0,0,0,0,0,0,0,0,78,0,0,0.0000,0,0,0,0,0,0,0,0,0,0,0,0,0,0,0,0,0,0.0000,0.0000,0.0000,0
137,0,0,0,0,0,0,0,0,0,0,0,0,0,0,0,62,0,0,0.0000,0,0,0,0,0,0,0,0,0,0,0,0,0,0,0,0,0,0.0000,0.0000,0.0000,0
138,0,0,0,0,0,0,0,0,0,0,0,0,0,0,0,69,0,0,0.0000,0,0,0,0,0,0,0,0,0,0,0,0,0,0,0,0,0,0.0000,0.0000,0.0000,2
139,0,0,0,0,0,0,0,0,0,0,0,0,0,0,0,65,0,0,0.0000,0,0,0,0,0,0,0,0,0,0,0,0,0,0,0,0,0,0.0000,0.0000,0.0000,0
140,0,0,0,0,0,0,0,0,0,0,0,0,0,0,0,73,0,0,0.0000,0,0,0,0,0,0,0,0,0,0,0,0,0,0,0,0,0,0.0000,0.0000,0.0000,0
141,0,0,0,0,0,0,0,0,0,0,0,0,0,0,0,76,0,0,0.0000,0,0,0,0,0,0,0,0,0,0,0,0,0,0,0,0,0,0.0000,0.0000,0.0000,0
142,0,0,0,0,0,0,0,0,0,0,0,0,0,0,0,62,0,0,0.0000,0,0,0,0,0,0,0,0,0,0,0,0,0,0,0,0,0,0.0000,0.0000,0.0000,0
143,0,0,0,0,0,0,0,0,0,0,0,0,0,0,0,84,0,0,0.0000,0,0,0,0,0,0,0,0,0,0,0,0,0,0,0,0,0,0.0000,0.0000,0.0000,0
144,0,0,0,0,0,0,0,0,0,0,0,0,0,0,0,88,0,0,0.0000,0,0,0,0,0,0,0,0,0,0,0,0,0,0,0,0,0,0.0000,0.0000,0.0000,0
145,0,0,0,0,0,0,0,0,0,0,0,0,0,0,0,83,0,0,0.0000,0,0,0,0,0,0,0,0,0,0,0,0,0,0,0,0,0,0.0000,0.0000,0.0000,0
146,0,0,0,0,0,0,0,0,0,0,0,0,0,0,0,87,0,0,0.0000,0,0,0,0,0,0,0,0,0,0,0,0,0,0,0,0,0,0.0000,0.0000,0.0000,0
147,0,0,0,0,0,0,0,0,0,0,0,0,0,0,0,71,0,0,0.0000,0,0,0,0,0,0,0,0,0,0,0,0,0,0,0,0,0,0.0000,0.0000,0.0000,0
148,0,0,0,0,0,0,0,0,0,0,0,0,0,0,0,82,0,0,0.0000,0,0,0,0,0,0,0,0,0,0,0,0,0,0,0,0,0,0.0000,0.0000,0.0000,0
149,0,0,0,0,0,0,0,0,0,0,0,0,0,0,0,78,0,0,0.0000,0,0,0,0,0,0,0,0,0,0,0,0,0,0,0,0,0,0.0000,0.0000,0.0000,0
150,0,0,0,0,0,0,0,0,0,0,0,0,0,0,0,72,0,0,0.0000,0,0,0,0,0,0,0,0,0,0,0,0,0,0,0,0,0,0.0000,0.0000,0.0000,0
151,0,0,0,0,0,0,0,0,0,0,0,0,0,0,0,67,0,0,0.0000,0,0,0,0,0,0,0,0,0,0,0,0,0,0,0,0,0,0.0000,0.0000,0.0000,0
152,0,0,0,0,0,0,0,0,0,0,0,0,0,0,0,66,0,0,0.0000,0,0,0,0,0,0,0,0,0,0,0,0,0,0,0,0,0,0.0000,0.0000,0.0000,2
153,0,0,0,0,0,0,0,0,0,0,0,0,0,0,0,78,0,0,0.0000,0,0,0,0,0,0,0,0,0,0,0,0,0,0,0,0,0,0.0000,0.0000,0.0000,0
154,0,0,0,0,0,0,0,0,0,0,0,0,0,0,0,65,0,0,0.0000,0,0,0,0,0,0,0,0,0,0,0,0,0,0,0,0,0,0.0000,0.0000,0.0000,0
155,0,0,0,0,0,0,0,0,0,0,0,0,0,0,0,80,0,0,0.0000,0,0,0,0,0,0,0,0,0,0,0,0,0,0,0,0,0,0.0000,0.0000,0.0000,0
156,0,0,0,0,0,0,0,0,0,0,0,0,0,0,0,64,0,0,0.0000,0,0,0,0,0,0,0,0,0,0,0,0,0,0,0,0,0,0.0000,0.0000,0.0000,0
157,0,0,0,0,0,0,0,0,0,0,0,0,0,0,0,63,0,0,0.0000,0,0,0,0,0,0,0,0,0,0,0,0,0,0,0,0,0,0.0000,0.0000,0.0000,0
158,0,0,0,0,0,0,0,0,0,0,0,0,0,0,0,80,0,0,0.0000,0,0,0,0,0,0,0,0,0,0,0,0,0,0,0,0,0,0.0000,0.0000,0.0000,0
159,0,0,0,0,0,0,0,0,0,0,0,0,0,0,0,83,0,0,0.0000,0,0,0,0,0,0,0,0,0,0,0,0,0,0,0,0,0,0.0000,0.0000,0.0000,0
160,0,0,0,0,0,0,0,0,0,0,0,0,0,0,0,68,0,0,0.0000,0,0,0,0,0,0,0,0,0,0,0,0,0,0,0,0,0,0.0000,0.0000,0.0000,0
161,0,0,0,0,0,0,0,0,0,0,0,0,0,0,0,79,0,0,0.0000,0,0,0,0,0,0,0,0,0,0,0,0,0,0,0,0,0,0.0000,0.0000,0.0000,0
162,0,0,0,0,0,0,0,0,0,0,0,0,0,0,0,83,0,0,0.0000,0,0,0,0,0,0,0,0,0,0,0,0,0,0,0,0,0,0.0000,0.0000,0.0000,0
163,0,0,0,0,0,0,0,0,0,0,0,0,0,0,0,76,0,0,0.0000,0,0,0,0,0,0,0,0,0,0,0,0,0,0,0,0,0,0.0000,0.0000,0.0000,0
164,0,0,0,0,0,0,0,0,0,0,0,0,0,0,0,80,0,0,0.0000,0,0,0,0,0,0,0,0,0,0,0,0,0,0,0,0,0,0.0000,0.0000,0.0000,0
165,0,0,0,0,0,0,0,0,0,0,0,0,0,0,0,62,0,0,0.0000,0,0,0,0,0,0,0,0,0,0,0,0,0,0,0,0,0,0.0000,0.0000,0.0000,0
166,0,0,0,0,0,0,0,0,0,0,0,0,0,0,0,87,0,0,0.0000,0,0,0,0,0,0,0,0,0,0,0,0,0,0,0,0,0,0.0000,0.0000,0.0000,0
167,0,0,0,0,0,0,0,0,0,0,0,0,0,0,0,92,0,0,0.0000,0,0,0,0,0,0,0,0,0,0,0,0,0,0,0,0,0,0.0000,0.0000,0.0000,0
168,0,0,0,0,0,0,0,0,0,0,0,0,0,0,0,74,0,0,0.0000,0,0,0,0,0,0,0,0,0,0,0,0,0,0,0,0,0,0.0000,0.0000,0.0000,0
169,0,0,0,0,0,0,0,0,0,0,0,0,0,0,0,72,0,0,0.0000,0,0,0,0,0,0,0,0,0,0,0,0,0,0,0,0,0,0.0000,0.0000,0.0000,0
170,0,0,0,0,0,0,0,0,0,0,0,0,0,0,0,79,0,0,0.0000,0,0,0,0,0,0,0,0,0,0,0,0,0,0,0,0,0,0.0000,0.0000,0.0000,0
171,0,0,0,0,0,0,0,0,0,0,0,0,0,0,0,70,0,0,0.0000,0,0,0,0,0,0,0,0,0,0,0,0,0,0,0,0,0,0.0000,0.0000,0.0000,0
172,0,0,0,0,0,0,0,0,0,0,0,0,0,0,0,81,0,0,0.0000,0,0,0,0,0,0,0,0,0,0,0,0,0,0,0,0,0,0.0000,0.0000,0.0000,0
173,0,0,0,0,0,0,0,0,0,0,0,0,0,0,0,90,0,0,0.0000,0,0,0,0,0,0,0,0,0,0,0,0,0,0,0,0,0,0.0000,0.0000,0.0000,0
174,0,0,0,0,0,0,0,0,0,0,0,0,0,0,0,53,0,0,0.0000,0,0,0,0,0,0,0,0,0,0,0,0,0,0,0,0,0,0.0000,0.0000,0.0000,0
175,0,0,0,0,0,0,0,0,0,0,0,0,0,0,0,75,0,0,0.0000,0,0,0,0,0,0,0,0,0,0,0,0,0,0,0,0,0,0.0000,0.0000,0.0000,0
176,0,0,0,0,0,0,0,0,0,0,0,0,0,0,0,86,0,0,0.0000,0,0,0,0,0,0,0,0,0,0,0,0,0,0,0,0,0,0.0000,0.0000,0.0000,0
177,0,0,0,0,0,0,0,0,0,0,0,0,0,0,0,65,0,0,0.0000,0,0,0,0,0,0,0,0,0,0,0,0,0,0,0,0,0,0.0000,0.0000,0.0000,0
178,0,0,0,0,0,0,0,0,0,0,0,0,0,0,0,62,0,0,0.0000,0,0,0,0,0,0,0,0,0,0,0,0,0,0,0,0,0,0.0000,0.0000,0.0000,2
179,0,0,0,0,0,0,0,0,0,0,0,0,0,0,0,69,0,0,0.0000,0,0,0,0,0,0,0,0,0,0,0,0,0,0,0,0,0,0.0000,0.0000,0.0000,0
180,0,0,0,0,0,0,0,0,0,0,0,0,0,0,0,84,0,0,0.0000,0,0,0,0,0,0,0,0,0,0,0,0,0,0,0,0,0,0.0000,0.0000,0.0000,0
181,0,0,0,0,0,0,0,0,0,0,0,0,0,0,0,0,0,0,0.0000,0,0,0,0,8000000,12000000,9375000,0,2500000,0,0,0,0,0,20000000,-20000000,-31875000,407495000.0000,341180000.0000,0.0000,0
182,0,0,0,0,0,0,0,0,0,0,0,0,0,0,0,0,0,0,0.0000,0,0,0,0,8000000,12000000,9375000,0,2500000,0,0,0,0,0,20000000,-20000000,-31875000,581565000.0000,509165000.0000,0.0000,0
183,0,0,0,0,0,0,0,0,0,0,0,0,0,0,0,0,0,0,0.0000,0,0,0,0,0,0,0,0,0,0,0,0,0,0,0,0,0,7785000.0000,0.0000,0.0000,0
184,0,0,0,0,0,0,0,0,0,0,0,0,0,0,0,0,0,0,0.0000,0,0,0,0,0,0,0,0,0,0,0,0,0,0,0,0,0,8486500.0000,0.0000,0.0000,0
185,0,0,0,0,0,0,0,0,0,0,0,0,0,0,0,0,0,0,0.0000,0,0,0,0,0,0,0,0,0,0,0,0,0,0,0,0,0,1635000.0000,0.0000,0.0000,0
186,0,0,0,0,0,0,0,0,0,0,0,0,0,0,0,0,0,0,0.0000,0,0,0,0,0,0,0,0,0,0,0,0,0,0,0,0,0,1090000.0000,0.0000,0.0000,0
187,0,0,0,0,0,0,0,0,0,0,0,0,0,0,0,0,0,0,0.0000,0,0,0,0,0,0,0,0,0,0,0,0,0,0,0,0,0,0.0000,0.0000,0.0000,0
188,0,0,0,0,0,0,0,0,0,0,0,0,0,0,0,0,0,0,0.0000,0,0,0,0,0,0,0,0,0,0,0,0,0,0,0,0,0,545000.0000,0.0000,0.0000,0
189,0,0,0,0,0,0,0,0,0,0,0,0,0,0,0,0,0,0,0.0000,0,0,0,0,0,0,0,0,0,0,0,0,0,0,0,0,0,0.0000,0.0000,0.0000,0
190,0,0,0,0,0,0,0,0,0,0,0,0,0,0,0,0,0,0,0.0000,0,0,0,0,0,0,0,0,0,0,0,0,0,0,0,0,0,0.0000,0.0000,0.0000,0
191,0,0,0,0,0,0,0,0,0,0,0,0,0,0,0,0,0,0,0.0000,0,0,0,0,0,0,0,0,0,0,0,0,0,0,0,0,0,0.0000,0.0000,0.0000,0
192,0,0,0,0,0,0,0,0,0,0,0,0,0,0,0,0,0,0,0.0000,0,0,0,0,0,0,0,0,0,0,0,0,0,0,0,0,0,0.0000,0.0000,0.0000,0
193,0,0,0,0,0,0,0,0,0,0,0,1279753,0,0,0,74,0,-1,0.0000,0,0,0,0,0,0,0,0,0,0,0,0,0,0,1279753,-1279753,-1279753,0.0000,0.0000,0.0000,0
194,0,0,0,0,0,0,0,0,0,0,0,0,0,0,0,76,0,-1,0.0000,0,0,0,0,0,0,0,0,0,0,0,0,0,0,0,0,0,0.0000,0.0000,0.0000,0
195,0,0,0,0,0,0,0,0,0,0,0,0,0,0,0,74,0,0,0.0000,0,0,0,0,0,0,0,0,0,0,0,0,0,0,0,0,0,0.0000,0.0000,0.0000,0
196,0,0,0,0,0,0,0,0,0,0,0,0,0,0,0,75,0,0,0.0000,0,0,0,0,0,0,0,0,0,0,0,0,0,0,0,0,0,0.0000,0.0000,0.0000,0
197,0,0,0,0,0,0,0,0,0,0,0,248519,0,0,0,79,0,0,0.0000,0,0,0,0,0,0,0,0,0,0,0,0,0,0,248519,-248519,-248519,0.0000,0.0000,0.0000,0
198,0,0,0,0,0,0,0,0,0,0,0,686815,0,0,0,78,0,0,0.0000,0,0,0,0,0,0,0,0,0,0,0,0,0,0,686815,-686815,-686815,0.0000,0.0000,0.0000,0
199,0,0,0,0,0,0,0,0,0,0,0,458479,0,0,0,75,0,0,0.0000,0,0,0,0,0,0,0,0,0,0,0,0,0,0,458479,-458479,-458479,0.0000,0.0000,0.0000,0
200,0,0,0,0,0,0,0,0,0,0,0,0,0,0,0,80,0,0,0.0000,0,0,0,0,0,0,0,0,0,0,0,0,0,0,0,0,0,0.0000,0.0000,0.0000,0
201,0,0,0,0,0,0,0,0,0,0,0,1202617,0,0,0,76,0,0,0.0000,0,0,0,0,0,0,0,0,0,0,0,0,0,0,1202617,-1202617,-1202617,0.0000,0.0000,0.0000,0
202,0,0,0,0,0,0,0,0,0,0,0,722963,0,0,0,78,0,0,0.0000,0,0,0,0,0,0,0,0,0,0,0,0,0,0,722963,-722963,-722963,0.0000,0.0000,0.0000,0
203,0,0,0,0,0,0,0,0,0,0,0,2535086,0,0,0,65,0,0,0.0000,0,0,0,0,0,0,0,0,0,0,0,0,0,0,2535086,-2535086,-2535086,0.0000,0.0000,0.0000,0
204,0,0,0,0,0,0,0,0,0,0,0,0,0,0,0,68,0,0,0.0000,0,0,0,0,0,0,0,0,0,0,0,0,0,0,0,0,0,0.0000,0.0000,0.0000,0
205,0,0,0,0,0,0,0,0,0,0,0,430765,0,0,0,66,0,0,0.0000,0,0,0,0,0,0,0,0,0,0,0,0,0,0,430765,-430765,-430765,0.0000,0.0000,0.0000,0
206,0,0,0,0,0,0,0,0,0,0,0,1132494,0,0,0,79,0,0,0.0000,0,0,0,0,0,0,0,0,0,0,0,0,0,0,1132494,-1132494,-1132494,0.0000,0.0000,0.0000,0
207,0,0,0,0,0,0,0,0,0,0,0,1202617,0,0,0,81,0,-1,0.0000,0,0,0,0,0,0,0,0,0,0,0,0,0,0,1202617,-1202617,-1202617,0.0000,0.0000,0.0000,0
208,0,0,0,0,0,0,0,0,0,0,0,0,0,0,0,69,0,0,0.0000,0,0,0,0,0,0,0,0,0,0,0,0,0,0,0,0,0,0.0000,0.0000,0.0000,0
209,0,0,0,0,0,0,0,0,0,0,0,1024197,0,0,0,74,0,0,0.0000,0,0,0,0,0,0,0,0,0,0,0,0,0,0,1024197,-1024197,-1024197,0.0000,0.0000,0.0000,0
210,0,0,0,0,0,0,0,0,0,0,0,0,0,0,0,71,0,0,0.0000,0,0,0,0,0,0,0,0,0,0,0,0,0,0,0,0,0,0.0000,0.0000,0.0000,0
211,0,0,0,0,0,0,0,0,0,0,0,1224518,0,0,0,73,0,0,0.0000,0,0,0,0,0,0,0,0,0,0,0,0,0,0,1224518,-1224518,-1224518,0.0000,0.0000,0.0000,0
212,0,0,0,0,0,0,0,0,0,0,0,424741,0,0,0,70,0,0,0.0000,0,0,0,0,0,0,0,0,0,0,0,0,0,0,424741,-424741,-424741,0.0000,0.0000,0.0000,0
213,0,0,0,0,0,0,0,0,0,0,0,0,0,0,0,91,0,0,0.0000,0,0,0,0,0,0,0,0,0,0,0,0,0,0,0,0,0,0.0000,0.0000,0.0000,0
214,0,0,0,0,0,0,0,0,0,0,0,0,0,0,0,69,0,0,0.0000,0,0,0,0,0,0,0,0,0,0,0,0,0,0,0,0,0,0.0000,0.0000,0.0000,0
215,0,0,0,0,0,0,0,0,0,0,0,1318321,0,0,0,73,0,0,0.0000,0,0,0,0,0,0,0,0,0,0,0,0,0,0,1318321,-1318321,-1318321,0.0000,0.0000,0.0000,0
216,0,0,0,0,0,0,0,0,0,0,0,171101,0,0,0,65,0,0,0.0000,0,0,0,0,0,0,0,0,0,0,0,0,0,0,171101,-171101,-171101,0.0000,0.0000,0.0000,0
217,0,0,0,0,0,0,0,0,0,0,0,0,0,0,0,81,0,0,0.0000,0,0,0,0,0,0,0,0,0,0,0,0,0,0,0,0,0,0.0000,0.0000,0.0000,0
218,0,0,0,0,0,0,0,0,0,0,0,0,0,0,0,85,0,0,0.0000,0,0,0,0,0,0,0,0,0,0,0,0,0,0,0,0,0,0.0000,0.0000,0.0000,0
219,0,0,0,0,0,0,0,0,0,0,0,540716,0,0,0,73,0,0,0.0000,0,0,0,0,0,0,0,0,0,0,0,0,0,0,540716,-540716,-540716,0.0000,0.0000,0.0000,0
220,0,0,0,0,0,0,0,0,0,0,0,152123,0,0,0,74,0,0,0.0000,0,0,0,0,0,0,0,0,0,0,0,0,0,0,152123,-152123,-152123,0.0000,0.0000,0.0000,0
221,0,0,0,0,0,0,0,0,0,0,0,1346370,0,0,0,81,0,0,0.0000,0,0,0,0,0,0,0,0,0,0,0,0,0,0,1346370,-1346370,-1346370,0.0000,0.0000,0.0000,0
222,0,0,0,0,0,0,0,0,0,0,0,2520938,0,0,0,68,0,-1,0.0000,0,0,0,0,0,0,0,0,0,0,0,0,0,0,2520938,-2520938,-2520938,0.0000,0.0000,0.0000,0
223,0,0,0,0,0,0,0,0,0,0,0,1367407,0,0,0,82,0,0,0.0000,0,0,0,0,0,0,0,0,0,0,0,0,0,0,1367407,-1367407,-1367407,0.0000,0.0000,0.0000,0
224,0,0,0,0,0,0,0,0,0,0,0,1812123,0,0,0,75,0,0,0.0000,0,0,0,0,0,0,0,0,0,0,0,0,0,0,1812123,-1812123,-1812123,0.0000,0.0000,0.0000,0
225,0,0,0,0,0,0,0,0,0,0,0,543728,0,0,0,76,0,0,0.0000,0,0,0,0,0,0,0,0,0,0,0,0,0,0,543728,-543728,-543728,0.0000,0.0000,0.0000,0
226,0,0,0,0,0,0,0,0,0,0,0,252028,0,0,0,82,1,0,0.0000,0,0,0,0,0,0,0,0,0,0,0,0,0,0,252028,-252028,-252028,0.0000,0.0000,0.0000,0
227,0,0,0,0,0,0,0,0,0,0,0,0,0,0,0,78,0,0,0.0000,0,0,0,0,0,0,0,0,0,0,0,0,0,0,0,0,0,0.0000,0.0000,0.0000,0
228,0,0,0,0,0,0,0,0,0,0,0,560296,0,0,0,77,0,0,0.0000,0,0,0,0,0,0,0,0,0,0,0,0,0,0,560296,-560296,-560296,0.0000,0.0000,0.0000,0
229,0,0,0,0,0,0,0,0,0,0,0,224420,0,0,0,74,0,0,0.0000,0,0,0,0,0,0,0,0,0,0,0,0,0,0,224420,-224420,-224420,0.0000,0.0000,0.0000,0
230,0,0,0,0,0,0,0,0,0,0,0,2654963,0,0,0,63,0,0,0.0000,0,0,0,0,0,0,0,0,0,0,0,0,0,0,2654963,-2654963,-2654963,0.0000,0.0000,0.0000,0
231,0,0,0,0,0,0,0,0,0,0,0,0,0,0,0,73,0,0,0.0000,0,0,0,0,0,0,0,0,0,0,0,0,0,0,0,0,0,0.0000,0.0000,0.0000,0
232,0,0,0,0,0,0,0,0,0,0,0,0,0,0,0,77,0,-2,0.0000,0,0,0,0,0,0,0,0,0,0,0,0,0,0,0,0,0,0.0000,0.0000,0.0000,0
233,0,0,0,0,0,0,0,0,0,0,0,0,0,0,0,74,0,0,0.0000,0,0,0,0,0,0,0,0,0,0,0,0,0,0,0,0,0,0.0000,0.0000,0.0000,0
234,0,0,0,0,0,0,0,0,0,0,0,796765,0,0,0,75,0,0,0.0000,0,0,0,0,0,0,0,0,0,0,0,0,0,0,796765,-796765,-796765,0.0000,0.0000,0.0000,0
235,0,0,0,0,0,0,0,0,0,0,0,1570765,0,0,0,82,0,0,0.0000,0,0,0,0,0,0,0,0,0,0,0,0,0,0,1570765,-1570765,-1570765,0.0000,0.0000,0.0000,0
236,0,0,0,0,0,0,0,0,0,0,0,0,0,0,0,68,0,0,0.0000,0,0,0,0,0,0,0,0,0,0,0,0,0,0,0,0,0,0.0000,0.0000,0.0000,0
237,0,0,0,0,0,0,0,0,0,0,0,483979,0,0,0,68,0,0,0.0000,0,0,0,0,0,0,0,0,0,0,0,0,0,0,483979,-483979,-483979,0.0000,0.0000,0.0000,0
238,0,0,0,0,0,0,0,0,0,0,0,1260296,0,0,0,70,0,0,0.0000,0,0,0,0,0,0,0,0,0,0,0,0,0,0,1260296,-1260296,-1260296,0.0000,0.0000,0.0000,0
239,0,0,0,0,0,0,0,0,0,0,0,0,0,0,0,81,0,0,0.0000,0,0,0,0,0,0,0,0,0,0,0,0,0,0,0,0,0,0.0000,0.0000,0.0000,0
240,0,0,0,0,0,0,0,0,0,0,0,1664240,0,0,0,74,0,0,0.0000,0,0,0,0,0,0,0,0,0,0,0,0,0,0,1664240,-1664240,-1664240,0.0000,0.0000,0.0000,0
241,0,0,0,0,0,0,0,0,0,0,0,170499,0,0,0,74,0,0,0.0000,0,0,0,0,0,0,0,0,0,0,0,0,0,0,170499,-170499,-170499,0.0000,0.0000,0.0000,0
242,0,0,0,0,0,0,0,0,0,0,0,0,0,0,0,79,0,0,0.0000,0,0,0,0,0,0,0,0,0,0,0,0,0,0,0,0,0,0.0000,0.0000,0.0000,0
243,0,0,0,0,0,0,0,0,0,0,0,670247,0,0,0,63,0,0,0.0000,0,0,0,0,0,0,0,0,0,0,0,0,0,0,670247,-670247,-670247,0.0000,0.0000,0.0000,0
244,0,0,0,0,0,0,0,0,0,0,0,1160543,0,0,0,72,0,0,0.0000,0,0,0,0,0,0,0,0,0,0,0,0,0,0,1160543,-1160543,-1160543,0.0000,0.0000,0.0000,0
245,0,0,0,0,0,0,0,0,0,0,0,0,0,0,0,64,0,0,0.0000,0,0,0,0,0,0,0,0,0,0,0,0,0,0,0,0,0,0.0000,0.0000,0.0000,0
246,0,0,0,0,0,0,0,0,0,0,0,283160,0,0,0,77,0,-1,0.0000,0,0,0,0,0,0,0,0,0,0,0,0,0,0,283160,-283160,-283160,0.0000,0.0000,0.0000,0
247,0,0,0,0,0,0,0,0,0,0,0,0,0,0,0,80,0,0,0.0000,0,0,0,0,0,0,0,0,0,0,0,0,0,0,0,0,0,0.0000,0.0000,0.0000,0
248,0,0,0,0,0,0,0,0,0,0,0,2981605,0,0,0,68,0,0,0.0000,0,0,0,0,0,0,0,0,0,0,0,0,0,0,2981605,-2981605,-2981605,0.0000,0.0000,0.0000,0
249,0,0,0,0,0,0,0,0,0,0,0,0,0,0,0,74,0,0,0.0000,0,0,0,0,0,0,0,0,0,0,0,0,0,0,0,0,0,0.0000,0.0000,0.0000,0
250,0,0,0,0,0,0,0,0,0,0,0,492519,0,0,0,67,0,0,0.0000,0,0,0,0,0,0,0,0,0,0,0,0,0,0,492519,-492519,-492519,0.0000,0.0000,0.0000,0
251,0,0,0,0,0,0,0,0,0,0,0,0,0,0,0,82,0,0,0.0000,0,0,0,0,0,0,0,0,0,0,0,0,0,0,0,0,0,0.0000,0.0000,0.0000,0
252,0,0,0,0,0,0,0,0,0,0,0,1237679,0,0,0,71,0,0,0.0000,0,0,0,0,0,0,0,0,0,0,0,0,0,0,1237679,-1237679,-1237679,0.0000,0.0000,0.0000,0
253,0,0,0,0,0,0,0,0,0,0,0,454864,0,0,0,78,0,0,0.0000,0,0,0,0,0,0,0,0,0,0,0,0,0,0,454864,-454864,-454864,0.0000,0.0000,0.0000,0
254,0,0,0,0,0,0,0,0,0,0,0,174716,0,0,0,78,0,0,0.0000,0,0,0,0,0,0,0,0,0,0,0,0,0,0,174716,-174716,-174716,0.0000,0.0000,0.0000,0
255,0,0,0,0,0,0,0,0,0,0,0,486494,0,0,0,75,0,0,0.0000,0,0,0,0,0,0,0,0,0,0,0,0,0,0,486494,-486494,-486494,0.0000,0.0000,0.0000,0
256,0,0,0,0,0,0,0,0,0,0,0,0,0,0,0,73,0,0,0.0000,0,0,0,0,0,0,0,0,0,0,0,0,0,0,0,0,0,0.0000,0.0000,0.0000,0
257,0,0,0,0,0,0,0,0,0,0,0,486991,0,0,0,80,0,-1,0.0000,0,0,0,0,0,0,0,0,0,0,0,0,0,0,486991,-486991,-486991,0.0000,0.0000,0.0000,0
258,0,0,0,0,0,0,0,0,0,0,0,376543,0,0,0,75,0,-1,0.0000,0,0,0,0,0,0,0,0,0,0,0,0,0,0,376543,-376543,-376543,0.0000,0.0000,0.0000,0
259,0,0,0,0,0,0,0,0,0,0,0,0,0,0,0,80,0,0,0.0000,0,0,0,0,0,0,0,0,0,0,0,0,0,0,0,0,0,0.0000,0.0000,0.0000,0
260,0,0,0,0,0,0,0,0,0,0,0,201827,0,0,0,68,0,0,0.0000,0,0,0,0,0,0,0,0,0,0,0,0,0,0,201827,-201827,-201827,0.0000,0.0000,0.0000,0
261,0,0,0,0,0,0,0,0,0,0,0,1423506,0,0,0,74,0,0,0.0000,0,0,0,0,0,0,0,0,0,0,0,0,0,0,1423506,-1423506,-1423506,0.0000,0.0000,0.0000,0
262,0,0,0,0,0,0,0,0,0,0,0,506074,0,0,0,71,0,0,0.0000,0,0,0,0,0,0,0,0,0,0,0,0,0,0,506074,-506074,-506074,0.0000,0.0000,0.0000,0
263,0,0,0,0,0,0,0,0,0,0,0,788889,0,0,0,67,0,0,0.0000,0,0,0,0,0,0,0,0,0,0,0,0,0,0,788889,-788889,-788889,0.0000,0.0000,0.0000,0
264,0,0,0,0,0,0,0,0,0,0,0,164173,0,0,0,83,0,0,0.0000,0,0,0,0,0,0,0,0,0,0,0,0,0,0,164173,-164173,-164173,0.0000,0.0000,0.0000,0
265,0,0,0,0,0,0,0,0,0,0,0,0,0,0,0,73,0,0,0.0000,0,0,0,0,0,0,0,0,0,0,0,0,0,0,0,0,0,0.0000,0.0000,0.0000,0
266,0,0,0,0,0,0,0,0,0,0,0,382568,0,0,0,81,0,-1,0.0000,0,0,0,0,0,0,0,0,0,0,0,0,0,0,382568,-382568,-382568,0.0000,0.0000,0.0000,0
267,0,0,0,0,0,0,0,0,0,0,0,570840,0,0,0,81,0,0,0.0000,0,0,0,0,0,0,0,0,0,0,0,0,0,0,570840,-570840,-570840,0.0000,0.0000,0.0000,0
268,0,0,0,0,0,0,0,0,0,0,0,0,0,0,0,82,0,0,0.0000,0,0,0,0,0,0,0,0,0,0,0,0,0,0,0,0,0,0.0000,0.0000,0.0000,0
269,0,0,0,0,0,0,0,0,0,0,0,1163654,0,0,0,72,0,0,0.0000,0,0,0,0,0,0,0,0,0,0,0,0,0,0,1163654,-1163654,-1163654,0.0000,0.0000,0.0000,0
270,0,0,0,0,0,0,0,0,0,0,0,0,0,0,0,80,0,0,0.0000,0,0,0,0,0,0,0,0,0,0,0,0,0,0,0,0,0,0.0000,0.0000,0.0000,0
271,0,0,0,0,0,0,0,0,0,0,0,0,0,0,0,73,0,0,0.0000,0,0,0,0,0,0,0,0,0,0,0,0,0,0,0,0,0,0.0000,0.0000,0.0000,0
272,0,0,0,0,0,0,0,0,0,0,0,0,0,0,0,76,0,0,0.0000,0,0,0,0,0,0,0,0,0,0,0,0,0,0,0,0,0,0.0000,0.0000,0.0000,0
273,0,0,0,0,0,0,0,0,0,0,0,1174568,0,0,0,82,0,0,0.0000,0,0,0,0,0,0,0,0,0,0,0,0,0,0,1174568,-1174568,-1174568,0.0000,0.0000,0.0000,0
274,0,0,0,0,0,0,0,0,0,0,0,0,0,0,0,72,0,0,0.0000,0,0,0,0,0,0,0,0,0,0,0,0,0,0,0,0,0,0.0000,0.0000,0.0000,0
275,0,0,0,0,0,0,0,0,0,0,0,2587555,0,0,0,72,0,0,0.0000,0,0,0,0,0,0,0,0,0,0,0,0,0,0,2587555,-2587555,-2587555,0.0000,0.0000,0.0000,0
276,0,0,0,0,0,0,0,0,0,0,0,0,0,0,0,80,0,0,0.0000,0,0,0,0,0,0,0,0,0,0,0,0,0,0,0,0,0,0.0000,0.0000,0.0000,0
277,0,0,0,0,0,0,0,0,0,0,0,1012148,0,0,0,70,0,0,0.0000,0,0,0,0,0,0,0,0,0,0,0,0,0,0,1012148,-1012148,-1012148,0.0000,0.0000,0.0000,0
278,0,0,0,0,0,0,0,0,0,0,0,0,0,0,0,81,0,0,0.0000,0,0,0,0,0,0,0,0,0,0,0,0,0,0,0,0,0,0.0000,0.0000,0.0000,0
279,0,0,0,0,0,0,0,0,0,0,0,957414,0,0,0,71,0,-1,0.0000,0,0,0,0,0,0,0,0,0,0,0,0,0,0,957414,-957414,-957414,0.0000,0.0000,0.0000,0
280,0,0,0,0,0,0,0,0,0,0,0,0,0,0,0,81,0,-3,0.0000,0,0,0,0,0,0,0,0,0,0,0,0,0,0,0,0,0,0.0000,0.0000,0.0000,0
281,0,0,0,0,0,0,0,0,0,0,0,0,0,0,0,75,0,0,0.0000,0,0,0,0,0,0,0,0,0,0,0,0,0,0,0,0,0,0.0000,0.0000,0.0000,0
282,0,0,0,0,0,0,0,0,0,0,0,2330642,0,0,0,75,0,0,0.0000,0,0,0,0,0,0,0,0,0,0,0,0,0,0,2330642,-2330642,-2330642,0.0000,0.0000,0.0000,0
283,0,0,0,0,0,0,0,0,0,0,0,0,0,0,0,74,0,0,0.0000,0,0,0,0,0,0,0,0,0,0,0,0,0,0,0,0,0,0.0000,0.0000,0.0000,0
284,0,0,0,0,0,0,0,0,0,0,0,388593,0,0,0,68,0,0,0.0000,0,0,0,0,0,0,0,0,0,0,0,0,0,0,388593,-388593,-388593,0.0000,0.0000,0.0000,0
285,0,0,0,0,0,0,0,0,0,0,0,2587555,0,0,0,77,0,0,0.0000,0,0,0,0,0,0,0,0,0,0,0,0,0,0,2587555,-2587555,-2587555,0.0000,0.0000,0.0000,0
286,0,0,0,0,0,0,0,0,0,0,0,1561654,0,0,0,72,0,0,0.0000,0,0,0,0,0,0,0,0,0,0,0,0,0,0,1561654,-1561654,-1561654,0.0000,0.0000,0.0000,0
287,0,0,0,0,0,0,0,0,0,0,0,0,0,0,0,73,0,0,0.0000,0,0,0,0,0,0,0,0,0,0,0,0,0,0,0,0,0,0.0000,0.0000,0.0000,0
288,0,0,0,0,0,0,0,0,0,0,0,430765,0,0,0,70,0,0,0.0000,0,0,0,0,0,0,0,0,0,0,0,0,0,0,430765,-430765,-430765,0.0000,0.0000,0.0000,0
289,0,0,0,0,0,0,0,0,0,0,0,700370,0,0,0,74,0,-1,0.0000,0,0,0,0,0,0,0,0,0,0,0,0,0,0,700370,-700370,-700370,0.0000,0.0000,0.0000,0
290,0,0,0,0,0,0,0,0,0,0,0,390099,0,0,0,73,0,0,0.0000,0,0,0,0,0,0,0,0,0,0,0,0,0,0,390099,-390099,-390099,0.0000,0.0000,0.0000,0
291,0,0,0,0,0,0,0,0,0,0,0,0,0,0,0,66,0,0,0.0000,0,0,0,0,0,0,0,0,0,0,0,0,0,0,0,0,0,0.0000,0.0000,0.0000,0
292,0,0,0,0,0,0,0,0,0,0,0,1657654,0,0,0,75,0,0,0.0000,0,0,0,0,0,0,0,0,0,0,0,0,0,0,1657654,-1657654,-1657654,0.0000,0.0000,0.0000,0
293,0,0,0,0,0,0,0,0,0,0,0,2982321,0,0,0,65,0,0,0.0000,0,0,0,0,0,0,0,0,0,0,0,0,0,0,2982321,-2982321,-2982321,0.0000,0.0000,0.0000,0
294,0,0,0,0,0,0,0,0,0,0,0,1300790,0,0,0,82,0,0,0.0000,0,0,0,0,0,0,0,0,0,0,0,0,0,0,1300790,-1300790,-1300790,0.0000,0.0000,0.0000,0
295,0,0,0,0,0,0,0,0,0,0,0,454864,0,0,0,81,0,0,0.0000,0,0,0,0,0,0,0,0,0,0,0,0,0,0,454864,-454864,-454864,0.0000,0.0000,0.0000,0
296,0,0,0,0,0,0,0,0,0,0,0,834469,0,0,0,77,0,-1,0.0000,0,0,0,0,0,0,0,0,0,0,0,0,0,0,834469,-834469,-834469,0.0000,0.0000,0.0000,0
297,0,0,0,0,0,0,0,0,0,0,0,0,0,0,0,80,0,0,0.0000,0,0,0,0,0,0,0,0,0,0,0,0,0,0,0,0,0,0.0000,0.0000,0.0000,0
298,0,0,0,0,0,0,0,0,0,0,0,536198,0,0,0,72,0,0,0.0000,0,0,0,0,0,0,0,0,0,0,0,0,0,0,536198,-536198,-536198,0.0000,0.0000,0.0000,0
299,0,0,0,0,0,0,0,0,0,0,0,1171062,0,0,0,86,0,0,0.0000,0,0,0,0,0,0,0,0,0,0,0,0,0,0,1171062,-1171062,-1171062,0.0000,0.0000,0.0000,0
300,0,0,0,0,0,0,0,0,0,0,0,0,0,0,0,73,0,0,0.0000,0,0,0,0,0,0,0,0,0,0,0,0,0,0,0,0,0,0.0000,0.0000,0.0000,0
301,0,0,0,0,0,0,0,0,0,0,0,1258716,0,0,0,73,0,0,0.0000,0,0,0,0,0,0,0,0,0,0,0,0,0,0,1258716,-1258716,-1258716,0.0000,0.0000,0.0000,0
302,0,0,0,0,0,0,0,0,0,0,0,0,0,0,0,78,0,0,0.0000,0,0,0,0,0,0,0,0,0,0,0,0,0,0,0,0,0,0.0000,0.0000,0.0000,0
303,0,0,0,0,0,0,0,0,0,0,0,1605827,0,0,0,72,0,-1,0.0000,0,0,0,0,0,0,0,0,0,0,0,0,0,0,1605827,-1605827,-1605827,0.0000,0.0000,0.0000,0
304,0,0,0,0,0,0,0,0,0,0,0,0,0,0,0,71,0,0,0.0000,0,0,0,0,0,0,0,0,0,0,0,0,0,0,0,0,0,0.0000,0.0000,0.0000,0
305,0,0,0,0,0,0,0,0,0,0,0,477457,0,0,0,76,0,0,0.0000,0,0,0,0,0,0,0,0,0,0,0,0,0,0,477457,-477457,-477457,0.0000,0.0000,0.0000,0
306,0,0,0,0,0,0,0,0,0,0,0,430765,0,0,0,64,0,0,0.0000,0,0,0,0,0,0,0,0,0,0,0,0,0,0,430765,-430765,-430765,0.0000,0.0000,0.0000,0
307,0,0,0,0,0,0,0,0,0,0,0,992568,0,0,0,76,0,0,0.0000,0,0,0,0,0,0,0,0,0,0,0,0,0,0,992568,-992568,-992568,0.0000,0.0000,0.0000,0
308,0,0,0,0,0,0,0,0,0,0,0,546741,0,0,0,81,0,0,0.0000,0,0,0,0,0,0,0,0,0,0,0,0,0,0,546741,-546741,-546741,0.0000,0.0000,0.0000,0
309,0,0,0,0,0,0,0,0,0,0,0,0,0,0,0,81,0,0,0.0000,0,0,0,0,0,0,0,0,0,0,0,0,0,0,0,0,0,0.0000,0.0000,0.0000,0
310,0,0,0,0,0,0,0,0,0,0,0,0,0,0,0,70,0,0,0.0000,0,0,0,0,0,0,0,0,0,0,0,0,0,0,0,0,0,0.0000,0.0000,0.0000,0
311,0,0,0,0,0,0,0,0,0,0,0,503062,0,0,0,78,0,0,0.0000,0,0,0,0,0,0,0,0,0,0,0,0,0,0,503062,-503062,-503062,0.0000,0.0000,0.0000,0
312,0,0,0,0,0,0,0,0,0,0,0,1093926,0,0,0,75,0,0,0.0000,0,0,0,0,0,0,0,0,0,0,0,0,0,0,1093926,-1093926,-1093926,0.0000,0.0000,0.0000,0
313,0,0,0,0,0,0,0,0,0,0,0,0,0,0,0,72,0,0,0.0000,0,0,0,0,0,0,0,0,0,0,0,0,0,0,0,0,0,0.0000,0.0000,0.0000,0
314,0,0,0,0,0,0,0,0,0,0,0,1727358,0,0,0,78,0,-1,0.0000,0,0,0,0,0,0,0,0,0,0,0,0,0,0,1727358,-1727358,-1727358,0.0000,0.0000,0.0000,0
315,0,0,0,0,0,0,0,0,0,0,0,2208321,0,0,0,74,0,0,0.0000,0,0,0,0,0,0,0,0,0,0,0,0,0,0,2208321,-2208321,-2208321,0.0000,0.0000,0.0000,0
316,0,0,0,0,0,0,0,0,0,0,0,0,0,0,0,72,0,0,0.0000,0,0,0,0,0,0,0,0,0,0,0,0,0,0,0,0,0,0.0000,0.0000,0.0000,0
317,0,0,0,0,0,0,0,0,0,0,0,0,0,0,0,81,0,-1,0.0000,0,0,0,0,0,0,0,0,0,0,0,0,0,0,0,0,0,0.0000,0.0000,0.0000,0
318,0,0,0,0,0,0,0,0,0,0,0,432272,0,0,0,70,0,0,0.0000,0,0,0,0,0,0,0,0,0,0,0,0,0,0,432272,-432272,-432272,0.0000,0.0000,0.0000,0
319,0,0,0,0,0,0,0,0,0,0,0,421728,0,0,0,73,0,0,0.0000,0,0,0,0,0,0,0,0,0,0,0,0,0,0,421728,-421728,-421728,0.0000,0.0000,0.0000,0
320,0,0,0,0,0,0,0,0,0,0,0,450346,0,0,0,81,0,0,0.0000,0,0,0,0,0,0,0,0,0,0,0,0,0,0,450346,-450346,-450346,0.0000,0.0000,0.0000,0
321,0,0,0,0,0,0,0,0,0,0,0,0,0,0,0,72,0,0,0.0000,0,0,0,0,0,0,0,0,0,0,0,0,0,0,0,0,0,0.0000,0.0000,0.0000,0
322,0,0,0,0,0,0,0,0,0,0,0,1248222,0,0,0,78,0,0,0.0000,0,0,0,0,0,0,0,0,0,0,0,0,0,0,1248222,-1248222,-1248222,0.0000,0.0000,0.0000,0
323,0,0,0,0,0,0,0,0,0,0,0,676543,0,0,0,70,0,0,0.0000,0,0,0,0,0,0,0,0,0,0,0,0,0,0,676543,-676543,-676543,0.0000,0.0000,0.0000,0
324,0,0,0,0,0,0,0,0,0,0,0,0,0,0,0,73,0,0,0.0000,0,0,0,0,0,0,0,0,0,0,0,0,0,0,0,0,0,0.0000,0.0000,0.0000,0
325,0,0,0,0,0,0,0,0,0,0,0,926864,0,0,0,74,0,-2,0.0000,0,0,0,0,0,0,0,0,0,0,0,0,0,0,926864,-926864,-926864,0.0000,0.0000,0.0000,0
326,0,0,0,0,0,0,0,0,0,0,0,0,0,0,0,83,0,0,0.0000,0,0,0,0,0,0,0,0,0,0,0,0,0,0,0,0,0,0.0000,0.0000,0.0000,0
327,0,0,0,0,0,0,0,0,0,0,0,0,0,0,0,80,0,-1,0.0000,0,0,0,0,0,0,0,0,0,0,0,0,0,0,0,0,0,0.0000,0.0000,0.0000,0
328,0,0,0,0,0,0,0,0,0,0,0,0,0,0,0,73,0,0,0.0000,0,0,0,0,0,0,0,0,0,0,0,0,0,0,0,0,0,0.0000,0.0000,0.0000,0
329,0,0,0,0,0,0,0,0,0,0,0,0,0,0,0,70,0,0,0.0000,0,0,0,0,0,0,0,0,0,0,0,0,0,0,0,0,0,0.0000,0.0000,0.0000,0
330,0,0,0,0,0,0,0,0,0,0,0,0,0,0,0,64,0,0,0.0000,0,0,0,0,0,0,0,0,0,0,0,0,0,0,0,0,0,0.0000,0.0000,0.0000,0
331,0,0,0,0,0,0,0,0,0,0,0,0,0,0,0,73,0,0,0.0000,0,0,0,0,0,0,0,0,0,0,0,0,0,0,0,0,0,0.0000,0.0000,0.0000,0
332,0,0,0,0,0,0,0,0,0,0,0,1664296,0,0,0,73,0,0,0.0000,0,0,0,0,0,0,0,0,0,0,0,0,0,0,1664296,-1664296,-1664296,0.0000,0.0000,0.0000,0
333,0,0,0,0,0,0,0,0,0,0,0,0,0,0,0,76,0,0,0.0000,0,0,0,0,0,0,0,0,0,0,0,0,0,0,0,0,0,0.0000,0.0000,0.0000,0
334,0,0,0,0,0,0,0,0,0,0,0,0,0,0,0,81,0,0,0.0000,0,0,0,0,0,0,0,0,0,0,0,0,0,0,0,0,0,0.0000,0.0000,0.0000,0
335,0,0,0,0,0,0,0,0,0,0,0,0,0,0,0,75,0,0,0.0000,0,0,0,0,0,0,0,0,0,0,0,0,0,0,0,0,0,0.0000,0.0000,0.0000,0
336,0,0,0,0,0,0,0,0,0,0,0,608672,0,0,0,59,0,0,0.0000,0,0,0,0,0,0,0,0,0,0,0,0,0,0,608672,-608672,-608672,0.0000,0.0000,0.0000,0
337,0,0,0,0,0,0,0,0,0,0,0,0,0,0,0,76,0,0,0.0000,0,0,0,0,0,0,0,0,0,0,0,0,0,0,0,0,0,0.0000,0.0000,0.0000,0
338,0,0,0,0,0,0,0,0,0,0,0,0,0,0,0,75,0,0,0.0000,0,0,0,0,0,0,0,0,0,0,0,0,0,0,0,0,0,0.0000,0.0000,0.0000,0
339,0,0,0,0,0,0,0,0,0,0,0,0,0,0,0,77,0,0,0.0000,0,0,0,0,0,0,0,0,0,0,0,0,0,0,0,0,0,0.0000,0.0000,0.0000,0
340,0,0,0,0,0,0,0,0,0,0,0,0,0,0,0,77,0,0,0.0000,0,0,0,0,0,0,0,0,0,0,0,0,0,0,0,0,0,0.0000,0.0000,0.0000,0
341,0,0,0,0,0,0,0,0,0,0,0,0,0,0,0,80,0,0,0.0000,0,0,0,0,0,0,0,0,0,0,0,0,0,0,0,0,0,0.0000,0.0000,0.0000,0
342,0,0,0,0,0,0,0,0,0,0,0,0,0,0,0,80,0,0,0.0000,0,0,0,0,0,0,0,0,0,0,0,0,0,0,0,0,0,0.0000,0.0000,0.0000,0
343,0,0,0,0,0,0,0,0,0,0,0,0,0,0,0,74,0,0,0.0000,0,0,0,0,0,0,0,0,0,0,0,0,0,0,0,0,0,0.0000,0.0000,0.0000,0
344,0,0,0,0,0,0,0,0,0,0,0,504691,0,0,0,67,0,0,0.0000,0,0,0,0,0,0,0,0,0,0,0,0,0,0,504691,-504691,-504691,0.0000,0.0000,0.0000,0
345,0,0,0,0,0,0,0,0,0,0,0,0,0,0,0,76,0,0,0.0000,0,0,0,0,0,0,0,0,0,0,0,0,0,0,0,0,0,0.0000,0.0000,0.0000,0
346,0,0,0,0,0,0,0,0,0,0,0,1450074,0,0,0,75,0,0,0.0000,0,0,0,0,0,0,0,0,0,0,0,0,0,0,1450074,-1450074,-1450074,0.0000,0.0000,0.0000,0
347,0,0,0,0,0,0,0,0,0,0,0,1288815,0,0,0,74,0,0,0.0000,0,0,0,0,0,0,0,0,0,0,0,0,0,0,1288815,-1288815,-1288815,0.0000,0.0000,0.0000,0
348,0,0,0,0,0,0,0,0,0,0,0,1004667,0,0,0,77,1,0,0.0000,0,0,0,0,0,0,0,0,0,0,0,0,0,0,1004667,-1004667,-1004667,0.0000,0.0000,0.0000,0
349,0,0,0,0,0,0,0,0,0,0,0,0,0,0,0,0,0,0,0.0000,0,0,0,0,0,0,0,0,0,0,0,0,0,0,0,0,0,0.0000,0.0000,0.0000,0
350,0,0,0,0,0,0,0,0,0,0,0,0,0,0,0,0,0,0,0.0000,0,0,0,0,0,0,0,0,0,0,0,0,0,0,0,0,0,0.0000,0.0000,0.0000,0
351,0,0,0,0,0,0,0,0,0,0,0,0,0,0,0,0,0,0,0.0000,0,0,0,0,0,0,0,0,0,0,0,0,0,0,0,0,0,0.0000,0.0000,0.0000,0
352,0,0,0,0,0,0,0,0,0,0,0,0,0,0,0,0,0,0,0.0000,0,0,0,0,0,0,0,0,0,0,0,0,0,0,0,0,0,0.0000,0.0000,0.0000,0
353,0,0,0,0,0,0,0,0,0,0,0,0,0,0,0,0,0,0,0.0000,0,0,0,0,0,0,0,0,0,0,0,0,0,0,0,0,0,0.0000,0.0000,0.0000,0
354,0,0,0,0,0,0,0,0,0,0,0,0,0,0,0,0,0,0,0.0000,0,0,0,0,0,0,0,0,0,0,0,0,0,0,0,0,0,0.0000,0.0000,0.0000,0
